tree
version=v4
num_class=1
num_tree_per_iteration=1
label_index=0
max_feature_idx=40
objective=regression
feature_names=duration_ms explicit danceability energy key loudness mode speechiness acousticness instrumentalness liveness valence tempo time_signature popularity has_feat has_remix has_live track_name_len track_words has_paren n_artists artist_name_len album_is_single album_name_len artist_mean genre_mean loudness_energy dance_valence speech_instrument liveness_explicit energy_valence dance_energy acoustic_instrument duration_min is_short_track is_long_track loudness_norm key_mode artist_vs_genre artist_rel_pop
feature_infos=[13386:5237295] [0:1] [0:0.98499999999999999] [1.95e-05:1] [0:11] [-49.307000000000002:4.532] [0:1] [0:0.96499999999999997] [0:0.996] [0:1] [0:1] [0:0.995] [0:222.60499999999999] [0:5] [0:100] [0:1] [0:1] [0:1] [1:191] [1:35] [0:1] [1:38] [2:513] [0:1] [1:215] [0:100] [2.2437722419928825:59.196597353497161] [-33.694191999999994:4.5274679999999998] [0:0.95843199999999995] [0:1.6760000000000002] [0:0.99199999999999999] [0:0.96805999999999992] [0:0.93863699999999994] [0:0.994008] [0.22309999999999999:87.288250000000005] [0:1] [0:1] [0.17821666666666663:1.0755333333333332] [0:23] [-57.533213644524238:87.758181818181811] [0:3.000823444228788]
tree_sizes=2559 2868 2706 2537 2631 2626 2631 2722 2719 2629 2722 2728 2740 2831 2986 2900 2898 2900 2985 2877 2908 2896 2886 2923 2910 2903 2992 2913 2999 2995 2754 2917 2910 2947 3016 2928 2954 3014 2923 2967 3025 2843 2947 2757 2945 2758 2945 2876 2757 2855 2690 2677 2941 2588 2870 2956 2663 2881 2691 2695 2496 2676 2876 2497 2867 2694 2674 2668 2522 2167 2424 2049 2502 2248 2780 2169 2600 2396 2363 1620 2464 1693 1617 2385 1622 1608 2198 1723 1613 3079 2224 2371 1612 2972 2316 1632 2295 1606 1604 1620 2293 1735 1766 1740 1485 1713 1876 1714 1845 1640 2429 1396 2250 2645 1127 887 2241 889 1137 1164 891 1153 1810 1135 2250 3082 1146 888 1143 1162 1820 893 875 1703 1170 1713 1620 1165 1148 1717 1180 1175 1720 1170 1153 1796 1169 1734 1630 1145 1747 1155 1603 1176 882 2067 1185 1168 1708 1145 1180 1131 1729 1173 1708 1624 883 2062 1162 1099 1426 1154 1088 1727 1523 1180 1149 1419 1726 1716 1085 1483 903 1146 1103 1172 1716 2248 1741 3079 1817 1540 1797 1715 1746 2867 1530 1341 1085 1157 1170 1330 1088 988 1727 1230 1262 1175 2968 1280 1430 1542 2363 996 1078 623 1070 353 441 346 345 802 719

Tree=0
num_leaves=28
num_cat=0
split_feature=14 14 14 14 14 14 14 14 14 14 14 14 14 14 14 14 14 14 14 14 14 14 14 14 14 14 14
split_gain=2.85545e+07 4.39832e+06 4.21393e+06 734690 590028 344689 194988 104907 103151 99457.2 69247.3 61450 46283.1 12155.8 9900.71 9652.01 9274.8 8914.2 8858.63 8614.64 7811.17 7486.78 7221.89 5989.16 4225.2 2139.94 1005.72
threshold=32.500000000000007 53.500000000000007 12.500000000000002 66.500000000000014 42.500000000000007 23.500000000000004 4.5000000000000009 59.500000000000007 75.500000000000014 47.500000000000007 37.500000000000007 18.500000000000004 27.500000000000004 50.500000000000007 8.5000000000000018 39.500000000000007 44.500000000000007 21.500000000000004 56.500000000000007 62.500000000000007 35.500000000000007 70.500000000000014 30.500000000000004 15.500000000000002 25.500000000000004 81.500000000000014 1.5000000000000002
decision_type=2 2 2 2 2 2 2 2 2 2 2 2 2 2 2 2 2 2 2 2 2 2 2 2 2 2 2
left_child=2 4 6 7 10 11 26 18 21 16 20 23 24 -11 -8 -12 -6 -13 -3 -9 -2 -5 -14 -4 -7 -10 -1
right_child=1 3 5 8 9 12 14 19 25 13 15 17 22 -15 -16 -17 -18 -19 -20 -21 -22 -23 -24 -25 -26 -27 -28
leaf_value=30.063006289057334 33.339877211171668 35.363990704706573 31.408797510358873 36.646576147269293 34.254315197612243 32.41779758439143 30.687204144219066 35.931740776418998 37.566680549044342 34.780358530204978 33.768700257166856 31.997180054032004 32.84940407154 35.067286121002155 31.086822935744717 34.010781971762327 34.490273132644568 32.224648621289326 35.647162682406595 36.269479778962989 33.57931509315317 37.074721317966606 33.098780735952431 31.711949642534954 32.6123518066413 38.243549337904625 30.325219610459083
leaf_weight=12727 2911 3108 1248 1954 3032 2384 1450 2325 1155 3463 2618 4231 2884 3074 1992 4050 4006 3158 2917 2680 2264 1713 1762 2500 2236 571 1387
leaf_count=12727 2911 3108 1248 1954 3032 2384 1450 2325 1155 3463 2618 4231 2884 3074 1992 4050 4006 3158 2917 2680 2264 1713 1762 2500 2236 571 1387
internal_value=33.2653 35.0068 31.3457 36.2395 34.2097 32.2911 30.248 35.7838 37.1665 34.6446 33.7106 31.9287 32.7273 34.9172 30.9131 33.9164 34.3898 32.0932 35.5039 36.1169 33.4449 36.8541 32.9436 31.6074 32.5107 37.8115 30.0872
internal_weight=79800 41841 37959 16423 25418 20403 17556 11030 5393 13575 11843 11137 9266 6537 3442 6668 7038 7389 6025 5005 5175 3667 4646 3748 4620 1726 14114
internal_count=79800 41841 37959 16423 25418 20403 17556 11030 5393 13575 11843 11137 9266 6537 3442 6668 7038 7389 6025 5005 5175 3667 4646 3748 4620 1726 14114
is_linear=0
shrinkage=1


Tree=1
num_leaves=31
num_cat=0
split_feature=25 25 25 25 25 25 25 25 26 25 25 25 26 24 25 25 24 12 24 24 25 25 24 25 25 24 25 24 25 25
split_gain=1.57698e+07 3.04736e+06 2.23858e+06 467763 370595 253209 218580 82697.7 82306.8 64454 52065.2 51391.7 49063.6 38378.5 32727.4 32002.4 13048.1 12608.7 11524.7 11463.1 11453.8 8666.11 7935.73 7876.89 6597.23 6095.8 5922.09 5002.08 4863.48 3559.1
threshold=31.691576086956527 50.090909090909101 14.055555555555557 62.083333333333336 40.654761904761912 22.550000000000004 6.3891891891891897 71.236111111111128 28.154592444336373 56.392307692307703 45.346666666666671 27.31481481481482 49.180509084086438 13.500000000000002 17.916666666666668 33.328759398496253 39.500000000000007 201.87900000000005 13.500000000000002 13.500000000000002 1.8166666666666669 53.033333333333339 11.500000000000002 43.207142857142863 66.050000000000011 9.5000000000000018 79.166666666666671 9.5000000000000018 47.675438596491233 59.775000000000006
decision_type=2 2 2 2 2 2 2 2 2 2 2 2 2 2 2 2 2 2 2 2 2 2 2 2 2 2 2 2 2 2
left_child=2 4 6 9 8 14 20 24 15 21 23 19 -10 25 18 -2 -15 -13 -4 -7 -1 -3 -16 -6 -5 -8 -9 -22 -12 -11
right_child=1 3 5 7 10 11 13 26 12 29 28 17 -14 16 22 -17 -18 -19 -20 -21 27 -23 -24 -25 -26 -27 -28 -29 -30 -31
leaf_value=-2.8230550193461728 -0.53102811713208753 1.6008323599652654 -1.1925694250526719 2.674116091700625 0.74929306682488661 -0.58855205244318509 -1.2760826294957919 3.5383771943644864 0.37011645469455468 2.1295151950358262 1.1370474968663116 -0.31852165894340595 1.4119452173742619 -2.1755959270214476 -0.92104803409451963 0.15801266982093962 -1.5494125107521426 -1.7379712793683506 -1.6121331418607818 -0.83687445684697015 -1.6732969212253868 1.8628010416009035 -1.1756730616568802 0.95891160931812536 3.027407218786538 -1.7240932631256065 4.3495183905153061 -2.5389790360250108 1.3358189294829588 2.392731441309127
leaf_weight=6379 1301 2892 1009 2196 4223 2967 674 990 11574 2487 3140 4818 432 4025 1745 1209 434 52 2319 4581 127 3170 4857 3117 1774 812 321 1767 2653 1755
leaf_count=6379 1301 2892 1009 2196 4223 2967 674 990 11574 2487 3140 4818 432 4025 1745 1209 434 52 2319 4581 127 3170 4857 3117 1774 812 321 1767 2653 1755
internal_value=0.000139461 1.24974 -1.47728 2.33038 0.640134 -0.873527 -2.4253 3.07185 0.303272 1.94838 1.01208 -0.581985 0.408476 -1.97233 -1.23739 -0.199663 -2.1174 -0.336373 -1.48795 -0.739956 -2.74868 1.73999 -1.10951 0.839213 2.83749 -1.52845 3.76101 -2.48788 1.22972 2.24251
internal_weight=79800 43234 36566 15585 27649 22348 14218 5281 14516 10304 13133 12418 12006 5945 9930 2510 4459 4870 3328 7548 8273 6062 6602 7340 3970 1486 1311 1894 5793 4242
internal_count=79800 43234 36566 15585 27649 22348 14218 5281 14516 10304 13133 12418 12006 5945 9930 2510 4459 4870 3328 7548 8273 6062 6602 7340 3970 1486 1311 1894 5793 4242
is_linear=0
shrinkage=0.0966648


Tree=2
num_leaves=29
num_cat=0
split_feature=14 14 14 14 14 14 14 14 14 14 14 14 14 14 14 14 14 14 25 14 14 14 14 14 14 14 14 14
split_gain=2.00867e+07 3.18638e+06 3.01286e+06 513978 470586 242291 147300 74962.3 69742.3 68100.9 66882.8 43039.6 31881.7 10596.3 8202.54 7186.07 6776.12 6724.3 6290.62 5838.22 5736.54 5626.12 3780.3 3133.17 3115.31 2720.37 2331.93 2239.41
threshold=32.500000000000007 54.500000000000007 12.500000000000002 67.500000000000014 43.500000000000007 23.500000000000004 5.5000000000000009 60.500000000000007 48.500000000000007 75.500000000000014 38.500000000000007 19.500000000000004 28.500000000000004 35.500000000000007 51.500000000000007 16.500000000000004 45.500000000000007 41.500000000000007 17.916666666666668 57.500000000000007 63.500000000000007 26.500000000000004 9.5000000000000018 21.500000000000004 2.5000000000000004 80.500000000000014 30.500000000000004 71.500000000000014
decision_type=2 2 2 2 2 2 2 2 2 2 2 2 2 2 2 2 2 2 2 2 2 2 2 2 2 2 2 2
left_child=2 4 6 7 10 11 18 19 16 27 13 15 21 -2 -10 -4 -6 -12 24 -3 -9 -7 -8 -13 -1 -11 -14 -5
right_child=1 3 5 9 8 12 22 20 14 25 17 23 26 -15 -16 -17 -18 -19 -20 -21 -22 -23 -24 -25 -26 -27 -28 -29
leaf_value=-2.6403133354922339 0.051734535841770658 1.8328815017184936 -1.4893597778562544 2.945565879293746 0.89274702936946104 -0.66362926831596059 -2.0631104693876905 2.317812552563125 1.3413553003516878 3.6584941108220419 0.54085609827691983 -1.0194851038024617 -0.2954079359589537 0.29974364315816882 1.5831176580076063 -1.22607555400712 1.0984752449571729 0.74120875338925307 -2.8285586347587843 2.0714516270943268 2.6099939352339678 -0.46014743791051715 -1.7734301673930193 -0.8680592362508508 -2.3198919399006974 4.2404971588103786 -0.13888679836175619 3.2982931034113236
leaf_weight=10418 2911 3104 1912 1800 3002 3530 1388 2187 3340 1039 4020 3120 1842 3604 3015 2947 3791 2756 3275 2766 2526 2132 1625 3158 850 687 1762 1293
leaf_count=10418 2911 3104 1912 1800 3002 3530 1388 2187 3340 1039 4020 3120 1842 3604 3015 2947 3791 2756 3275 2766 2526 2132 1625 3158 850 687 1762 1293
internal_value=0.000172376 1.4608 -1.60981 2.56575 0.816567 -0.810487 -2.53799 2.18572 1.22648 3.39554 0.410595 -1.11427 -0.444744 0.18912 1.45782 -1.33185 1.00866 0.623088 -2.66666 1.94784 2.47838 -0.587732 -1.91175 -0.94446 -2.61773 3.90779 -0.21934 3.10077
internal_weight=79800 41841 37959 15402 26439 20403 17556 10583 13148 4819 13291 11137 9266 6515 6355 4859 6793 6776 14543 5870 4713 5662 3013 6278 11268 1726 3604 3093
internal_count=79800 41841 37959 15402 26439 20403 17556 10583 13148 4819 13291 11137 9266 6515 6355 4859 6793 6776 14543 5870 4713 5662 3013 6278 11268 1726 3604 3093
is_linear=0
shrinkage=0.0966648


Tree=3
num_leaves=27
num_cat=0
split_feature=14 14 14 14 14 14 14 14 14 14 14 14 14 14 14 14 14 14 14 14 14 14 14 14 14 14
split_gain=1.64013e+07 2.60315e+06 2.46046e+06 420640 384198 218522 88118.6 74259.3 56945.4 54605.1 45921.2 44965.5 26024.9 8650.49 8233.37 6699.41 6214.85 5707.72 5687.79 5621.09 4909.35 3923.26 3840.91 3305.06 1904.5 7.26318
threshold=32.500000000000007 54.500000000000007 11.500000000000002 68.500000000000014 43.500000000000007 23.500000000000004 4.5000000000000009 61.500000000000007 48.500000000000007 38.500000000000007 18.500000000000004 77.500000000000014 28.500000000000004 35.500000000000007 58.500000000000007 51.500000000000007 14.500000000000002 40.500000000000007 46.500000000000007 20.500000000000004 25.500000000000004 72.500000000000014 64.500000000000014 7.5000000000000009 30.500000000000004 1.5000000000000002
decision_type=2 2 2 2 2 2 2 2 2 2 2 2 2 2 2 2 2 2 2 2 2 2 2 2 2 2
left_child=2 4 6 7 9 10 25 14 18 13 16 21 20 -2 -3 -10 -4 -11 -6 -12 -7 -5 -9 -8 -14 -1
right_child=1 3 5 11 8 12 23 22 15 17 19 -13 24 -15 -16 -17 -18 -19 -20 -21 -22 -23 -24 -25 -26 -27
leaf_value=-2.4365464904203096 0.04674670127058532 1.6890227900544401 -1.465233833181546 2.7356662670374154 0.8397024380362984 -0.63815008726361877 -1.995730458389509 2.1683565864303702 1.2119889597131321 0.44827760981559595 -1.0023471489843903 3.6645860067288876 -0.26697018387783089 0.27083019281911669 1.9435395115717533 1.4304721836663743 -1.1922672958941105 0.63431779182767223 1.034004188320399 -0.816313258930213 -0.45188336845950544 3.0960789629424013 2.4296796955358921 -1.7083426601503393 -0.12551921821225911 -2.2479668844890281
leaf_weight=12727 2911 4074 1399 1641 4325 2384 1073 2129 3340 2619 2600 1211 1842 3604 2528 3015 2898 4157 2468 4789 3278 1471 2348 1820 1762 1387
leaf_count=12727 2911 4074 1399 1641 4325 2384 1073 2129 3340 2619 2600 1211 1842 3604 2528 3015 2898 4157 2468 4789 3278 1471 2348 1820 1762 1387
internal_value=0.000264198 1.32012 -1.45454 2.31883 0.737816 -0.752947 -2.31815 2.00047 1.1082 0.370996 -1.03087 3.12976 -0.401877 0.170878 1.78861 1.31723 -1.28358 0.562996 0.911376 -0.88274 -0.531065 2.91318 2.30931 -1.8199 -0.198226 -2.41924
internal_weight=79800 41841 37959 15402 26439 20952 17007 11079 13148 13291 11686 4323 9266 6515 6602 6355 4297 6776 6793 7389 5662 3112 4477 2893 3604 14114
internal_count=79800 41841 37959 15402 26439 20952 17007 11079 13148 13291 11686 4323 9266 6515 6602 6355 4297 6776 6793 7389 5662 3112 4477 2893 3604 14114
is_linear=0
shrinkage=0.0966648


Tree=4
num_leaves=28
num_cat=0
split_feature=14 14 14 14 14 14 14 14 14 14 14 14 14 14 40 14 14 14 14 14 14 14 14 14 14 14 14
split_gain=1.33938e+07 2.12488e+06 2.02416e+06 344990 278855 190059 97862.4 50248.4 46417.7 46391.7 36530.7 34073.5 19709.9 7627.5 6095.88 5907.64 5044.24 4942.79 4561.23 4201.15 3943.15 3796.32 3199.98 2705.53 2523.48 2022.83 1129.61
threshold=33.500000000000007 12.500000000000002 54.500000000000007 67.500000000000014 44.500000000000007 24.500000000000004 5.5000000000000009 60.500000000000007 39.500000000000007 74.500000000000014 19.500000000000004 49.500000000000007 29.500000000000004 36.500000000000007 0.52621582539869116 81.500000000000014 16.500000000000004 41.500000000000007 22.500000000000004 57.500000000000007 46.500000000000007 63.500000000000007 26.500000000000004 9.5000000000000018 52.500000000000007 1.5000000000000002 31.500000000000004
decision_type=2 2 2 2 2 2 2 2 2 2 2 2 2 2 2 2 2 2 2 2 2 2 2 2 2 2 2
left_child=1 6 4 7 8 10 14 19 13 -5 16 20 22 -2 25 -11 -3 -10 -12 -4 -6 -9 -7 -8 -13 -1 -14
right_child=2 5 3 9 11 12 23 21 17 15 18 24 26 -15 -16 -17 -18 -19 -20 -21 -22 -23 -24 -25 -26 -27 -28
leaf_value=-2.1564003071588398 0.10854072459883786 -1.2194874368496964 1.4932720432915076 2.5006786280715327 0.79529149724178827 -0.50052659976581504 -1.6877178136675985 1.8929139752024162 0.47008948528966232 2.9754278040316327 -0.80456928407549766 1.1627127891432283 -0.17496337787052083 0.3134972698226276 -2.3227312959824911 3.5372553337309087 -0.99981374378295695 0.64013591537048598 -0.64112797434221092 1.693015021729859 0.96092197159376802 2.1310217584518325 -0.3460904980225683 -1.4463404819430188 1.3319010656552208 -1.9447608223855128 -0.065868426160857307
leaf_weight=9873 3078 1912 3104 2807 2741 2266 1388 2187 2742 1441 4782 3248 1721 3806 3317 571 2947 4340 2760 2766 3618 2526 3072 1625 1957 1353 1852
leaf_count=9873 3078 1912 3104 2807 2741 2266 1388 2187 2742 1441 4782 3248 1721 3806 3317 571 2947 4340 2760 2766 3618 2526 3072 1625 1957 1353 1852
internal_value=0.000324567 -1.2847 1.22056 2.09553 0.692237 -0.63565 -2.07199 1.7842 0.401193 2.77534 -0.880278 1.04324 -0.294752 0.222078 -2.17688 3.14763 -1.08803 0.574874 -0.745466 1.58947 0.890567 2.02377 -0.41227 -1.56152 1.22818 -2.13223 -0.118677
internal_weight=79800 38868 40932 15402 25530 21312 17556 10583 13966 4819 12401 11564 8911 6884 14543 2012 4859 7082 7542 5870 6359 4713 5338 3013 5205 11226 3573
internal_count=79800 38868 40932 15402 25530 21312 17556 10583 13966 4819 12401 11564 8911 6884 14543 2012 4859 7082 7542 5870 6359 4713 5338 3013 5205 11226 3573
is_linear=0
shrinkage=0.0966648


Tree=5
num_leaves=28
num_cat=0
split_feature=14 14 14 14 14 14 14 14 14 14 14 14 14 14 25 14 14 14 14 14 14 14 14 14 14 14 14
split_gain=1.0936e+07 1.73604e+06 1.65469e+06 259162 254939 143006 98650.7 38906.3 37894.2 35909.3 31291.4 23496.7 16144.5 6226.48 5150.33 4657.93 4238.99 4155 4030.77 3650.4 3216.5 2850.08 2804.56 2057 1810.7 1391.84 1386.27
threshold=33.500000000000007 13.500000000000002 55.500000000000007 44.500000000000007 68.500000000000014 24.500000000000004 5.5000000000000009 61.500000000000007 39.500000000000007 49.500000000000007 78.500000000000014 20.500000000000004 28.500000000000004 36.500000000000007 14.055555555555557 17.500000000000004 72.500000000000014 42.500000000000007 52.500000000000007 10.500000000000002 46.500000000000007 58.500000000000007 65.500000000000014 30.500000000000004 22.500000000000004 2.5000000000000004 26.500000000000004
decision_type=2 2 2 2 2 2 2 2 2 2 2 2 2 2 2 2 2 2 2 2 2 2 2 2 2 2 2
left_child=1 6 3 8 7 11 14 21 13 20 16 15 26 -2 25 -3 -6 -10 -11 -8 -5 -4 -9 -14 -13 -1 -7
right_child=2 5 4 9 10 12 19 22 17 18 -12 24 23 -15 -16 -17 -18 -19 -20 -21 -22 -23 -24 -25 -26 -27 -28
leaf_value=-1.9368028036427172 0.098074597654967718 -1.0326845569495389 1.4107899069137382 0.71862819080566875 2.2318385740613538 -0.45230565749834933 -1.4903051711542092 1.7971215121600512 0.45317269112451125 1.0505827704786317 3.0536195009050271 -0.69478852587108575 -0.2160201864614936 0.28325374735791425 -2.0836940237818138 -0.84329484670999189 2.5495419117830918 0.60654961285550868 1.2259215312993419 -1.25304960049868 0.86823010287816038 1.5874920668732002 2.0220127201604492 -0.082982463285659253 -0.57932430643659971 -1.6979753837667397 -0.33896506317919961
leaf_weight=9746 3078 2247 3100 2741 1641 2266 1915 2799 4050 3248 1036 3293 1842 3806 4026 3631 1646 3032 2931 1568 3618 2528 1678 2671 2760 771 2132
leaf_count=9746 3078 2247 3100 2741 1641 2266 1915 2799 4050 3248 1036 3293 1842 3806 4026 3631 1646 3032 2931 1568 3618 2528 1678 2671 2760 771 2132
internal_value=0.000364325 -1.16079 1.10297 0.649198 1.93577 -0.559666 -1.85528 1.66739 0.362493 0.968143 2.55906 -0.778427 -0.266349 0.200656 -1.96677 -0.916938 2.39647 0.51942 1.13516 -1.38647 0.804684 1.4922 1.88471 -0.137555 -0.642936 -1.92054 -0.398044
internal_weight=79800 38868 40932 26504 14428 20842 18026 10105 13966 12538 4323 11931 8911 6884 14543 5878 3287 7082 6179 3483 6359 5628 4477 4513 6053 10517 4398
internal_count=79800 38868 40932 26504 14428 20842 18026 10105 13966 12538 4323 11931 8911 6884 14543 5878 3287 7082 6179 3483 6359 5628 4477 4513 6053 10517 4398
is_linear=0
shrinkage=0.0966648


Tree=6
num_leaves=28
num_cat=0
split_feature=14 14 14 14 14 14 14 14 14 14 14 14 14 14 40 14 14 14 14 14 14 14 14 14 40 14 40
split_gain=8.92927e+06 1.41994e+06 1.3391e+06 257072 183894 119249 48541.8 48254 31517.5 26873.5 23096 21057.1 19448.7 7788.04 4217.12 3910.47 3127.42 3069.76 3025.04 2935.64 2920.99 2917.43 2881.17 2300.78 2138.63 1714.92 1471.03
threshold=32.500000000000007 53.500000000000007 11.500000000000002 65.500000000000014 42.500000000000007 22.500000000000004 73.500000000000014 3.5000000000000004 47.500000000000007 59.500000000000007 37.500000000000007 27.500000000000004 17.500000000000004 83.500000000000014 0.4155715517045816 50.500000000000007 34.500000000000007 56.500000000000007 7.5000000000000009 20.500000000000004 45.500000000000007 24.500000000000004 40.500000000000007 29.500000000000004 1.5031397434273295 14.500000000000002 1.3907387700455565
decision_type=2 2 2 2 2 2 2 2 2 2 2 2 2 2 2 2 2 2 2 2 2 2 2 2 2 2 2
left_child=2 4 7 9 10 12 24 14 20 17 16 21 25 -8 -1 -10 -2 -3 -9 -14 -6 -7 -12 -13 -5 -4 -11
right_child=1 3 5 6 8 11 13 18 15 26 22 23 19 -15 -16 -17 -18 -19 -20 -21 -22 -23 -24 -25 -26 -27 -28
leaf_value=-1.7459711760515677 -0.0097876813808585213 1.1641823422300317 -1.0838506260417442 2.1412618359603122 0.57012445117560062 -0.52347841613391133 2.4293083193142753 -1.4919216862797671 0.84022267050605981 1.7331912061005923 0.30768281543735831 -0.2539616935984283 -0.76194884610785074 3.0684514340082312 -1.8972209554398285 1.0024470626925235 0.14619588871290176 1.3280278833769597 -1.2586010737107169 -0.62778217951951198 0.70587690563729177 -0.38576882869133566 0.43926981494417766 -0.11591370102235567 1.8757198344059034 -0.91298084906043786 1.5215495959917777
leaf_weight=9975 1889 3108 1399 921 4450 2760 2018 1348 3463 907 3959 1982 3631 341 3864 3074 3286 2917 1820 3293 2588 3356 2709 2664 2721 1867 3490
leaf_count=9975 1889 3108 1399 921 4450 2760 2018 1348 3463 907 3959 1982 3631 341 3864 3074 3286 2917 1820 3293 2588 3356 2709 2664 2721 1867 3490
internal_value=0.000396147 0.97425 -1.07303 1.67464 0.521349 -0.555446 2.17973 -1.71014 0.764128 1.38243 0.242751 -0.330684 -0.7924 2.53129 -1.78922 0.917588 0.0893275 1.24509 -1.36123 -0.698902 0.620753 -0.448489 0.361583 -0.175125 1.94721 -0.988529 1.56813
internal_weight=79800 41841 37959 16423 25418 20952 6001 17007 13575 10422 11843 10762 10190 2359 13839 6537 5175 6025 3168 6924 7038 6116 6668 4646 3642 3266 4397
internal_count=79800 41841 37959 16423 25418 20952 6001 17007 13575 10422 11843 10762 10190 2359 13839 6537 5175 6025 3168 6924 7038 6116 6668 4646 3642 3266 4397
is_linear=0
shrinkage=0.0966648


Tree=7
num_leaves=29
num_cat=0
split_feature=14 14 14 14 14 14 14 14 14 14 14 14 14 14 14 40 14 14 40 14 14 14 40 14 14 14 14 14
split_gain=7.29171e+06 1.15694e+06 1.1055e+06 173801 172953 95122.7 65666.6 30861.9 25570.8 23904.2 17686.4 16206.3 10802.5 4708.96 4416.24 3717.47 2710.07 2657.2 2465.35 2404.64 2294.96 2052.43 1744.2 1497.76 1389.97 1273.94 1005.4 87.5764
threshold=33.500000000000007 13.500000000000002 55.500000000000007 69.500000000000014 44.500000000000007 24.500000000000004 6.5000000000000009 61.500000000000007 38.500000000000007 49.500000000000007 78.500000000000014 19.500000000000004 28.500000000000004 41.500000000000007 2.5000000000000004 0.67668568667359186 64.500000000000014 52.500000000000007 1.3817427950017105 21.500000000000004 36.500000000000007 46.500000000000007 1.3607734045096149 31.500000000000004 10.500000000000002 16.500000000000004 26.500000000000004 84.500000000000014
decision_type=2 2 2 2 2 2 2 2 2 2 2 2 2 2 2 2 2 2 2 2 2 2 2 2 2 2 2 2
left_child=1 6 4 7 8 11 14 22 20 21 18 25 26 -10 15 -1 -9 -11 -5 -13 -2 -6 -4 -14 -8 -3 -7 -12
right_child=2 5 3 10 9 12 24 16 13 17 27 19 23 -15 -16 -17 -18 -19 -20 -21 -22 -23 -24 -25 -26 -27 -28 -29
leaf_value=-1.5906355913253396 0.079309455444450866 -0.87027560634151568 1.3572633462368648 2.2171140202252539 0.58808071361789716 -0.37156520626113931 -1.1898714708792271 1.4458486944515565 0.32599398505309735 0.85793866338818425 2.3592552035109327 -0.61577294607959776 -0.15878737902637977 0.47308851758787457 -1.4028213588743537 -1.7601969296806705 1.6358277064270887 1.0004621825680435 1.9077738761560574 -0.49955712669527857 0.20383927763284895 0.70796142479872637 1.1807664821618225 -0.045394516919062586 -1.0223616951161978 -0.73968105667655537 -0.27536353711801598 2.8439466647090783
leaf_weight=11153 3078 1442 1092 752 2741 2266 1605 2129 4020 3248 762 3120 2661 4340 1411 2289 2797 2931 2086 4422 2528 3618 4536 1852 1568 2947 2132 274
leaf_count=11153 3078 1442 1092 752 2741 2266 1605 2129 4020 3248 762 3120 2661 4340 1411 2289 2797 2931 2086 4422 2528 3618 4536 1852 1568 2947 2132 274
internal_value=0.000433679 -0.947708 0.900774 1.58148 0.52987 -0.456985 -1.51466 1.37617 0.295655 0.790422 2.137 -0.635402 -0.217762 0.402718 -1.60054 -1.62049 1.55608 0.926695 1.99547 -0.548207 0.135666 0.657054 1.2168 -0.11241 -1.10974 -0.784024 -0.325488 2.5073
internal_weight=79800 38868 40932 14428 26504 20842 18026 10554 13966 12538 3874 11931 8911 8360 14853 13442 4926 6179 2838 7542 5606 6359 5628 4513 3173 4389 4398 1036
internal_count=79800 38868 40932 14428 26504 20842 18026 10554 13966 12538 3874 11931 8911 8360 14853 13442 4926 6179 2838 7542 5606 6359 5628 4513 3173 4389 4398 1036
is_linear=0
shrinkage=0.0966648


Tree=8
num_leaves=29
num_cat=0
split_feature=14 14 14 14 14 14 14 14 14 14 14 14 14 14 25 14 14 14 14 25 14 14 14 14 14 14 14 14
split_gain=5.95403e+06 944391 903571 157639 124677 77661.8 53677.9 26965.9 20857.7 18546.7 15233.7 13244.8 9003.37 3736.81 3139.46 2743.66 2512.39 2152.14 2087.5 2032.91 1992.07 1907.65 1874.06 1847.57 1481.78 1132.73 875.556 548.374
threshold=33.500000000000007 13.500000000000002 54.500000000000007 68.500000000000014 43.500000000000007 24.500000000000004 4.5000000000000009 60.500000000000007 48.500000000000007 76.500000000000014 38.500000000000007 19.500000000000004 29.500000000000004 9.5000000000000018 19.690476190476193 63.500000000000007 51.500000000000007 57.500000000000007 22.500000000000004 53.033333333333339 40.500000000000007 45.500000000000007 36.500000000000007 84.500000000000014 27.500000000000004 17.500000000000004 1.0000000180025095e-35 31.500000000000004
decision_type=2 2 2 2 2 2 2 2 2 2 2 2 2 2 2 2 2 2 2 2 2 2 2 2 2 2 2 2
left_child=1 6 4 7 10 11 14 17 21 19 22 25 24 -8 26 -9 -10 -4 -13 -5 -12 -6 -2 -11 -7 -3 -1 -14
right_child=2 5 3 9 8 12 13 15 16 23 20 18 27 -15 -16 -17 -18 -19 -20 -21 -22 -23 -24 -25 -26 -27 -28 -29
leaf_value=-1.4486357067093194 0.071661978250317074 -0.76312675429147903 0.99066417656918337 1.9189085551390124 0.4875050931185862 -0.31574082382490615 -1.1576286021535147 1.2617630182033333 0.73053824358915398 2.0896808105984834 0.27036348013261291 -0.53525201439708314 -0.11699203647595387 -0.9471811476109514 -1.5669004504286099 1.438739533644918 0.86399394592821366 1.130408908432553 -0.42485950364869063 1.6559628736516716 0.38035175607554561 0.59697774692748851 0.18419448483552531 2.5764851397162878 -0.20831474256697649 -0.64870273771372011 -1.3319174326292993 -0.041024467225215903
leaf_weight=9030 3078 2247 3104 860 3002 3356 1817 2187 3340 1168 2619 4782 1721 2095 2936 3022 3015 2766 2760 2021 4157 3791 2528 274 1982 2142 2148 1852
leaf_count=9030 3078 2247 3104 860 3002 3356 1817 2187 3340 1168 2619 4782 1721 2095 2936 3022 3015 2766 2760 2021 4157 3791 2528 274 1982 2142 2148 1852
internal_value=0.000471632 -0.856298 0.814047 1.39863 0.461059 -0.412937 -1.36853 1.20378 0.668308 1.895 0.240713 -0.574149 -0.196783 -1.04699 -1.45704 1.36639 0.794814 1.0579 -0.495324 1.73932 0.338192 0.5492 0.122589 2.19525 -0.276208 -0.708506 -1.42713 -0.0777869
internal_weight=79800 38868 40932 15402 25530 20842 18026 11079 13148 4323 12382 11931 8911 3912 14114 5209 6355 5870 7542 2881 6776 6793 5606 1442 5338 4389 11178 3573
internal_count=79800 38868 40932 15402 25530 20842 18026 11079 13148 4323 12382 11931 8911 3912 14114 5209 6355 5870 7542 2881 6776 6793 5606 1442 5338 4389 11178 3573
is_linear=0
shrinkage=0.0966648


Tree=9
num_leaves=28
num_cat=0
split_feature=14 14 14 14 14 14 14 14 14 14 14 14 14 25 14 14 25 25 14 14 14 14 14 14 14 14 14
split_gain=4.86166e+06 770999 738930 117378 115273 75570.2 26094.5 20505.8 17121 15984.3 14017.7 12329 10358 2829.72 2710.26 2701.72 2438.42 2428.16 1997.45 1888.57 1760.74 1716.04 1667.29 1582.38 1487.54 1003.39 452.666
threshold=33.500000000000007 11.500000000000002 55.500000000000007 69.500000000000014 44.500000000000007 23.500000000000004 3.5000000000000004 62.500000000000007 39.500000000000007 49.500000000000007 18.500000000000004 79.500000000000014 28.500000000000004 26.97727272727273 36.500000000000007 58.500000000000007 45.839743589743598 50.090909090909101 15.500000000000002 42.500000000000007 52.500000000000007 7.5000000000000009 20.500000000000004 25.500000000000004 47.500000000000007 30.500000000000004 1.0000000180025095e-35
decision_type=2 2 2 2 2 2 2 2 2 2 2 2 2 2 2 2 2 2 2 2 2 2 2 2 2 2 2
left_child=1 6 4 7 8 10 13 15 14 24 18 16 23 26 -2 -4 -5 -9 -3 -10 -11 -8 -12 -7 -6 -14 -1
right_child=2 5 3 11 9 12 21 17 19 20 22 -13 25 -15 -16 -17 -18 -19 -20 -21 -22 -23 -24 -25 -26 -27 -28
leaf_value=-1.3148037874906666 0.06475191526666009 -0.78473261492303115 0.93547444569639981 1.8378814094472706 0.49690543838054385 -0.34862987247766569 -1.1029025780494102 1.4547183596542006 0.30205069940475587 0.70055635506307001 -0.54472169552489269 2.0987122802384981 -0.146249955043147 -1.4554257014801388 0.18692548126631664 1.0795236628260567 1.5680086138977039 1.2390005722209421 -0.63860895514048388 0.40540388788131798 0.81664437663472456 -0.92831389097874439 -0.44342834015479615 -0.24308872882880905 0.60094738475924392 -0.053365727886868844 -1.2161612030504287
leaf_weight=9867 3078 1797 3100 806 4006 2384 1348 989 4050 3248 2600 855 1842 1845 3806 3255 2213 3210 2500 3032 2931 1820 4789 3278 2353 2671 2127
leaf_count=9867 3078 1797 3100 806 4006 2384 1348 989 4050 3248 2600 855 1842 1845 3806 3255 2213 3210 2500 3032 2931 1820 4789 3278 2353 2671 2127
internal_value=0.000492041 -0.773705 0.735657 1.29218 0.432419 -0.393755 -1.2617 1.12347 0.241208 0.645131 -0.561412 1.74868 -0.200925 -1.31986 0.132431 1.01046 1.64451 1.29236 -0.701 0.346688 0.756562 -1.00507 -0.479596 -0.287936 0.536078 -0.0914597 -1.29809
internal_weight=79800 38868 40932 14428 26504 21861 17007 10554 13966 12538 11686 3874 10175 13839 6884 6355 3019 4199 4297 7082 6179 3168 7389 5662 6359 4513 11994
internal_count=79800 38868 40932 14428 26504 21861 17007 10554 13966 12538 11686 3874 10175 13839 6884 6355 3019 4199 4297 7082 6179 3168 7389 5662 6359 4513 11994
is_linear=0
shrinkage=0.0966648


Tree=10
num_leaves=29
num_cat=0
split_feature=14 14 14 14 14 14 14 14 14 14 14 14 14 14 40 14 40 40 14 40 14 14 14 14 14 14 40 14
split_gain=3.97016e+06 666257 559491 118393 92804.6 45559.2 21252.3 19909.6 15350 13999.9 13454.6 8625.47 6713.44 3381.1 2507.48 2391.06 2093.94 2089.53 1804.5 1664.23 1480.81 1311.74 1275.49 1270.93 968.059 780.049 614.07 42.9615
threshold=31.500000000000004 53.500000000000007 11.500000000000002 66.500000000000014 42.500000000000007 22.500000000000004 3.5000000000000004 74.500000000000014 59.500000000000007 47.500000000000007 37.500000000000007 17.500000000000004 26.500000000000004 85.500000000000014 0.4155715517045816 34.500000000000007 1.4396450473687614 1.2830306428509159 50.500000000000007 1.6362468684462399 8.5000000000000018 20.500000000000004 45.500000000000007 40.500000000000007 29.500000000000004 14.500000000000002 0.95100824506299586 1.0000000180025095e-35
decision_type=2 2 2 2 2 2 2 2 2 2 2 2 2 2 2 2 2 2 2 2 2 2 2 2 2 2 2 2
left_child=2 4 6 8 10 11 14 19 17 22 15 25 26 -9 27 -2 -10 -3 -11 -5 -8 -13 -6 -12 -14 -4 -7 -1
right_child=1 3 5 7 9 12 20 13 16 18 23 21 24 -15 -16 -17 -18 -19 -20 -21 -22 -23 -24 -25 -26 -27 -28 -29
leaf_value=-1.174996245554051 -0.022314392622450271 0.96610072897243116 -0.72362930629580446 1.4791181309955981 0.38030493623400891 -0.30077126883105471 -0.97895411646969643 1.6760010717912706 1.2002180753312748 0.55923078681909888 0.20546826506652136 -0.50879588280425736 -0.18720607368945127 2.2125707431007595 -1.2716992827869431 0.098766730333351455 1.0204621494847121 0.79760525140016869 0.66912413559189976 1.2754273002804801 -0.81933080043741957 -0.41912351855878671 0.47008760647747017 0.29287836042784787 -0.095912064034219993 -0.60877933850420474 -0.40845841588341192 -1.0888526857444176
leaf_weight=8240 2832 1049 1399 987 4450 4392 1725 1808 1115 3463 3959 3631 3072 204 3864 3286 3890 4976 3074 2394 1443 3293 2588 2709 1721 1867 634 1735
leaf_count=8240 2832 1049 1399 987 4450 4392 1725 1808 1115 3463 3959 3631 3072 204 3864 3286 3890 4976 3074 2394 1443 3293 2588 2709 1721 1867 634 1735
internal_value=0.000486692 0.634633 -0.732455 1.1178 0.333385 -0.385754 -1.14 1.48974 0.935035 0.50935 0.146369 -0.528927 -0.236875 1.73856 -1.19249 0.0427607 1.06227 0.828126 0.611628 1.33809 -0.90839 -0.466657 0.413793 0.241274 -0.15463 -0.659548 -0.314954 -1.16086
internal_weight=79800 42784 37016 16423 26361 20009 17007 5393 11030 13575 12786 10190 9819 2012 13839 6118 5005 6025 6537 3381 3168 6924 7038 6668 4793 3266 5026 9975
internal_count=79800 42784 37016 16423 26361 20009 17007 5393 11030 13575 12786 10190 9819 2012 13839 6118 5005 6025 6537 3381 3168 6924 7038 6668 4793 3266 5026 9975
is_linear=0
shrinkage=0.0966648


Tree=11
num_leaves=29
num_cat=0
split_feature=14 14 14 14 14 14 14 14 14 14 14 14 14 40 40 14 14 40 40 40 14 14 14 14 14 14 14 40
split_gain=3.24225e+06 518853 485665 86028.8 79433.4 43741.6 17309.2 14036.8 13804.1 11122.8 9426.56 8782.11 5259.56 2237.19 1927.5 1884.29 1826.93 1719.05 1622.13 1598.84 1338.99 1291.9 1223.82 1156.66 926.886 802.337 582.499 422.793
threshold=32.500000000000007 55.500000000000007 11.500000000000002 43.500000000000007 69.500000000000014 23.500000000000004 3.5000000000000004 49.500000000000007 62.500000000000007 37.500000000000007 18.500000000000004 78.500000000000014 27.500000000000004 0.19172828708532044 1.3680596144163035 40.500000000000007 46.500000000000007 1.2830306428509159 1.2406345553247846 1.2667437060838085 15.500000000000002 34.500000000000007 7.5000000000000009 21.500000000000004 87.500000000000014 29.500000000000004 25.500000000000004 0.95100824506299586
decision_type=2 2 2 2 2 2 2 2 2 2 2 2 2 2 2 2 2 2 2 2 2 2 2 2 2 2 2 2
left_child=2 3 6 9 8 10 13 16 14 21 20 18 26 -1 -3 -11 -5 -10 -6 -9 -4 -2 -8 -12 -13 -14 -7 -15
right_child=1 4 5 7 11 12 22 19 17 15 23 24 25 27 -16 -17 -18 -19 -20 -21 -22 -23 -24 -25 -26 -27 -28 -29
leaf_value=-1.0355705784249869 -0.010995781563818622 0.94572492364287086 -0.64199202484557905 0.3759956707229889 1.5071487112516992 -0.28478061383293024 -0.90279295818475469 0.73047989739239472 1.2107907295715135 0.18564491720276308 -0.42624981457290617 1.6142609592410493 -0.15124295356832398 -1.1025579444237354 0.79403580231052273 0.27983714722206093 0.47259321874295607 1.0170210852069224 1.2729567068637584 0.59026610505404919 -0.52237094447496002 0.089241576871511616 -0.75690056081735213 -0.34494789224246647 2.1273591308150421 -0.069710830110054273 -0.21326186687434692 -1.2168889484603513
leaf_weight=7724 1889 1248 1797 4325 682 2384 1348 1096 802 3959 4231 912 1982 4786 5107 4157 3618 3397 2156 5083 2500 3286 1820 3158 124 2664 2236 1329
leaf_count=7724 1889 1248 1797 4325 682 2384 1348 1096 802 3959 4231 912 1982 4786 5107 4157 3618 3397 2156 5083 2500 3286 1820 3158 124 2664 2236 1329
internal_value=0.000483029 0.587309 -0.646344 0.340196 1.05639 -0.334638 -1.03003 0.506277 0.917619 0.163541 -0.458982 1.43191 -0.177571 -1.07741 0.824923 0.234108 0.420407 1.05616 1.33313 0.616007 -0.573446 0.0526902 -0.820999 -0.391894 1.69078 -0.104684 -0.250575 -1.12889
internal_weight=79800 41841 37959 27413 14428 20952 17007 14122 10554 13291 11686 3874 9266 13839 6355 8116 7943 4199 2838 6179 4297 5175 3168 7389 1036 4646 4620 6115
internal_count=79800 41841 37959 27413 14428 20952 17007 14122 10554 13291 11686 3874 9266 13839 6355 8116 7943 4199 2838 6179 4297 5175 3168 7389 1036 4646 4620 6115
is_linear=0
shrinkage=0.0966648


Tree=12
num_leaves=29
num_cat=0
split_feature=14 14 14 14 14 14 14 14 14 14 14 14 14 40 40 14 40 40 40 40 14 14 14 14 14 14 14 40
split_gain=2.64784e+06 446206 372649 80046.7 61652.5 30418.8 16827.9 14099.2 9195.49 8851.25 8422.99 5816.5 4439.47 3335.37 1817 1561.62 1535.92 1334.46 1128.42 1108.23 907.26 859.172 848.43 812.571 742.041 609.332 537.725 528.379
threshold=31.500000000000004 53.500000000000007 11.500000000000002 65.500000000000014 42.500000000000007 22.500000000000004 73.500000000000014 4.5000000000000009 47.500000000000007 37.500000000000007 58.500000000000007 17.500000000000004 26.500000000000004 1.3607734045096149 0.85624457411047405 34.500000000000007 1.4622024795015434 1.2199776264334898 1.4220152096339171 1.7937422137877583 20.500000000000004 45.500000000000007 1.0000000180025095e-35 40.500000000000007 8.5000000000000018 29.500000000000004 14.500000000000002 0.95100824506299586
decision_type=2 2 2 2 2 2 2 2 2 2 2 2 2 2 2 2 2 2 2 2 2 2 2 2 2 2 2 2
left_child=2 4 7 10 9 11 19 14 21 15 18 26 27 -8 22 -2 -12 -10 -3 -5 -13 -6 -1 -11 -9 -14 -4 -7
right_child=1 3 5 6 8 12 13 24 17 23 16 20 25 -15 -16 -17 -18 -19 -20 -21 -22 -23 -24 -25 -26 -27 -28 -29
leaf_value=-0.9715337895699897 -0.017218311455565287 0.75334289107460284 -0.59233782356773124 1.1485894666714405 0.31034180429205138 -0.24403765038201339 1.6013124496377691 -0.79079059768419158 0.60321589813401622 0.16773410378171683 0.94803586026205144 -0.41596665039570252 -0.15244913611318228 1.3020315750435483 -1.0820016119544906 0.080635041104991645 0.80325358207882613 0.4768314953356379 0.62959572337470804 1.000659972998498 -0.34155190529176344 0.38399079389761093 -0.88366971081978718 0.23767240846310766 -0.66776609167442047 -0.079972824217965477 -0.49742699402201995 -0.34260449956486017
leaf_weight=10031 2832 1167 1399 1391 4450 4392 747 1450 1068 3959 1209 3631 3072 1612 1704 3286 4118 5469 3928 2251 3293 2588 2379 2709 1443 1721 1867 634
leaf_count=10031 2832 1167 1399 1391 4450 4392 747 1450 1068 3959 1209 3631 3072 1612 1704 3286 4118 5469 3928 2251 3293 2588 2379 2709 1443 1721 1867 634
internal_value=0.00048747 0.518371 -0.598078 0.913773 0.27184 -0.315128 1.19558 -0.930682 0.415262 0.119411 0.750754 -0.432118 -0.193477 1.40166 -0.971124 0.0353741 0.837422 0.498159 0.659024 1.05944 -0.380991 0.33781 -0.955244 0.196387 -0.731345 -0.126594 -0.539368 -0.256972
internal_weight=79800 42784 37016 16423 26361 20009 6001 17007 13575 12786 10422 10190 9819 2359 14114 6118 5327 6537 5095 3642 6924 7038 12410 6668 2893 4793 3266 5026
internal_count=79800 42784 37016 16423 26361 20009 6001 17007 13575 12786 10422 10190 9819 2359 14114 6118 5327 6537 5095 3642 6924 7038 12410 6668 2893 4793 3266 5026
is_linear=0
shrinkage=0.0966648


Tree=13
num_leaves=30
num_cat=0
split_feature=14 14 14 14 14 14 14 14 14 14 14 14 14 14 25 25 25 14 25 14 25 14 14 14 25 14 25 14 14
split_gain=2.16209e+06 347559 323718 59574.7 50971.6 26611.4 15865.1 9810.65 8582.23 7615.35 7447.78 4882.66 3492.23 1879.99 1779.14 1403.15 1318.59 1304.72 1203.14 1137.12 937.038 932.214 833.104 750.039 639.304 502.998 479.286 469.003 243.275
threshold=32.500000000000007 54.500000000000007 12.500000000000002 67.500000000000014 43.500000000000007 23.500000000000004 6.5000000000000009 76.500000000000014 60.500000000000007 48.500000000000007 38.500000000000007 19.500000000000004 27.500000000000004 87.500000000000014 14.055555555555557 32.267857142857146 53.033333333333339 34.500000000000007 40.855400696864116 51.500000000000007 40.489130434782616 1.0000000180025095e-35 16.500000000000004 41.500000000000007 27.31481481481482 29.500000000000004 31.691576086956527 1.0000000180025095e-35 10.500000000000002
decision_type=2 2 2 2 2 2 2 2 2 2 2 2 2 2 2 2 2 2 2 2 2 2 2 2 2 2 2 2 2
left_child=2 4 6 8 10 11 14 15 18 20 17 22 26 -9 21 -5 -10 -2 -3 -11 -6 -1 -4 -12 -13 -14 -7 -16 -8
right_child=1 3 5 7 9 12 28 13 16 19 23 24 25 -15 27 -17 -18 -19 -20 -21 -22 -23 -24 -25 -26 -27 -28 -29 -30
leaf_value=-0.86651760245453158 -0.008279442727641511 0.74529373874613969 -0.49303013523773226 1.2306522810782625 0.40788879643573533 -0.19045279339633914 -0.64700998926563558 1.2932417853568536 0.91124435659345193 0.43580705435381295 0.17677043224936201 -0.2946696044414126 -0.12199918939769679 1.8047439607862956 -0.96446019936895511 0.99731673580779456 0.77551178440999213 0.08700432204386703 0.61223747982325893 0.52404898905366515 0.3115266164550517 -0.78063687802741799 -0.40383673445183177 0.24362814496334667 -0.38387847111925344 -0.057424167334182125 -0.28194440381251279 -0.84849542242097253 -0.55857292221233301
leaf_weight=8273 1889 960 1912 441 1261 3958 1605 1318 1293 3340 4020 5284 1982 124 2957 2936 3420 4626 4910 3015 5532 2497 2947 2756 994 2664 662 1126 1098
leaf_count=8273 1889 960 1912 441 1261 3958 1605 1318 1293 3340 4020 5284 1982 124 2957 2936 3420 4626 4910 3015 5532 2497 2947 2756 994 2664 662 1126 1098
internal_value=0.000471475 0.479678 -0.527733 0.844605 0.266909 -0.265725 -0.831982 1.12703 0.715282 0.401815 0.1333 -0.366402 -0.144519 1.34649 -0.871542 1.03049 0.814162 0.0593998 0.634937 0.47825 0.329852 -0.847173 -0.439652 0.204207 -0.309243 -0.085127 -0.204006 -0.934122 -0.612759
internal_weight=79800 41841 37959 15402 26439 20403 17556 4819 10583 13148 13291 11137 9266 1442 14853 3377 4713 6515 5870 6355 6793 10770 4859 6776 6278 4646 4620 4083 2703
internal_count=79800 41841 37959 15402 26439 20403 17556 4819 10583 13148 13291 11137 9266 1442 14853 3377 4713 6515 5870 6355 6793 10770 4859 6776 6278 4646 4620 4083 2703
is_linear=0
shrinkage=0.0966648


Tree=14
num_leaves=32
num_cat=0
split_feature=25 25 25 25 25 25 25 26 25 25 25 26 25 25 25 25 24 26 15 26 24 25 15 24 24 25 18 25 12 15 25
split_gain=1.04506e+06 183138 177373 26729.5 22309.3 20733.1 18537.9 6424.15 4473.93 4401.55 3524.55 3361.05 2522.37 2252.97 1850.66 1827.52 1643.7 2793.75 1496.57 1282.46 1256.04 1186.79 910.927 732.323 613.321 595.096 575.725 493.423 268.4 225.29 51.7116
threshold=33.24038461538462 51.055555555555564 15.828571428571431 63.071428571428577 42.520270270270281 8.3030303030303063 25.508928571428573 25.669940476190479 72.088235294117666 57.535714285714292 20.377976190476193 43.480826113590631 33.328759398496253 46.045454545454554 2.4233766233766239 29.964285714285719 13.500000000000002 20.415158941148309 1.0000000180025095e-35 45.086055618667636 9.5000000000000018 86.250000000000014 1.0000000180025095e-35 14.500000000000002 9.5000000000000018 54.526595744680854 58.500000000000007 48.726708074534166 71.864000000000019 1.0000000180025095e-35 60.02272727272728
decision_type=2 2 2 2 2 2 2 2 2 2 2 2 2 2 2 2 2 2 2 2 2 2 2 2 2 2 2 2 2 2 2
left_child=2 4 5 9 7 14 10 12 26 25 23 -9 -2 28 29 19 17 -7 -18 -8 -16 -10 -12 -4 -17 -3 -5 -15 -6 -1 -11
right_child=1 3 6 8 13 16 15 11 21 30 22 -13 -14 27 20 24 18 -19 -20 -21 -22 -23 -24 -25 -26 -27 -28 -29 -30 -31 -32
leaf_value=-0.73511933087010584 -0.24106652740742929 0.43626423597905228 -0.27779615059273505 0.75082185818452418 0.073823237310338019 -0.4900388435491691 -0.13403189286650458 0.11149746586957376 0.93352498204268064 0.57403368754609474 -0.22842275373757437 0.2416026306851411 0.021500475944405552 0.30838091042962645 -0.38383956549642834 0.040540954274730194 -0.51176157818976975 -0.23413392537718264 0.03164568037744072 0.088150211731929481 -0.64958493719798416 1.3790118628056143 0.095534872604606122 -0.35947830041565204 -0.055193358758408376 0.50519443600284997 0.28354251273410863 0.37153853073204879 0.24990799372427755 -0.37291212722816042 0.6319005615192107
leaf_weight=6621 563 3183 1850 3530 90 1026 5033 11847 1028 1914 8708 2203 850 3227 220 763 4394 689 47 250 2528 94 78 3005 3341 2911 37 2372 5384 40 1974
leaf_count=6621 563 3183 1850 3530 90 1026 5033 11847 1028 1914 8708 2203 850 3227 220 763 4394 689 47 250 2528 94 78 3005 3341 2911 37 2372 5384 40 1974
internal_value=0.00045969 0.338967 -0.360971 0.612961 0.187351 -0.61297 -0.190494 0.11226 0.803921 0.522713 -0.262421 0.132018 -0.0838504 0.292063 -0.703551 -0.0858443 -0.473825 -0.388722 -0.505966 -0.123406 -0.629432 0.97991 -0.225466 -0.328838 -0.0373526 0.469782 0.74659 0.335607 0.24712 -0.733373 0.604594
internal_weight=79800 41207 38593 14671 26536 15565 23028 15463 4689 9982 13641 14050 1413 11073 9409 9387 6156 1715 4441 5283 2748 1122 8786 4855 4104 6094 3567 5599 5474 6661 3888
internal_count=79800 41207 38593 14671 26536 15565 23028 15463 4689 9982 13641 14050 1413 11073 9409 9387 6156 1715 4441 5283 2748 1122 8786 4855 4104 6094 3567 5599 5474 6661 3888
is_linear=0
shrinkage=0.0966648


Tree=15
num_leaves=31
num_cat=0
split_feature=14 14 14 14 14 14 14 25 14 14 25 14 14 25 14 25 25 25 14 14 25 25 25 25 25 25 25 14 14 14
split_gain=1.53556e+06 267365 219754 44884 44015.3 19926.3 8334.69 7567.66 6845.94 6730.38 6492.04 4669.14 3977.89 3121.44 2968.13 2924.29 2152.07 1621.45 1617.32 1495.11 1391.6 1353.28 1130.06 1037.31 900.943 689.847 436.743 201.295 199.234 187.266
threshold=31.500000000000004 55.500000000000007 10.500000000000002 43.500000000000007 70.500000000000014 21.500000000000004 63.500000000000007 45.346666666666671 37.500000000000007 49.500000000000007 20.04545454545455 3.5000000000000004 25.500000000000004 42.520270270270281 16.500000000000004 42.755952380952387 43.811011904761912 31.691576086956527 86.500000000000014 77.500000000000014 29.614285714285717 31.691576086956527 27.31481481481482 31.691576086956527 29.964285714285719 33.328759398496253 21.97727272727273 1.5000000000000002 6.5000000000000009 1.0000000180025095e-35
decision_type=2 2 2 2 2 2 2 2 2 2 2 2 2 2 2 2 2 2 2 2 2 2 2 2 2 2 2 2 2 2
left_child=2 3 10 8 6 14 13 19 20 17 11 29 24 -3 26 -8 -11 -5 -9 -6 -2 -10 -16 -14 -7 27 -4 -12 -13 -1
right_child=1 4 5 9 7 12 15 18 21 16 25 28 23 -15 22 -17 -18 -19 -20 -21 -22 -23 -24 -25 -26 -27 -28 -29 -30 -31
leaf_value=-0.72468928825300349 0.13963345597067731 0.71691847376029949 -0.41256303260157134 0.47578571699916111 1.1292947485709672 -0.20243569201317108 0.93336770477549336 0.91377605395087713 0.30391771542127627 0.53663612684274953 -0.82552026941277623 -0.61132977265036637 -0.083120750052975922 0.54228024355546844 -0.29316488154795572 0.70729739327376362 0.3901951292769214 0.27432324772368194 1.3622074594062981 1.4586353009815212 0.0055240500974754816 0.14823765999761218 -0.41391342101228884 -0.18154399582848435 -0.31777919436272195 -0.93226812044552598 -0.53500684878125881 -0.67816567727835764 -0.52293420546239233 -0.66541640877170471
leaf_weight=9082 830 1256 2591 402 596 4784 763 2342 562 1247 1713 851 4659 5827 5163 3143 4932 7541 106 395 5288 7554 904 1280 758 1042 419 373 1453 1944
leaf_count=9082 830 1256 2591 402 596 4784 763 2342 562 1247 1713 851 4659 5827 5163 3143 4932 7541 106 395 5288 7554 904 1280 758 1042 419 373 1453 1944
internal_value=0.000437942 0.394821 -0.455387 0.222349 0.733493 -0.244509 0.638163 1.03602 0.10113 0.344408 -0.718564 -0.687868 -0.159719 0.573986 -0.351531 0.753192 0.420374 0.284966 0.937366 1.27071 0.0238693 0.159293 -0.311654 -0.104539 -0.218627 -0.847384 -0.430917 -0.801739 -0.557494 -0.714706
internal_weight=79800 42784 37016 28356 14428 20558 10989 3439 14234 14122 16458 13330 11481 7083 9077 3906 6179 7943 2448 991 6118 8116 6067 5939 5542 3128 3010 2086 2304 11026
internal_count=79800 42784 37016 28356 14428 20558 10989 3439 14234 14122 16458 13330 11481 7083 9077 3906 6179 7943 2448 991 6118 8116 6067 5939 5542 3128 3010 2086 2304 11026
is_linear=0
shrinkage=0.0966648


Tree=16
num_leaves=31
num_cat=0
split_feature=14 14 14 14 14 14 14 14 25 14 25 14 25 14 14 25 25 25 14 25 25 25 25 14 25 25 25 14 25 14
split_gain=1.25572e+06 213466 191195 32347.1 30446.7 19438.2 12154.3 6111.85 5702.57 4311.92 4304.03 3864.18 2846.38 2793.45 2257.72 2159.53 1867.49 1337.69 1285.95 1237.5 1007.03 942.644 913.279 877.42 787.653 767.35 694.032 545.674 382.919 194.02
threshold=34.500000000000007 13.500000000000002 56.500000000000007 71.500000000000014 45.500000000000007 24.500000000000004 6.5000000000000009 64.500000000000014 45.346666666666671 39.500000000000007 13.848583877995646 50.500000000000007 32.267857142857146 19.500000000000004 28.500000000000004 56.392307692307703 43.367003367003377 42.520270270270281 87.500000000000014 31.691576086956527 31.691576086956527 27.31481481481482 27.046875000000004 79.500000000000014 33.328759398496253 27.31481481481482 31.691576086956527 1.5000000000000002 17.916666666666668 10.500000000000002
decision_type=2 2 2 2 2 2 2 2 2 2 2 2 2 2 2 2 2 2 2 2 2 2 2 2 2 2 2 2 2 2
left_child=1 6 4 7 9 13 10 12 23 20 27 17 -4 25 26 -9 -13 -6 -10 -11 -2 -15 -16 -5 -12 -3 -7 -1 29 -8
right_child=2 5 3 8 11 14 28 15 18 19 24 16 -14 21 22 -17 -18 -19 -20 -21 -22 -23 -24 -25 -26 -27 -28 -29 -30 -31
leaf_value=-0.64319698050193297 0.18302597100265847 -0.30681998911633168 0.78983757686188527 1.0636649167519312 0.37661426289334415 -0.11409468293683062 -0.47008368518801291 0.81712339144484281 0.8447822343603737 0.33227944503959755 -0.72161509636454968 0.51178062789774581 0.52479894411946904 -0.21119377132245246 0.047882535838445602 0.64463764987289973 0.37268580010681085 0.26476942034839313 1.3117933570093565 0.17301891219202095 0.059928232762527643 -0.30535772655763604 -0.056302790194358229 1.3653972862875898 -0.84468907717596275 -0.42821832648584024 -0.21926108982881076 -0.56347688679229124 -0.55260401854904784 -0.4008813493799207
leaf_weight=9250 701 3765 432 607 1344 3692 1412 1184 2036 487 3104 1188 6212 6308 944 2468 4994 4707 77 8013 5203 1234 4549 299 1018 624 706 1481 451 1310
leaf_count=9250 701 3765 432 607 1344 3692 1412 1184 2036 487 3104 1188 6212 6308 944 2468 4994 4707 77 8013 5203 1234 4549 299 1018 624 706 1481 451 1310
internal_value=0.000419989 -0.383498 0.383339 0.682355 0.233717 -0.180054 -0.629603 0.599875 0.961423 0.138363 -0.666528 0.345838 0.542918 -0.263092 -0.079765 0.702146 0.400014 0.290055 0.866459 0.182433 0.0747614 -0.226894 -0.0383564 1.17381 -0.753515 -0.324793 -0.131327 -0.632603 -0.45557 -0.437993
internal_weight=79800 39848 39952 13315 26637 21822 18026 10296 3019 14404 14853 12233 6644 11931 9891 3652 6182 6051 2113 8500 5904 7542 5493 906 4122 4389 4398 10731 3173 2722
internal_count=79800 39848 39952 13315 26637 21822 18026 10296 3019 14404 14853 12233 6644 11931 9891 3652 6182 6051 2113 8500 5904 7542 5493 906 4122 4389 4398 10731 3173 2722
is_linear=0
shrinkage=0.0966648


Tree=17
num_leaves=31
num_cat=0
split_feature=14 14 14 14 14 14 14 25 25 14 14 25 14 14 14 25 25 14 14 25 25 25 25 25 25 25 25 14 14 14
split_gain=1.02588e+06 164360 164113 27870 26545.8 13605.3 9904.28 5272.31 4721.15 4667.26 3952.86 3669.09 3250.01 2291.42 1413.22 1382.31 1380.5 1234.11 1140.95 1016.7 1010.45 999.721 813.513 689.553 634.463 581.683 424.274 322.152 216.941 26.4883
threshold=33.500000000000007 13.500000000000002 56.500000000000007 45.500000000000007 71.500000000000014 24.500000000000004 5.5000000000000009 33.24038461538462 57.535714285714292 39.500000000000007 64.500000000000014 8.3030303030303063 51.500000000000007 20.500000000000004 29.500000000000004 40.489130434782616 47.675438596491233 82.500000000000014 79.500000000000014 31.691576086956527 31.451388888888889 27.550000000000004 27.31481481481482 31.691576086956527 30.984375000000004 27.31481481481482 22.550000000000004 9.5000000000000018 1.0000000180025095e-35 61.500000000000007
decision_type=2 2 2 2 2 2 2 2 2 2 2 2 2 2 2 2 2 2 2 2 2 2 2 2 2 2 2 2 2 2
left_child=1 6 3 9 7 13 11 29 18 21 -9 28 15 22 23 -5 -14 -10 -6 -11 -13 -2 -3 -7 -15 -16 27 -8 -1 -4
right_child=2 5 4 12 8 14 26 10 17 19 -12 20 16 24 25 -17 -18 -19 -20 -21 -22 -23 -24 -25 -26 -27 -28 -29 -30 -31
leaf_value=-0.57268454730649809 0.19318906354796572 -0.26535220801059395 0.66702443398695854 0.36579950987622906 0.93916685266927702 -0.095135630569670268 -0.45191779987371733 0.47381186584840385 0.72294478160550524 0.30065518831342136 0.60840598570352433 -0.63735798237131513 0.45752705532784355 -0.1837387254337163 0.050186829813058546 0.24982692401226789 0.339692155372531 0.97851666671079252 1.2127564836400497 0.15630997920487297 -0.74510396568274184 0.047610909747117694 -0.37182723428510206 -0.18758384688027829 -0.28461027059392263 -0.050903983101243014 -0.5497644389552766 -0.37740016841451979 -0.51514605905372357 0.82986340485768939
leaf_weight=6985 467 5041 269 1197 814 4421 1269 6196 1572 487 3290 4449 1366 5371 643 5934 3736 282 351 8013 1459 6417 837 917 682 2930 280 1934 1650 541
leaf_count=6985 467 5041 269 1197 814 4421 1269 6196 1572 487 3290 4449 1366 5371 643 5934 3736 282 351 8013 1459 6417 837 917 682 2930 280 1934 1650 541
internal_value=0.000414937 -0.355222 0.338123 0.203629 0.616802 -0.170263 -0.568914 0.542086 0.869605 0.116946 0.520944 -0.604218 0.312499 -0.237738 -0.0797937 0.269664 0.371877 0.765669 1.02895 0.164842 -0.664893 0.0576897 -0.280976 -0.111262 -0.195448 -0.0326434 -0.420506 -0.407927 -0.562154 0.782514
internal_weight=79800 38868 40932 27617 13315 20842 18026 10296 3019 15384 9486 14543 12233 11931 8911 7131 5102 1854 1165 8500 5908 6884 5878 5338 6053 3573 3483 3203 8635 810
internal_count=79800 38868 40932 27617 13315 20842 18026 10296 3019 15384 9486 14543 12233 11931 8911 7131 5102 1854 1165 8500 5908 6884 5878 5338 6053 3573 3483 3203 8635 810
is_linear=0
shrinkage=0.0966648


Tree=18
num_leaves=32
num_cat=0
split_feature=14 14 14 14 14 14 14 25 25 14 25 25 14 14 14 14 25 14 25 25 25 25 14 14 25 25 25 25 25 25 14
split_gain=838335 142097 128174 23050 19400.3 12880.2 8154.12 4013.55 3990.57 3987.09 3317.54 2747.35 2384.7 2179.07 2063.54 1172.35 1109.3 1027.75 939.799 918.646 859.608 761.632 712.045 642.413 600.446 597.502 524.154 186.832 61.8099 58.6644 29.6342
threshold=34.500000000000007 13.500000000000002 57.500000000000007 46.500000000000007 71.500000000000014 25.500000000000004 3.5000000000000004 48.726708074534166 45.031250000000007 41.500000000000007 6.3891891891891897 30.027777777777782 19.500000000000004 52.500000000000007 64.500000000000014 88.500000000000014 27.550000000000004 30.500000000000004 27.31481481481482 40.654761904761912 31.691576086956527 30.984375000000004 8.5000000000000018 80.500000000000014 31.691576086956527 30.984375000000004 26.97727272727273 17.062500000000004 16.708333333333339 22.550000000000004 1.0000000180025095e-35
decision_type=2 2 2 2 2 2 2 2 2 2 2 2 2 2 2 2 2 2 2 2 2 2 2 2 2 2 2 2 2 2 2
left_child=1 6 3 9 7 12 10 16 23 18 30 29 26 -13 -9 -10 -4 24 -2 -11 -12 -14 28 -6 -7 -19 -3 -24 -8 -5 -1
right_child=2 5 4 11 8 17 22 14 15 19 20 13 21 -15 -16 -17 -18 25 -20 -21 -22 -23 27 -25 -26 -27 -28 -29 -30 -31 -32
leaf_value=-0.51295184860327192 0.21017981096373445 -0.25141478001348155 0.76059523562602271 0.57676458750852189 0.88410928205923867 -0.067822866661935849 -0.42712929154874063 0.42277332834367842 0.68975703997582216 0.23833148127525555 -0.5819565039561041 0.25157427678535998 -0.16769149011069903 0.33843327097902737 0.53357045559663863 1.1515494355690881 0.57539726223660503 0.04763558352795004 0.068928956220466492 0.15494001906406768 -0.68370493208113436 -0.25855468223996753 -0.34142017610395919 1.1533156681119212 -0.15087084591259853 -0.040802497581189236 -0.3507016503229155 -0.43022124466456735 -0.51792507153167211 0.44190090036740282 -0.46613006971805676
leaf_weight=6527 460 3750 500 256 659 4101 1426 4347 2057 1645 4786 6567 7661 4818 2797 64 1635 964 8186 5436 1329 1001 2056 239 1019 2687 639 406 299 286 1197
leaf_count=6527 460 3750 500 256 659 4101 1426 4347 2057 1645 4786 6567 7661 4818 2797 64 1635 964 8186 5436 1329 1001 2056 239 1019 2687 639 406 299 286 1197
internal_value=0.000405367 -0.313284 0.313279 0.197723 0.572839 -0.147298 -0.514078 0.502739 0.786484 0.120777 -0.550098 0.299043 -0.208157 0.288534 0.466675 0.707769 0.621323 -0.0566388 0.0766227 0.174549 -0.604894 -0.17841 -0.394236 0.964871 -0.0845513 -0.0174009 -0.266454 -0.357348 -0.445079 0.512723 -0.506163
internal_weight=79800 39848 39952 27654 12298 21822 18026 9279 3019 15727 13839 11927 13051 11385 7144 2121 2135 8771 8646 7081 6115 8662 4187 898 5120 3651 4389 2462 1725 542 7724
internal_count=79800 39848 39952 27654 12298 21822 18026 9279 3019 15727 13839 11927 13051 11385 7144 2121 2135 8771 8646 7081 6115 8662 4187 898 5120 3651 4389 2462 1725 542 7724
is_linear=0
shrinkage=0.0966648


Tree=19
num_leaves=31
num_cat=0
split_feature=14 14 14 14 14 14 14 25 14 25 25 14 25 14 14 14 14 25 25 25 14 25 14 25 25 25 25 14 25 25
split_gain=684703 116037 104783 18825 15982 10632.5 6703 3518.07 3254.78 3069.75 2841.51 2400.78 2295.98 1838.79 1621.07 1279.94 985.111 796.88 796.051 751.364 746.923 663.749 651.628 627.624 460.754 353.249 153.741 113.761 113.72 54.9263
threshold=34.500000000000007 13.500000000000002 57.500000000000007 46.500000000000007 72.500000000000014 24.500000000000004 2.5000000000000004 33.24038461538462 41.500000000000007 57.535714285714292 6.3891891891891897 65.500000000000014 31.451388888888889 51.500000000000007 18.500000000000004 28.500000000000004 88.500000000000014 31.691576086956527 40.654761904761912 40.654761904761912 9.5000000000000018 27.31481481481482 82.500000000000014 22.550000000000004 17.916666666666668 22.340579710144933 26.97727272727273 50.500000000000007 14.055555555555557 24.016129032258068
decision_type=2 2 2 2 2 2 2 2 2 2 2 2 2 2 2 2 2 2 2 2 2 2 2 2 2 2 2 2 2 2
left_child=1 6 3 8 7 14 10 29 17 22 -1 -9 27 -14 25 24 -11 -2 -12 -10 26 -16 -6 -17 -7 -3 -8 -5 -22 -4
right_child=2 5 4 12 9 15 20 11 19 16 18 -13 13 -15 21 23 -18 -19 -20 -21 28 -23 -24 -25 -26 -27 -28 -29 -30 -31
leaf_value=-0.45844026633564028 0.15524619668775516 -0.23413770512605125 0.7123248133741773 0.36917023978224095 0.80815967597178862 0.044171380161078425 -0.38724335283633443 0.40298513452536916 0.21539957883306859 0.61549788132642924 -0.53912392926645869 0.5130799068040941 0.21954677740572984 0.29854560833780336 -0.1600978319080418 0.096549277452197893 1.0446812201219242 0.059141045913537652 -0.69697286761360711 0.1399837630961257 -0.29045597145000646 -0.23389416706766616 1.0857948621813673 -0.036290685864690392 -0.10458038474316586 -0.31595450673987591 -0.49190147137999418 0.50404196737777796 -0.35016547252960062 0.57565080654102574
leaf_weight=7570 897 2560 437 231 876 200 2225 5850 1645 1568 5458 2967 5528 5807 7251 348 62 7749 414 5436 1233 1402 176 5145 4198 718 264 361 862 362
leaf_count=7570 897 2560 437 231 876 200 2225 5850 1645 1568 5458 2967 5528 5807 7251 348 62 7749 414 5436 1233 1402 176 5145 4198 718 264 361 862 362
internal_value=0.000396222 -0.283097 0.283152 0.178671 0.517836 -0.133101 -0.464546 0.458897 0.109133 0.727251 -0.499226 0.440445 0.270236 0.260192 -0.194515 -0.0589285 0.636614 0.0692398 -0.551143 0.157717 -0.362191 -0.17225 0.862092 -0.0277526 -0.0977511 -0.252751 -0.399814 0.456782 -0.316205 0.656433
internal_weight=79800 39848 39952 27654 12298 21822 18026 9616 15727 2682 13442 8817 11927 11335 11931 9891 1630 8646 5872 7081 4584 8653 1052 5493 4398 3278 2489 592 2095 799
internal_count=79800 39848 39952 27654 12298 21822 18026 9616 15727 2682 13442 8817 11927 11335 11931 9891 1630 8646 5872 7081 4584 8653 1052 5493 4398 3278 2489 592 2095 799
is_linear=0
shrinkage=0.0966648


Tree=20
num_leaves=31
num_cat=0
split_feature=14 14 14 14 14 14 14 25 25 14 14 14 14 25 25 14 25 25 14 25 25 25 25 25 25 14 25 14 14 25
split_gain=559547 98081.8 79686.5 20126.3 13172.2 7754.54 4029.8 3783.73 2683.93 2167.05 2030.38 2028.55 1959.09 1902.15 1609.03 1584.14 987.34 939.61 901.684 849.847 715.762 606.2 521.905 488.857 417.124 338.147 298.42 259.843 190.273 79.3682
threshold=31.500000000000004 53.500000000000007 10.500000000000002 68.500000000000014 42.500000000000007 22.500000000000004 60.500000000000007 29.387500000000003 25.508928571428573 36.500000000000007 48.500000000000007 82.500000000000014 1.5000000000000002 56.392307692307703 50.090909090909101 17.500000000000004 47.38750000000001 2.4233766233766239 27.500000000000004 31.691576086956527 31.691576086956527 31.691576086956527 25.508928571428573 27.31481481481482 31.691576086956527 1.0000000180025095e-35 24.211111111111112 76.500000000000014 6.5000000000000009 43.207142857142863
decision_type=2 2 2 2 2 2 2 2 2 2 2 2 2 2 2 2 2 2 2 2 2 2 2 2 2 2 2 2 2 2
left_child=2 4 8 6 9 15 14 27 12 20 19 -9 17 -8 -3 26 -12 -1 23 -6 -2 -11 -17 -7 -20 29 -4 -5 -14 -10
right_child=1 3 5 7 10 18 13 11 25 21 16 -13 28 -15 -16 22 -18 -19 24 -21 -22 -23 -24 -25 -26 -27 -28 -29 -30 -31
leaf_value=-0.41034109077349934 0.069994043189519656 0.38742052546120753 -0.24366531069472724 0.73390649125478813 0.29276205375743752 -0.0926456132046235 0.50676610681119327 0.53973726382227571 -0.54578240369869835 0.17509225872133194 0.29531583892618951 0.78942408107581752 -0.37502518971523957 0.37950900791123388 0.2803639167811014 -0.16245417159259351 0.20533803196470671 -0.4718803700230666 -0.029115585004938719 0.15129117995100513 -0.017769172889393333 0.075881788159632993 -0.22937091855441574 -0.15692525054764134 -0.10435012534998014 -0.46387096657266558 -0.33436066202735204 0.97167756049403775 -0.31760796764335092 -0.67532159915191314
leaf_weight=6205 1116 1889 3370 319 421 4635 1800 3398 1241 624 1785 374 1781 3409 5002 5490 3549 4779 2792 7820 3814 7232 1434 1481 911 724 445 232 1511 217
leaf_count=6205 1116 1889 3370 319 421 4635 1800 3398 1241 624 1785 374 1781 3409 5002 5490 3549 4779 2792 7820 3814 7232 1434 1481 911 724 445 232 1511 217
internal_value=0.000390829 0.23846 -0.274768 0.423841 0.122878 -0.147782 0.359443 0.603139 -0.433247 0.0524237 0.189171 0.566038 -0.41734 0.42416 0.310107 -0.204542 0.235828 -0.437425 -0.0855934 0.158782 0.00217518 0.0839243 -0.17655 -0.108387 -0.0478011 -0.535506 -0.254891 0.845925 -0.349467 -0.568478
internal_weight=79800 42784 37016 16423 26361 20558 12100 4323 16458 12786 13575 3772 14276 5209 6891 10739 5334 10984 9819 8241 4930 7856 6924 6116 3703 2182 3815 551 3292 1458
internal_count=79800 42784 37016 16423 26361 20558 12100 4323 16458 12786 13575 3772 14276 5209 6891 10739 5334 10984 9819 8241 4930 7856 6924 6116 3703 2182 3815 551 3292 1458
is_linear=0
shrinkage=0.0966648


Tree=21
num_leaves=31
num_cat=0
split_feature=14 14 14 14 14 14 14 25 25 14 25 14 14 25 14 14 14 14 25 25 25 25 25 25 25 25 14 25 25 25
split_gain=457132 77106.5 69254.6 14117.8 12374.3 6605.3 2751.97 2748.49 2723.4 2397.62 2026.81 1896.62 1517.4 1042.48 1029.42 1027.72 993.171 992.684 865.985 620.438 576.68 566.777 550.74 458.114 435.549 408.658 361.448 267.442 122.544 41.0695
threshold=32.500000000000007 56.500000000000007 11.500000000000002 44.500000000000007 70.500000000000014 22.500000000000004 1.5000000000000002 59.775000000000006 40.855400696864116 38.500000000000007 6.3891891891891897 50.500000000000007 61.500000000000007 32.020833333333336 76.500000000000014 27.500000000000004 90.500000000000014 18.500000000000004 43.207142857142863 45.839743589743598 31.894444444444449 23.723636363636366 25.508928571428573 27.31481481481482 17.916666666666668 22.550000000000004 7.5000000000000009 25.961538461538463 16.414285714285715 27.046875000000004
decision_type=2 2 2 2 2 2 2 2 2 2 2 2 2 2 2 2 2 2 2 2 2 2 2 2 2 2 2 2 2 2
left_child=2 3 6 9 8 17 10 14 21 22 -1 18 -10 -13 -6 24 -9 27 -5 -11 -12 -3 -2 -17 -7 -19 29 -4 -28 -8
right_child=1 4 5 11 7 15 26 16 12 19 20 13 -14 -15 -16 23 -18 25 -20 -21 -22 -23 -24 -25 -26 -27 28 -29 -30 -31
leaf_value=-0.37544915664165435 0.1301849334919814 0.57894096400316808 -0.20583354561056558 0.22504114672761077 0.59348465546276707 0.018085159480245482 -0.33444051755448218 0.48299340427872428 0.2868411473090644 0.10958061383780981 -0.43706365478201253 0.41419673524470479 0.37278182202030363 0.23196095417237086 0.79094635251383505 0.015326043269760654 0.94927560124277521 -0.13253497455378721 0.1489480242359095 0.027142246921534535 -0.52506014831487879 0.43128325317330096 0.014501354375770204 -0.054921735538714316 -0.1036480066563889 -0.18547490905017328 -0.26680760242450113 -0.28211128495816135 -0.34852668282723959 -0.39897306162221269
leaf_weight=7259 403 416 3740 1928 786 286 2105 2030 3789 7389 4340 316 4375 5866 578 1149 45 3489 5541 971 1128 1296 6112 3497 5830 2404 1511 557 309 355
leaf_count=7259 403 416 3740 1928 786 286 2105 2030 3789 7389 4340 316 4375 5866 578 1149 45 3489 5541 971 1128 1296 6112 3497 5830 2404 1511 557 309 355
internal_value=0.000364363 0.220711 -0.242512 0.130998 0.412728 -0.124807 -0.387401 0.571089 0.357185 0.0658009 -0.410276 0.201964 0.333201 0.241775 0.681094 -0.0719154 0.496546 -0.180571 0.1688 0.100039 -0.455923 0.469572 0.0218011 -0.0375521 -0.09794 -0.154343 -0.318769 -0.216204 -0.282079 -0.344958
internal_weight=79800 41841 37959 28526 13315 20952 17007 3439 9876 14875 12727 13651 8164 6182 1364 10762 2075 10190 7469 8360 5468 1712 6515 4646 6116 5893 4280 4297 1820 2460
internal_count=79800 41841 37959 28526 13315 20952 17007 3439 9876 14875 12727 13651 8164 6182 1364 10762 2075 10190 7469 8360 5468 1712 6515 4646 6116 5893 4280 4297 1820 2460
is_linear=0
shrinkage=0.0966648


Tree=22
num_leaves=31
num_cat=0
split_feature=14 14 14 14 14 14 14 25 14 25 25 25 14 14 25 14 25 14 25 25 25 25 25 25 25 25 25 25 24 25
split_gain=373761 63487 57744.3 11682.9 8182.64 5417.34 4050.59 2372.07 2227.81 1842.48 1524.92 1479.61 1068.08 914.039 845.935 794.994 745.219 733.35 653.213 537.436 500.808 475.782 447.271 433.526 397.407 373.302 281.251 248.117 148.984 62.2317
threshold=34.500000000000007 14.500000000000002 58.500000000000007 47.500000000000007 73.500000000000014 25.500000000000004 6.5000000000000009 56.392307692307703 40.500000000000007 59.775000000000006 40.654761904761912 25.316985645933016 21.500000000000004 65.500000000000014 28.313725490196081 52.500000000000007 29.964285714285719 91.500000000000014 21.605555555555558 42.21320346320347 27.31481481481482 43.207142857142863 7.1478696741854648 33.328759398496253 33.328759398496253 22.965517241379313 45.839743589743598 17.916666666666668 13.500000000000002 14.816666666666668
decision_type=2 2 2 2 2 2 2 2 2 2 2 2 2 2 2 2 2 2 2 2 2 2 2 2 2 2 2 2 2 2
left_child=1 6 3 8 7 12 11 14 21 25 20 22 23 -9 -4 -12 -10 -11 29 -20 -5 -2 -1 -3 -14 -6 -13 28 -8 -7
right_child=2 5 4 10 9 18 27 13 16 17 15 26 24 -15 -16 -17 -18 -19 19 -21 -22 -23 -24 -25 -26 -27 -28 -29 -30 -31
leaf_value=-0.33478653192328284 0.051809296044515112 -0.15602082045256099 0.53473182996916568 0.39209655777224767 0.791484032740845 0.10808013473100628 -0.27147608724215821 0.27965512114452729 0.24023310495444111 0.46101301775859149 0.1656531408056183 -0.42230319105608904 -0.097479157357114557 0.36049215114069966 0.39365587763528914 0.2218537077024306 0.1092299774412086 0.90193486437034032 -0.039580575388140013 -0.17405642501269153 0.26247160737282221 -0.036713476815053853 -0.37650812755336782 -0.27886658146153775 -0.20644089749055211 0.60522844844577783 -0.55600590608760814 -0.31286437174265386 -0.21815488423098178 0.03890903391142455
leaf_weight=8160 6630 6843 559 397 265 193 901 3408 423 1362 4674 1859 5209 2428 2574 5105 9324 38 7950 281 1456 615 4580 286 333 694 254 528 2124 347
leaf_count=8160 6630 6843 559 397 265 193 901 3408 423 1362 4674 1859 5209 2428 2574 5105 9324 38 7950 281 1456 615 4580 286 333 694 254 528 2124 347
internal_value=0.000349203 -0.209105 0.209258 0.136086 0.393934 -0.0960054 -0.340765 0.351189 0.0849299 0.554798 0.210711 -0.36307 -0.136415 0.313713 0.420065 0.195142 0.115099 0.477805 -0.0375597 -0.0443284 0.291737 0.0442642 -0.350002 -0.161242 -0.104301 0.662538 -0.440318 -0.246944 -0.23468 0.0647927
internal_weight=79800 39848 39952 28624 11328 21442 18406 8969 16992 2359 11632 14853 12671 5836 3133 9779 9747 1400 8771 8231 1853 7245 12740 7129 5542 959 2113 3553 3025 540
internal_count=79800 39848 39952 28624 11328 21442 18406 8969 16992 2359 11632 14853 12671 5836 3133 9779 9747 1400 8771 8231 1853 7245 12740 7129 5542 959 2113 3553 3025 540
is_linear=0
shrinkage=0.0966648


Tree=23
num_leaves=31
num_cat=0
split_feature=14 14 14 14 14 14 25 14 25 25 14 25 14 14 14 14 14 14 25 14 25 25 25 25 25 25 14 25 14 25
split_gain=305723 53829.8 43371.1 10510.7 8211.69 4226.63 3013.25 1549.15 1547.12 1534.64 1184 1100.65 1036.23 964.694 911.443 881.009 718.483 685.986 565.985 555.393 543.918 463.557 396.418 394.713 387.718 365.382 334.349 153.551 152.503 150.649
threshold=31.500000000000004 54.500000000000007 10.500000000000002 66.500000000000014 43.500000000000007 21.500000000000004 45.839743589743598 37.500000000000007 20.522727272727277 53.033333333333339 80.500000000000014 32.510000000000012 1.0000000180025095e-35 48.500000000000007 75.500000000000014 59.500000000000007 26.500000000000004 15.500000000000002 31.894444444444449 61.500000000000007 43.207142857142863 1.8166666666666669 22.550000000000004 33.328759398496253 32.510000000000012 43.811011904761912 1.0000000180025095e-35 15.828571428571431 6.5000000000000009 19.690476190476193
decision_type=2 2 2 2 2 2 2 2 2 2 2 2 2 2 2 2 2 2 2 2 2 2 2 2 2 2 2 2 2 2
left_child=2 4 8 9 7 17 14 18 12 19 -8 29 21 -13 -5 -11 23 27 -2 -3 -9 -1 -19 -7 -18 26 -10 -4 -14 -6
right_child=1 3 5 6 11 16 10 20 25 15 -12 13 28 -15 -16 -17 24 22 -20 -21 -22 -23 -24 -25 -26 -27 -28 -29 -30 -31
leaf_value=-0.30463284629543685 0.063829225037172338 0.28911393159376331 -0.18409640612241809 0.47901539702889873 0.35457782200732085 -0.084492592564228905 0.36420516349467486 0.083652736514669049 -0.39466503974031514 0.19788571465456223 0.53836051988421185 0.11672950333340477 -0.27943650585936652 0.17103439216165825 0.65613228574884375 0.26906886064960006 -0.028441109445327097 -0.1261807117636965 -0.0079701642044452767 0.38350936239678907 0.019222519002153278 -0.35294232982082602 -0.17762684466588136 -0.18097383817298365 -0.099105324022174271 -0.49262247134757725 -0.31041032476813823 -0.24177330374241807 -0.23439681517103206 0.23465752791114902
leaf_weight=5506 1295 2232 1561 862 172 6265 3520 6607 1859 3259 446 6408 2807 6027 565 3572 3906 4607 4823 946 1509 3651 2124 423 887 327 847 785 1461 541
leaf_count=5506 1295 2232 1561 862 172 6265 3520 6607 1859 3259 446 6408 2807 6027 565 3572 3906 4607 4823 946 1509 3651 2124 423 887 327 847 785 1461 541
internal_value=0.000337971 0.176312 -0.203052 0.320845 0.0949478 -0.109368 0.429817 0.044035 -0.319969 0.261847 0.384786 0.150008 -0.305351 0.143139 0.552259 0.235367 -0.0703212 -0.158656 0.00728822 0.318064 0.0717026 -0.324172 -0.142598 -0.0907941 -0.0416551 -0.383745 -0.36924 -0.204117 -0.264465 0.267034
internal_weight=79800 42784 37016 15402 27382 20558 5393 14234 16458 10009 3966 13148 13425 12435 1427 6831 11481 9077 6118 3178 8116 9157 6731 6688 4793 3033 2706 2346 4268 713
internal_count=79800 42784 37016 15402 27382 20558 5393 14234 16458 10009 3966 13148 13425 12435 1427 6831 11481 9077 6118 3178 8116 9157 6731 6688 4793 3033 2706 2346 4268 713
is_linear=0
shrinkage=0.0966648


Tree=24
num_leaves=31
num_cat=0
split_feature=14 14 14 14 14 14 14 25 14 25 25 25 14 14 25 14 14 14 25 14 25 25 25 14 25 25 25 25 14 25
split_gain=249969 44734.1 36783.3 6376.86 6063 3861.73 3195.34 1675.48 1486.19 1212.78 1200.33 1140.25 780.622 741.921 740.928 724.818 711.285 605.305 596.067 452.876 445.127 412.169 333.439 325.452 284.718 140.714 67.9403 65.3805 43.2428 26.502
threshold=35.500000000000007 15.500000000000002 57.500000000000007 72.500000000000014 45.500000000000007 25.500000000000004 2.5000000000000004 56.392307692307703 85.500000000000014 65.966666666666683 40.654761904761912 6.3891891891891897 63.500000000000007 50.500000000000007 23.022727272727277 62.500000000000007 41.500000000000007 20.500000000000004 21.97727272727273 29.500000000000004 22.550000000000004 40.855400696864116 17.916666666666668 9.5000000000000018 22.550000000000004 17.916666666666668 14.816666666666668 14.550505050505052 1.0000000180025095e-35 17.062500000000004
decision_type=2 2 2 2 2 2 2 2 2 2 2 2 2 2 2 2 2 2 2 2 2 2 2 2 2 2 2 2 2 2
left_child=1 6 4 7 14 17 11 12 9 -5 20 28 -4 -12 29 -9 -16 24 26 -20 -6 -13 -19 27 -3 -25 -7 -8 -1 -2
right_child=2 5 3 8 10 18 23 15 -10 -11 13 21 -14 -15 16 -17 -18 22 19 -21 -22 -23 -24 25 -26 -27 -28 -29 -30 -31
leaf_value=-0.2800108723682474 0.24178040146341606 -0.11973664535638771 0.28722596304321035 0.49120089100609798 0.3399186916488896 0.10548223686183816 -0.22666398340756608 0.20519603035167913 0.70374524002264838 0.3484707213294318 0.11708258194990989 -0.32608499365511168 0.38501741698992392 0.1678508007894253 0.042052495747991844 0.27443311478455684 0.087719187030824541 0.0033334091540426426 -0.059272712784953371 -0.015761135430437643 0.20559285533422494 -0.43691667405251977 -0.095644144599202632 -0.17738087000474576 -0.17122574540229485 -0.23875797392620904 0.038247844353815091 -0.2741208708731141 -0.24704633460841224 0.16429711113124074
leaf_weight=6527 152 3618 1899 1267 283 214 1881 2582 204 1211 5016 5468 1527 6078 7383 3608 5639 333 3886 5266 1873 404 6840 2369 1482 504 427 608 1043 208
leaf_count=6527 152 3618 1899 1267 283 214 1881 2582 204 1211 5016 5468 1527 6078 7383 3608 5639 333 3886 5266 1873 404 6840 2369 1482 504 427 608 1043 208
internal_value=0.000311967 -0.166647 0.17559 0.313825 0.111684 -0.0732497 -0.276173 0.276624 0.446043 0.422732 0.158029 -0.301472 0.331571 0.144993 0.0657326 0.245841 0.0618676 -0.109358 -0.0279475 -0.0342704 0.224361 -0.334267 -0.0910505 -0.212411 -0.134932 -0.188752 0.0616711 -0.239059 -0.275722 0.201351
internal_weight=79800 40870 38930 12298 26632 22066 18804 9616 2682 2478 13250 13442 3426 11094 13382 6190 13022 12273 9793 9152 2156 5872 7173 5362 5100 2873 641 2489 7570 360
internal_count=79800 40870 38930 12298 26632 22066 18804 9616 2682 2478 13250 13442 3426 11094 13382 6190 13022 12273 9793 9152 2156 5872 7173 5362 5100 2873 641 2489 7570 360
is_linear=0
shrinkage=0.0966648


Tree=25
num_leaves=31
num_cat=0
split_feature=14 14 14 14 14 14 14 25 25 14 14 25 14 25 14 25 14 25 25 25 25 25 25 14 14 25 25 24 25 25
split_gain=204140 36533.9 30149.6 5708.34 4740.89 3181.17 2603.76 1832.11 1031.3 946.885 940.038 937.857 915.066 890.502 660.753 571.047 510.872 458.232 432.757 400.516 362.582 357.587 321.79 266.073 241.669 161.256 125.049 60.6415 60.4529 22.3121
threshold=35.500000000000007 15.500000000000002 58.500000000000007 47.500000000000007 75.500000000000014 23.500000000000004 2.5000000000000004 31.691576086956527 45.346666666666671 87.500000000000014 41.500000000000007 8.3030303030303063 66.500000000000014 70.920000000000016 29.500000000000004 47.675438596491233 52.500000000000007 41.038461538461547 33.328759398496253 27.31481481481482 40.654761904761912 22.550000000000004 42.520270270270281 9.5000000000000018 20.500000000000004 18.016129032258068 22.965517241379313 9.5000000000000018 2.4233766233766239 43.367003367003377
decision_type=2 2 2 2 2 2 2 2 2 2 2 2 2 2 2 2 2 2 2 2 2 2 2 2 2 2 2 2 2 2
left_child=1 6 3 10 7 18 11 25 19 13 17 28 -9 -6 21 -12 -10 -2 24 -5 -16 -7 -13 27 -3 -4 -25 -8 -1 -20
right_child=2 5 4 8 9 14 23 12 16 -11 15 22 -14 -15 20 -17 -18 -19 29 -21 -22 -23 -24 26 -26 -27 -28 -29 -30 -31
leaf_value=-0.24493048982849588 0.054511109035891757 -0.11736926676933186 0.47855624664639307 0.29964541697681152 0.48136588561112675 0.0051347204271098602 -0.26758260274323159 0.22651144652752986 0.11344776080479649 0.7066683378231613 0.09840787886833692 -0.29738079595244432 0.29273067694869404 0.32572561596566457 -0.0021004231969052748 0.020934675046370983 0.16071362527976527 -0.0027666493531726859 -0.180307071412044 0.19114269379933926 -0.10271156485880081 -0.062325414746907816 -0.40346726607330707 -0.1632822227718331 -0.085887664615465001 0.35786469122396741 -0.24011330755670168 -0.20837993103281061 -0.27271665669456402 -0.2652555890187499
leaf_weight=6437 5954 4888 291 397 905 840 291 5533 4036 124 7329 4953 3271 697 5225 1017 4832 1670 378 2367 350 5762 346 2622 4545 507 251 2198 1706 78
leaf_count=6437 5954 4888 291 397 905 840 291 5533 4036 124 7329 4953 3271 697 5225 1017 4832 1670 378 2367 350 5762 346 2622 4545 507 251 2198 1706 78
internal_value=0.000296044 -0.150584 0.158693 0.104146 0.291443 -0.0661795 -0.249563 0.264511 0.155647 0.43945 0.0665785 -0.272401 0.251346 0.415515 -0.0330716 0.0889951 0.139318 0.0419745 -0.106891 0.207509 -0.00854857 -0.0537462 -0.304878 -0.192004 -0.102283 0.405992 -0.170613 -0.216098 -0.251002 -0.198964
internal_weight=79800 40870 38930 27602 11328 22066 18804 9602 11632 1726 15970 13442 8804 1602 12177 8346 8868 7624 9889 2764 5575 6602 5299 5362 9433 798 2873 2489 8143 456
internal_count=79800 40870 38930 27602 11328 22066 18804 9602 11632 1726 15970 13442 8804 1602 12177 8346 8868 7624 9889 2764 5575 6602 5299 5362 9433 798 2873 2489 8143 456
is_linear=0
shrinkage=0.0966648


Tree=26
num_leaves=32
num_cat=0
split_feature=14 14 14 14 14 14 25 25 14 14 14 25 25 14 25 25 25 14 25 25 14 14 25 25 25 14 25 25 25 25 25
split_gain=166809 29715.8 23635.5 6940.16 3478.63 2070.04 1915.38 1348.35 1153.64 1021.99 878.059 830.486 757.425 671.538 593.69 507.068 500.629 420.77 416.289 345.308 304.208 233.706 228.907 213.644 159.864 140.742 55.9142 39.3368 37.2431 36.929 11.0607
threshold=31.500000000000004 52.500000000000007 11.500000000000002 67.500000000000014 40.500000000000007 21.500000000000004 31.451388888888889 49.071428571428577 1.0000000180025095e-35 88.500000000000014 59.500000000000007 27.31481481481482 27.31481481481482 45.500000000000007 40.654761904761912 22.550000000000004 22.550000000000004 36.500000000000007 17.916666666666668 1.8166666666666669 17.500000000000004 78.500000000000014 22.550000000000004 29.964285714285719 17.916666666666668 7.5000000000000009 47.675438596491233 16.414285714285715 17.535714285714288 47.055555555555564 46.345238095238102
decision_type=2 2 2 2 2 2 2 2 2 2 2 2 2 2 2 2 2 2 2 2 2 2 2 2 2 2 2 2 2 2 2
left_child=2 4 8 7 15 20 21 16 11 -8 -9 19 28 -14 18 27 -3 -17 -7 -1 24 -5 -22 25 -4 -10 -13 -2 -6 -16 -25
right_child=1 3 5 6 12 14 9 10 23 -11 -12 26 13 -15 29 17 -18 -19 -20 -21 22 -23 -24 30 -26 -27 -28 -29 -30 -31 -32
leaf_value=-0.22455316216391435 0.1651781687142472 0.34993945909078766 -0.12300755658648239 0.42867427243782374 0.26410867291225082 0.03848983821135013 0.29328040845805042 0.14320875316052067 -0.20283920589869969 0.63312581948887647 0.20341469733266479 -0.31293700149861209 0.066546047230248748 0.10790747801079086 -0.14049056126984844 -0.0058974164093621292 0.22866383916864827 0.034444146019320762 -0.052076199731468494 -0.26326378056136013 -0.084934935423297442 0.59930192808121918 -0.12795136849082156 -0.23841107251837604 -0.17144801939536397 -0.16567181973956935 -0.41381464077376184 0.095635136135135412 0.18358120108375531 -0.22576853131364441 -0.32255849731842812
leaf_weight=5506 150 391 2265 471 143 491 4084 5088 3422 83 4268 1180 6934 7929 182 4665 2793 4999 10674 4405 3434 181 1828 536 1001 1728 139 263 342 134 91
leaf_count=5506 150 391 2265 471 143 491 4084 5088 3422 83 4268 1180 6934 7929 182 4665 2793 4999 10674 4405 3434 181 1828 536 1001 1728 139 263 342 134 91
internal_value=0.000275715 0.130261 -0.149961 0.227733 0.0636639 -0.0787019 0.326439 0.189627 -0.233725 0.301194 0.170817 -0.252021 0.0926258 0.0886553 -0.0518498 0.019516 0.244358 0.0149812 -0.0480698 -0.241948 -0.114774 0.482426 -0.100042 -0.197874 -0.138219 -0.190632 -0.325887 0.123431 0.211047 -0.181123 -0.254355
internal_weight=79800 42784 37016 17359 25425 20009 4819 12540 17007 4167 9356 11230 15348 14863 11481 10077 3184 9664 11165 9911 8528 652 5262 5777 3266 5150 1319 413 485 316 627
internal_count=79800 42784 37016 17359 25425 20009 4819 12540 17007 4167 9356 11230 15348 14863 11481 10077 3184 9664 11165 9911 8528 652 5262 5777 3266 5150 1319 413 485 316 627
is_linear=0
shrinkage=0.0966648


Tree=27
num_leaves=31
num_cat=0
split_feature=14 14 14 14 14 14 25 25 14 25 25 14 14 14 14 14 14 25 25 25 25 25 25 25 25 14 25 14 14 25
split_gain=136405 25324.5 18218.6 4589.64 4429.9 1649.32 1207 1198.48 834.303 822.077 741.069 739.473 618.722 565.236 520.175 508.305 425.086 424.318 399.385 386.104 279.368 278.114 268.203 254.342 167.134 155.043 147.38 97.7769 55.5044 26.8167
threshold=30.500000000000004 55.500000000000007 10.500000000000002 70.500000000000014 43.500000000000007 22.500000000000004 28.53365384615385 53.033333333333339 37.500000000000007 25.508928571428573 42.520270270270281 89.500000000000014 61.500000000000007 1.0000000180025095e-35 61.500000000000007 48.500000000000007 17.500000000000004 43.041666666666679 40.654761904761912 30.984375000000004 18.979166666666668 27.31481481481482 1.8166666666666669 22.550000000000004 48.516666666666673 1.0000000180025095e-35 20.978260869565222 81.500000000000014 6.5000000000000009 47.975000000000009
decision_type=2 2 2 2 2 2 2 2 2 2 2 2 2 2 2 2 2 2 2 2 2 2 2 2 2 2 2 2 2 2
left_child=2 4 9 7 8 16 27 14 19 13 21 -8 -9 22 -3 -12 26 -10 20 -2 -7 -6 -1 -18 25 -11 -4 -5 -15 -20
right_child=1 3 5 6 10 18 11 12 17 24 15 -13 -14 28 -16 -17 23 -19 29 -21 -22 -23 -24 -25 -26 -27 -28 -29 -30 -31
leaf_value=-0.20287681446634581 0.047702678140564503 0.20232188529267317 -0.11783272803156083 0.41808102002188136 0.21540594600930985 0.0322462973050281 0.2848244360891925 0.13991846201447025 0.058974745068117083 -0.28003284408770662 0.067507236604938528 0.60314800153127046 0.19558559911819201 -0.18441376330603354 0.2831970205742062 0.1095294188569301 -0.071793763994615276 0.0032634519445597964 -0.12394472736452404 -0.0090324179445044998 -0.045689499699393767 0.13142146286818884 -0.23739649989819339 -0.11019156109274829 -0.36595965514243833 -0.21361047044102197 -0.16917624760212216 0.59030361888683003 -0.15708054738816921 -0.20777905769838217
leaf_weight=5506 1397 1810 3127 354 449 448 2911 3818 6527 1329 4999 69 3909 2993 1452 5972 4225 1589 142 5540 8305 2702 4266 2699 196 657 688 105 1511 105
leaf_count=5506 1397 1810 3127 354 449 448 2911 3818 6527 1329 4999 69 3909 2993 1452 5972 4225 1589 142 5540 8305 2702 4266 2699 196 657 688 105 1511 105
internal_value=0.000256085 0.115396 -0.138437 0.220123 0.063561 -0.0757712 0.317758 0.189369 0.0270563 -0.213525 0.102437 0.293717 0.168245 -0.204782 0.238898 0.090442 -0.10135 0.0480806 -0.0451901 0.00243297 -0.0416759 0.14388 -0.21812 -0.0868662 -0.269814 -0.258961 -0.127411 0.466487 -0.175525 -0.164741
internal_weight=79800 43603 36197 14428 29175 19739 3439 10989 15053 16458 14122 2980 7727 14276 3262 10971 10739 8116 9000 6937 8753 3151 9772 6924 2182 1986 3815 459 4504 247
internal_count=79800 43603 36197 14428 29175 19739 3439 10989 15053 16458 14122 2980 7727 14276 3262 10971 10739 8116 9000 6937 8753 3151 9772 6924 2182 1986 3815 459 4504 247
is_linear=0
shrinkage=0.0966648


Tree=28
num_leaves=32
num_cat=0
split_feature=14 14 14 14 14 14 14 25 25 25 14 25 14 14 14 25 25 25 25 25 14 25 25 25 14 25 25 24 25 25 25
split_gain=111496 18395.1 17769.2 3446.16 3133.11 1490.68 1265.71 1192.48 793.545 631.712 616.946 580.337 550.6 519.104 432.839 411.411 406.786 386.785 382.326 296.602 282.829 257.049 237.515 226.214 221.141 174.098 158.364 146.402 34.7584 13.7323 13.3077
threshold=33.500000000000007 56.500000000000007 14.500000000000002 74.500000000000014 44.500000000000007 24.500000000000004 1.5000000000000002 56.392307692307703 62.775000000000006 43.207142857142863 63.500000000000007 6.3891891891891897 63.500000000000007 38.500000000000007 91.500000000000014 34.51315789473685 57.071428571428577 33.01315789473685 33.328759398496253 32.510000000000012 82.500000000000014 22.550000000000004 33.328759398496253 14.055555555555557 28.500000000000004 44.677083333333336 27.550000000000004 13.500000000000002 43.367003367003377 37.873015873015881 1.8166666666666669
decision_type=2 2 2 2 2 2 2 2 2 2 2 2 2 2 2 2 2 2 2 2 2 2 2 2 2 2 2 2 2 2 2
left_child=2 4 6 7 13 18 11 10 20 21 -3 30 -9 19 -10 -15 -11 24 23 -2 -5 -6 -13 -4 -7 -19 27 -8 -20 -28 -1
right_child=1 3 5 8 9 17 26 12 14 16 -12 22 -14 15 -16 -17 -18 25 28 -21 -22 -23 -24 -25 -26 -27 29 -29 -30 -31 -32
leaf_value=-0.18097328710565216 0.060417792833847558 0.1915931352580629 -0.0072401731898195402 0.3535841821760709 0.22766802866783831 -0.031043030885757442 -0.17045889083314139 0.13228804606183481 0.24982848012775821 0.093539930972408161 0.26916954004607208 -0.2177452020523527 0.18689053495293897 0.10036443173927161 0.57292944204153529 0.040459590153740309 0.021886827769575706 -0.054938368272677021 -0.13950056758773413 0.0014422432389913564 0.50870810836958147 0.12857701281056286 -0.27872328808227337 -0.076761087344254894 0.0030445695276478633 -0.1550483902642952 -0.17976758094785841 -0.13130329529886897 -0.21474145330989949 -0.24215011828240862 -0.20050069820362035
leaf_weight=6061 954 2369 458 680 278 3811 1334 3601 1096 9751 1786 4648 3547 1261 38 7099 807 1597 441 4652 198 2815 820 10547 3326 177 403 3800 105 142 1198
leaf_count=6061 954 2369 458 680 278 3811 1334 3601 1096 9751 1786 4648 3547 1261 38 7099 807 1597 441 4652 198 2815 820 10547 3326 177 403 3800 105 142 1198
internal_value=0.000239525 0.111572 -0.117004 0.204873 0.066545 -0.054984 -0.185901 0.183884 0.321644 0.0994686 0.225371 -0.202944 0.159553 0.0343273 0.264412 0.0495788 0.0880829 -0.0252477 -0.0778922 0.0115469 0.392648 0.138022 -0.227265 -0.0738748 -0.0151712 -0.065548 -0.147486 -0.141715 -0.15673 -0.19914 -0.184403
internal_weight=79800 40932 38868 13315 27617 20462 18406 11303 2012 13651 4155 12727 7148 13966 1134 8360 10558 8911 11551 5606 878 3093 5468 11005 7137 1774 5679 5134 546 545 7259
internal_count=79800 40932 38868 13315 27617 20462 18406 11303 2012 13651 4155 12727 7148 13966 1134 8360 10558 8911 11551 5606 878 3093 5468 11005 7137 1774 5679 5134 546 545 7259
is_linear=0
shrinkage=0.0966648


Tree=29
num_leaves=32
num_cat=0
split_feature=14 14 14 14 14 14 14 25 25 25 14 25 25 25 25 14 25 25 14 25 14 25 25 14 14 25 25 14 25 24 25
split_gain=91192.1 16324.2 13698.6 2662.93 2417.41 1543.73 1147.72 1021.84 654.949 585.06 575.203 562.327 538.136 486.803 397.467 353.858 339.202 330.414 287.882 279.578 260.468 218.985 199.773 196.016 168.384 140.575 128.534 118.79 66.5491 46.0863 45.6159
threshold=35.500000000000007 15.500000000000002 58.500000000000007 48.500000000000007 75.500000000000014 26.500000000000004 1.5000000000000002 58.527777777777786 48.916666666666679 50.090909090909101 40.500000000000007 63.071428571428577 17.916666666666668 28.53365384615385 27.31481481481482 91.500000000000014 22.550000000000004 59.775000000000006 21.500000000000004 42.520270270270281 64.500000000000014 31.691576086956527 1.8166666666666669 85.500000000000014 8.5000000000000018 14.055555555555557 40.654761904761912 43.500000000000007 51.937500000000007 9.5000000000000018 14.055555555555557
decision_type=2 2 2 2 2 2 2 2 2 2 2 2 2 2 2 2 2 2 2 2 2 2 2 2 2 2 2 2 2 2 2
left_child=1 6 3 9 7 14 13 12 21 10 -2 23 -4 22 18 -13 30 -10 -3 -18 -9 -5 -1 -6 29 -26 -16 -11 -15 -8 -7
right_child=2 5 4 8 11 16 24 20 17 27 -12 15 -14 28 26 -17 19 -19 -20 -21 -22 -23 -24 -25 25 -27 -28 -29 -30 -31 -32
leaf_value=-0.16350153094541439 0.026708204574746621 -0.071952160605927712 0.34396422019196343 0.20226419779606097 0.33881032794500199 0.10251097299774138 -0.19501707567251642 0.12671609354795474 0.097673138717655428 -0.086116014750016345 0.064260028171439929 0.23236387291796332 0.20400530531457492 -0.22849998896435417 -0.092525201175993346 0.52680816005935716 -0.013952847293573024 0.027305982331745554 -0.040588152135557817 -0.10737647707666907 0.1693881026377568 0.13159513646766416 -0.19087879048876161 0.51972189998096618 -0.096583757284090188 -0.13844719772142994 -0.16908424105317804 -0.0079347594026970194 -0.33106229571571522 -0.1445597705678337 0.040638151843936307
leaf_weight=6061 6136 5734 290 511 668 151 252 2623 6293 243 10128 928 3559 1352 2144 38 7742 700 5306 304 3130 2925 5214 92 1758 1482 235 666 100 2585 450
leaf_count=6061 6136 5734 290 511 668 151 252 2623 6293 243 10128 928 3559 1352 2144 38 7742 700 5306 304 3130 2925 5214 92 1758 1482 235 666 100 2585 450
internal_value=0.000224333 -0.100619 0.106092 0.0693243 0.195573 -0.0441989 -0.166781 0.176365 0.107846 0.0458931 0.0501118 0.30118 0.21521 -0.183377 -0.0647145 0.247984 -0.0123324 0.0906668 -0.0569166 -0.017581 0.150126 0.14253 -0.176282 0.365658 -0.131839 -0.116013 -0.100604 -0.0293776 -0.237257 -0.149553 0.0572738
internal_weight=79800 40870 38930 27602 11328 22066 18804 9602 10429 17173 16264 1726 3849 12727 13419 966 8647 6993 11040 8046 5753 3436 11275 760 6077 3240 2379 909 1452 2837 601
internal_count=79800 40870 38930 27602 11328 22066 18804 9602 10429 17173 16264 1726 3849 12727 13419 966 8647 6993 11040 8046 5753 3436 11275 760 6077 3240 2379 909 1452 2837 601
is_linear=0
shrinkage=0.0966648


Tree=30
num_leaves=29
num_cat=0
split_feature=14 14 14 14 14 14 25 25 14 25 14 25 25 25 25 25 14 25 25 24 25 14 25 25 25 14 25 24
split_gain=74616.3 14325.9 9958.62 3290.72 1640.54 947.804 932.146 910.269 614.31 541.862 540.008 490.786 403.587 362.499 352.19 317.734 298.829 250.682 201.991 163.494 142.98 128.979 121.048 110.801 102.374 82.7201 75.9482 69.4255
threshold=30.500000000000004 52.500000000000007 10.500000000000002 69.500000000000014 41.500000000000007 20.500000000000004 31.691576086956527 17.535714285714288 83.500000000000014 53.033333333333339 61.500000000000007 22.550000000000004 45.346666666666671 22.550000000000004 33.24038461538462 33.01315789473685 1.0000000180025095e-35 15.535714285714286 33.328759398496253 13.500000000000002 48.516666666666673 1.0000000180025095e-35 1.8166666666666669 43.527777777777786 14.816666666666668 47.500000000000007 50.090909090909101 9.5000000000000018
decision_type=2 2 2 2 2 2 2 2 2 2 2 2 2 2 2 2 2 2 2 2 2 2 2 2 2 2 2 2
left_child=2 4 11 6 12 18 24 -5 -9 14 -8 16 13 -2 -6 17 22 -7 19 -4 21 -13 -1 -17 -3 -11 -14 -18
right_child=1 3 5 7 9 15 10 8 -10 25 -12 20 26 -15 -16 23 27 -19 -20 -21 -22 -23 -24 -25 -26 -27 -28 -29
leaf_value=-0.15004037755633789 0.097945428969360995 0.29689624236111439 -0.10004552461166354 0.4036432752660164 0.12792621705820534 0.045363081412655208 0.10890391533303094 0.20542257777374845 0.35377262482788391 -0.049933661627089336 0.15101223851796075 -0.20547719689766741 -0.038504103348975513 0.014791105862944388 0.063927640426591256 -0.070152568438958576 -0.17106639850540756 -0.036328710339911467 -0.16775826505358102 -0.069090283616773968 -0.28200919889413101 -0.15352946222298158 -0.17404808455606205 -0.14997046968614583 0.20467753237655717 0.011637366828106538 -0.11397806566350328 -0.1242851439033041
leaf_weight=5506 505 204 2534 272 863 357 8111 3307 295 275 4533 1651 392 11215 12084 1351 381 10398 254 4658 196 809 3944 187 637 725 185 3971
leaf_count=5506 505 204 2534 272 863 357 8111 3307 295 275 4533 1651 392 11215 12084 1351 381 10398 254 4658 196 809 3944 187 637 725 185 3971
internal_value=0.000212599 0.0853711 -0.102366 0.153481 0.0402886 -0.056035 0.130784 0.232076 0.218294 0.062974 0.124082 -0.157882 0.0145361 0.0184355 0.0682664 -0.0395088 -0.15033 -0.0335868 -0.0832506 -0.0800914 -0.196579 -0.188921 -0.160192 -0.0805498 0.229515 -0.00554457 -0.0638746 -0.128673
internal_weight=79800 43603 36197 17359 26244 19739 13485 3874 3602 13947 12644 16458 12297 11720 12947 12293 13802 10755 7446 7192 2656 2460 9450 1538 841 1000 577 4352
internal_count=79800 43603 36197 17359 26244 19739 13485 3874 3602 13947 12644 16458 12297 11720 12947 12293 13802 10755 7446 7192 2656 2460 9450 1538 841 1000 577 4352
is_linear=0
shrinkage=0.0966648


Tree=31
num_leaves=31
num_cat=0
split_feature=14 14 14 14 14 14 25 14 25 25 25 25 14 25 25 25 25 25 25 25 25 14 25 14 25 25 25 25 25 26
split_gain=61150.9 10895.2 9222.39 2048.03 1596.95 1032.82 969.287 757.281 504.58 442.195 426.867 377.212 371.029 399.324 359.653 290.754 290.369 271.223 223.28 196.528 189.439 174.668 160.627 147.078 128.085 90.5168 76.3972 59.4195 42.4216 25.3432
threshold=35.500000000000007 15.500000000000002 59.500000000000007 47.500000000000007 77.500000000000014 26.500000000000004 59.775000000000006 1.0000000180025095e-35 47.975000000000009 27.31481481481482 19.690476190476193 49.961538461538467 89.500000000000014 71.236111111111128 28.53365384615385 27.31481481481482 62.083333333333336 26.550000000000004 14.055555555555557 17.535714285714288 40.654761904761912 69.500000000000014 29.964285714285719 8.5000000000000018 1.8166666666666669 41.038461538461547 17.916666666666668 14.055555555555557 50.090909090909101 26.123417306890598
decision_type=2 2 2 2 2 2 2 2 2 2 2 2 2 2 2 2 2 2 2 2 2 2 2 2 2 2 2 2 2 2
left_child=1 7 3 9 6 15 10 14 19 27 -4 -11 13 -6 24 18 -10 26 -3 -5 -19 -8 23 -9 -1 -17 -7 -2 -16 -24
right_child=2 5 4 8 12 17 21 22 16 11 -12 -13 -14 -15 28 25 -18 20 -20 -21 -22 -23 29 -25 -26 -27 -28 -29 -30 -31
leaf_value=-0.13555683253184542 0.18793110725829712 0.020604576250640279 0.28905614151440073 0.21611389988219395 0.30359750578260486 0.070628505150046261 0.11170168219767528 -0.12072876362645824 0.078584597438868864 0.035661994897285137 0.17673632078114987 -0.033893227940887644 0.47659433937660667 0.18145162237982884 -0.19462760412123767 -0.077243395694876246 -0.0020678601748966401 -0.014279076885043677 -0.049216189077235843 0.11138211495892941 -0.079783677413313575 0.15104715671005434 -0.12638538453214737 -0.091377623554935339 -0.15893722889462164 -0.14357378106641422 0.015635661428768006 0.099902360999760326 -0.27903009183918498 -0.17500571771685075
leaf_weight=5506 93 442 366 178 640 282 3727 3778 8213 14593 3482 761 78 493 1097 2161 439 6614 10598 3732 433 1612 294 3071 4525 218 1318 523 102 431
leaf_count=5506 93 442 366 178 640 282 3727 3778 8213 14593 3482 761 78 493 1097 2161 439 6614 10598 3732 433 1612 294 3071 4525 218 1318 523 102 431
internal_value=0.000192322 -0.0823865 0.0868855 0.0584554 0.164797 -0.0362937 0.1508 -0.136439 0.0876507 0.0354595 0.18797 0.0321995 0.269376 0.252018 -0.152469 -0.0530745 0.0744941 -0.0102284 -0.0464085 0.116562 -0.0183859 0.12378 -0.11254 -0.107684 -0.146217 -0.0837612 0.0256174 0.115329 -0.203527 -0.156811
internal_weight=79800 40870 38930 28532 10398 22066 9187 18804 12562 15970 3848 15354 1211 1133 11230 13419 8652 8647 11040 3910 7047 5339 7574 6849 10031 2379 1600 616 1199 725
internal_count=79800 40870 38930 28532 10398 22066 9187 18804 12562 15970 3848 15354 1211 1133 11230 13419 8652 8647 11040 3910 7047 5339 7574 6849 10031 2379 1600 616 1199 725
is_linear=0
shrinkage=0.0966648


Tree=32
num_leaves=31
num_cat=0
split_feature=14 14 14 14 25 14 14 14 25 25 25 25 25 14 25 25 25 25 14 25 25 24 25 25 25 25 25 14 14 25
split_gain=50006.1 9439.79 7248.62 1879.77 1237.21 880.572 728.009 665.977 471.469 451.757 421.074 348.028 290.071 271.34 263.249 260.395 241.803 241.684 208.077 182.719 147.474 139.169 121.505 119.329 116.579 90.3695 71.4336 40.5289 18.7237 13.7675
threshold=36.500000000000007 16.500000000000004 61.500000000000007 50.500000000000007 31.691576086956527 27.500000000000004 1.5000000000000002 77.500000000000014 50.94444444444445 61.95454545454546 33.328759398496253 53.033333333333339 8.5500000000000025 91.500000000000014 27.31481481481482 27.31481481481482 62.083333333333336 14.055555555555557 23.500000000000004 43.207142857142863 22.679487179487186 13.500000000000002 18.516666666666669 17.916666666666668 40.654761904761912 45.589473684210539 17.916666666666668 76.500000000000014 10.500000000000002 1.8166666666666669
decision_type=2 2 2 2 2 2 2 2 2 2 2 2 2 2 2 2 2 2 2 2 2 2 2 2 2 2 2 2 2 2
left_child=1 6 3 10 17 15 12 9 23 -6 20 -12 29 -9 26 18 -10 -4 -3 -16 -2 28 -23 -5 -14 -17 -7 -19 -8 -1
right_child=2 5 4 8 7 14 21 13 16 -11 11 -13 24 -15 19 25 -18 27 -20 -21 -22 22 -24 -25 -26 -27 -28 -29 -30 -31
leaf_value=-0.12048494432468705 0.13069708784660081 -0.04708641648392721 0.33792970865234556 0.19806283593967225 0.16443823354134715 0.075658511684150984 -0.13112121649562408 0.20493793718627418 0.080644718128900908 0.11286094779311125 0.035981009575766006 -0.034501492361051711 -0.14951706277381435 0.45269754025069575 -0.010023797978673621 -0.06768582331959154 0.016029074750891863 0.20343898311656891 -0.018337298781209127 -0.084836912887203339 0.065439762780196239 -0.079231264740936294 -0.11922288965743939 0.11423937450513605 -0.20958474537192512 -0.1517072738022078 0.020897858238405717 0.28433906524990921 -0.1066359096785985 -0.13361378508977073
leaf_weight=6061 395 7774 298 176 2705 266 883 958 6614 4126 15328 678 4440 42 6797 2555 594 532 3392 312 1956 3958 911 3313 375 124 1258 139 989 1851
leaf_count=6061 395 7774 298 176 2705 266 883 958 6614 4126 15328 678 4440 42 6797 2555 594 532 3392 312 1956 3958 911 3313 375 124 1258 139 989 1851
internal_value=0.00018154 -0.0725046 0.0807235 0.0574165 0.157557 -0.0298122 -0.121767 0.144534 0.089621 0.133446 0.0386209 0.0329804 -0.135434 0.218693 -0.0055752 -0.0449136 0.0753424 0.260852 -0.0383715 -0.0133946 0.0767912 -0.0958388 -0.0868886 0.118891 -0.154519 -0.0719946 0.0307851 0.223206 -0.118671 -0.123682
internal_weight=79800 41946 37854 29054 8800 22478 19468 7831 10697 6831 18357 16006 12727 1000 8633 13845 7208 969 11166 7109 2351 6741 4869 3489 4815 2679 1524 671 1872 7912
internal_count=79800 41946 37854 29054 8800 22478 19468 7831 10697 6831 18357 16006 12727 1000 8633 13845 7208 969 11166 7109 2351 6741 4869 3489 4815 2679 1524 671 1872 7912
is_linear=0
shrinkage=0.0966648


Tree=33
num_leaves=31
num_cat=0
split_feature=14 14 14 14 25 14 14 25 14 25 14 25 14 25 26 25 25 25 14 25 24 25 26 25 25 25 25 24 26 14
split_gain=40933.2 7331.09 6113.73 1920.39 877.219 805.822 600.212 422.12 379.802 375.458 357.819 312.268 309.977 262.495 229.001 205.124 202.061 183.619 176.412 161.779 153.579 130.675 100.993 99.7408 83.3817 76.4282 76.3992 74.5775 45.8392 22.3368
threshold=32.500000000000007 52.500000000000007 12.500000000000002 66.500000000000014 63.071428571428577 42.500000000000007 23.500000000000004 52.724747474747481 82.500000000000014 52.055555555555564 1.0000000180025095e-35 42.520270270270281 91.500000000000014 28.53365384615385 28.154592444336373 42.968750000000007 32.020833333333336 33.328759398496253 57.500000000000007 27.31481481481482 13.500000000000002 22.550000000000004 28.154592444336373 49.961538461538467 2.4233766233766239 37.873015873015881 59.775000000000006 9.5000000000000018 28.154592444336373 19.500000000000004
decision_type=2 2 2 2 2 2 2 2 2 2 2 2 2 2 2 2 2 2 2 2 2 2 2 2 2 2 2 2 2 2
left_child=2 5 10 7 8 11 17 19 -5 15 13 14 -6 24 -2 -7 21 20 -9 -3 -4 -8 -18 -13 -1 27 -11 -12 -15 -19
right_child=1 3 6 4 12 9 16 18 -10 26 25 23 -14 28 -16 -17 22 29 -20 -21 -22 -23 -24 -25 -26 -27 -28 -29 -30 -31
leaf_value=-0.11104749938294557 0.053495078156681988 0.16993432544201567 -0.064246260405837488 0.19265905438629266 0.12195601463165771 0.074538889436886704 0.020753813869431436 0.060844611021495104 0.33539268026220459 0.007792880764887794 -0.12674274878155684 -0.015414752798736579 0.38111194538248178 -0.13039461523725793 0.013873697680270778 0.045984663368799979 0.0022060454189381422 -0.13977541780264757 0.090829660500487241 0.11025393136095828 -0.040006994645071375 -0.016335217768193855 -0.057620980991701681 -0.083631863609757995 -0.12999307886684697 -0.15273352277462787 -0.062004530638979628 -0.089506754439940564 -0.18162099412477881 -0.089168227382157225
leaf_weight=5632 1615 515 3890 2224 2931 3369 1023 3043 200 1069 604 1410 38 333 8591 8039 319 178 4939 3469 6762 6427 1497 227 4399 223 162 5499 866 307
leaf_count=5632 1615 515 3890 2224 2931 3369 1023 3043 200 1069 604 1410 38 333 8591 8039 319 178 4939 3469 6762 6427 1497 227 4399 223 162 5499 866 307
internal_value=0.000173554 0.0661097 -0.0725045 0.11415 0.162084 0.032022 -0.0364977 0.0924565 0.205451 0.048992 -0.114316 0.0138915 0.126241 -0.124776 0.0201787 0.0544615 -0.0182991 -0.0516161 0.0794674 0.118279 -0.0488986 -0.0112263 -0.0471465 -0.0252184 -0.119448 -0.0956206 -0.00171785 -0.0933456 -0.168308 -0.109619
internal_weight=79800 41841 37959 17359 5393 24482 20403 11966 2424 12639 17556 11843 2969 11230 10206 11408 9266 11137 7982 3984 10652 7450 1816 1637 10031 6326 1231 6103 1199 485
internal_count=79800 41841 37959 17359 5393 24482 20403 11966 2424 12639 17556 11843 2969 11230 10206 11408 9266 11137 7982 3984 10652 7450 1816 1637 10031 6326 1231 6103 1199 485
is_linear=0
shrinkage=0.0966648


Tree=34
num_leaves=32
num_cat=0
split_feature=14 14 14 14 40 14 14 14 40 40 40 40 40 14 40 40 40 40 40 40 40 40 40 40 14 40 14 14 40 40 14
split_gain=33531.4 6306.08 4897.71 1165.56 935.631 586.747 530.405 505.952 336.388 309.218 270.095 242.534 227.492 220.401 213.013 207.385 204.383 190.869 160.353 149.074 136.936 122.795 114.858 62.7581 57.183 53.7652 47.3205 31.9635 30.8623 26.1249 16.5623
threshold=36.500000000000007 16.500000000000004 60.500000000000007 49.500000000000007 0.95100824506299586 27.500000000000004 76.500000000000014 6.5000000000000009 1.801176071865507 1.0001372257006811 1.8217498992672272 1.5031397434273295 0.4749874823150711 91.500000000000014 1.4992575592512292 0.42178240632771308 0.81966936671064128 0.24915927991475398 1.0001372257006811 0.4812859139397711 1.2199776264334898 1.5914366999226675 0.53764753375765795 1.0001372257006811 55.500000000000007 0.42178240632771308 64.500000000000014 1.0000000180025095e-35 0.19172828708532044 0.25657040448156143 76.500000000000014
decision_type=2 2 2 2 2 2 2 2 2 2 2 2 2 2 2 2 2 2 2 2 2 2 2 2 2 2 2 2 2 2 2
left_child=1 7 3 9 15 12 10 17 14 22 -6 -11 29 -8 -5 30 25 27 -14 28 -18 -19 -2 -21 -10 -7 -17 -1 -9 -3 -4
right_child=2 5 4 8 6 16 13 19 24 11 -12 -13 18 -15 -16 26 20 21 -20 23 -22 -23 -24 -25 -26 -27 -28 -29 -30 -31 -32
leaf_value=-0.10214309396073271 0.13656573831437763 0.072860031074967246 0.2400773959446669 0.094761784515796227 0.12997009623968189 0.082790844467988275 0.16534842211157341 0.004109224723241601 -0.020890181129078967 0.028636241766695818 0.090925375263852637 -0.018333074971558051 -0.036633086825558665 0.38484512758116568 0.065080399505672751 0.12343722318649888 -0.0077115296360894649 -0.11953437292487444 -0.081965448430585328 -0.091971158514569801 -0.058253467494789136 -0.221541630339782 0.05680852543125519 -0.1793473598886054 0.030544431705187225 0.021279158846257307 0.19655537550157121 -0.08595053757569579 -0.061259243432427099 0.014656194470804152 0.34092628395912183
leaf_weight=6985 182 79 194 3547 2706 141 1151 68 282 13918 4624 1104 12523 42 6579 161 6574 5972 773 1283 535 116 2043 85 667 1383 544 1780 3179 470 110
leaf_count=6985 182 79 194 3547 2706 141 1151 68 282 13918 4624 1104 12523 42 6579 161 6574 5972 773 1283 535 116 2043 85 667 1383 544 1780 3179 470 110
internal_value=0.000158546 -0.0593619 0.0661118 0.0459183 0.126027 -0.0244679 0.115408 -0.0996256 0.0703858 0.0301825 0.10546 0.0251768 -0.0367951 0.175473 0.0755409 0.214189 -0.00468344 -0.108344 -0.0393141 -0.0714341 -0.0115735 -0.121753 0.0637769 -0.0983649 0.0152157 0.0273543 0.181358 -0.0989323 -0.0598838 0.0239155 0.284023
internal_weight=79800 41946 37854 28322 9532 22478 8523 19468 11075 17247 7330 15022 13845 1193 10126 1009 8633 14853 13296 4615 7109 6088 2225 1368 949 1524 705 8765 3247 549 304
internal_count=79800 41946 37854 28322 9532 22478 8523 19468 11075 17247 7330 15022 13845 1193 10126 1009 8633 14853 13296 4615 7109 6088 2225 1368 949 1524 705 8765 3247 549 304
is_linear=0
shrinkage=0.0966648


Tree=35
num_leaves=31
num_cat=0
split_feature=14 14 14 14 25 14 14 14 25 25 25 14 25 25 25 25 14 26 24 25 14 25 26 24 25 25 25 25 24 25
split_gain=27461.1 5897.08 3572.43 870.443 717.042 613.584 467.809 401.197 296.547 293.583 272.53 251.265 223.382 206.794 174.798 172.76 152.177 144.546 136.974 135.191 134.153 126.48 88.1316 87.7245 82.8684 74.4092 69.2165 61.8149 57.4375 19.7255
threshold=38.500000000000007 18.500000000000004 62.500000000000007 51.500000000000007 31.691576086956527 7.5000000000000009 28.500000000000004 80.500000000000014 51.055555555555564 62.775000000000006 51.937500000000007 44.500000000000007 40.654761904761912 17.916666666666668 31.691576086956527 62.083333333333336 82.500000000000014 28.154592444336373 13.500000000000002 18.016129032258068 91.500000000000014 29.614285714285717 26.123417306890598 13.500000000000002 14.550505050505052 56.392307692307703 14.055555555555557 47.675438596491233 13.500000000000002 33.328759398496253
decision_type=2 2 2 2 2 2 2 2 2 2 2 2 2 2 2 2 2 2 2 2 2 2 2 2 2 2 2 2 2 2
left_child=1 5 3 8 16 14 13 9 11 -6 24 -2 17 28 23 -12 26 -8 29 -20 -9 -15 -16 -1 -5 -10 -4 -14 -3 -7
right_child=2 6 4 10 7 18 12 20 25 -11 15 -13 27 21 22 -17 -18 -19 19 -21 -22 -23 -24 -25 -26 -27 -28 -29 -30 -31
leaf_value=-0.11210552820863912 0.025555153084565109 -0.019153217609397616 0.2346067598859928 0.16881569872456711 0.12790680699736615 -0.079693817045290258 0.02623279794005727 0.17021679783324245 0.0028950684113806238 0.085752073606750176 0.062963323916543079 0.050234430581788031 -0.033512948864375156 -0.027170828270811 -0.089840991321250341 0.012503640234237169 0.3288845245856149 -0.0028697202861793451 -0.039703650395950266 -0.078876574324171195 0.35336343280636573 -0.053411538159607613 -0.14573310798106306 -0.090403837141085602 0.087816976762095836 -0.050255333218111251 0.16245062595706422 -0.098690123350287706 0.040628664576972784 -0.14149798989639328
leaf_weight=2245 8124 211 237 125 2648 1943 2048 518 1090 3949 6118 7385 803 10289 424 712 85 7107 2962 1156 42 2068 1028 11490 3389 310 594 161 483 56
leaf_count=2245 8124 211 237 125 2648 1943 2048 518 1090 3949 6118 7385 803 10289 424 712 85 7107 2962 1156 42 2068 1028 11490 3389 310 594 161 483 56
internal_value=0.000154261 -0.0503803 0.0637723 0.0470182 0.120234 -0.0870797 -0.0166188 0.109702 0.0334809 0.102801 0.069106 0.0373257 -0.0010172 -0.0287078 -0.0975125 0.0577229 0.200937 0.00365702 -0.0610886 -0.0508258 0.188518 -0.0315926 -0.129967 -0.0940113 0.0910578 -0.00908257 0.184977 -0.0450879 0.0224423 -0.0819567
internal_weight=79800 44474 35326 27253 8073 21304 23170 7157 16909 6597 10344 15509 10119 13051 15187 6830 916 9155 6117 4118 560 12357 1452 13735 3514 1400 831 964 694 1999
internal_count=79800 44474 35326 27253 8073 21304 23170 7157 16909 6597 10344 15509 10119 13051 15187 6830 916 9155 6117 4118 560 12357 1452 13735 3514 1400 831 964 694 1999
is_linear=0
shrinkage=0.0966648


Tree=36
num_leaves=31
num_cat=0
split_feature=25 25 25 25 25 25 26 25 25 26 26 24 25 24 9 17 0 9 24 39 15 33 25 25 24 11 7 26 2 26
split_gain=10139.7 1925.54 1442.82 263.343 222.174 197.952 118.646 115.525 92.452 90.2105 52.851 51.1213 39.9827 26.1018 21.9953 21.0644 17.793 17.2388 16.8298 16.378 16.3758 15.5505 14.4555 13.9348 13.8667 9.16841 8.62395 7.53532 6.35406 4.91664
threshold=30.508620689655178 48.916666666666679 11.178118393234675 38.366666666666674 57.94444444444445 19.690476190476193 49.180509084086438 86.250000000000014 4.2386363636363642 28.154592444336373 36.143519915392638 13.500000000000002 44.047619047619058 12.500000000000002 0.014750000000000001 1.0000000180025095e-35 60540.000000000007 2.0650000000000006e-06 29.500000000000004 -9.3245123350545036 1.0000000180025095e-35 0.0045785650000000006 52.483333333333341 0.2678571428571429 10.500000000000002 0.42550000000000004 0.027350000000000003 42.494155127820854 0.16550000000000004 34.592782811087396
decision_type=2 2 2 2 2 2 2 2 2 2 2 2 2 2 2 2 2 2 2 2 2 2 2 2 2 2 2 2 2 2
left_child=2 3 8 6 22 11 9 15 23 -2 13 14 19 -7 -4 -6 -10 -13 -12 -5 -18 -8 29 24 -1 -9 -25 -14 -24 -3
right_child=1 4 5 12 7 10 21 25 16 -11 18 17 27 -15 -16 -17 20 -19 -20 -21 -22 -23 28 26 -26 -27 -28 -29 -30 -31
leaf_value=-0.05441358816160051 0.022645176308754306 0.032661904578958803 -0.039059504452681304 -0.014573864786905599 0.066614918983863958 -0.027864045544106902 -0.035819186175269829 0.21339835194282128 -0.00061096405088027534 0.0022165652175977504 -0.010698697119082378 -0.040221139728304683 0.026711560849742105 -0.018343813332566579 -0.058222519062923771 0.010068959354725444 -0.056151345637692827 -0.028150704464855587 0.0077230373705713335 0.019971557555765289 0.0032495255730466302 -0.085555522786164462 0.00812338199305517 -0.016324105847931623 -0.078202963528074376 0.10949812879800026 -0.067379203407341604 0.033901342999350777 0.049084518937180958 0.042325059216963029
leaf_weight=324 2543 800 1164 125 8312 4023 333 45 56 9716 2661 1702 3700 8449 1264 65 4181 3595 555 8791 43 73 39 37 4315 49 2759 2488 4859 2734
leaf_count=324 2543 800 1164 125 8312 4023 333 45 56 9716 2661 1702 3700 8449 1264 65 4181 3595 555 8791 43 73 39 37 4315 49 2759 2488 4859 2734
internal_value=0.000147462 0.0307006 -0.038705 0.0150358 0.0564171 -0.0248338 0.00475143 0.0675079 -0.066393 0.00646571 -0.0185811 -0.0375009 0.0236527 -0.0214298 -0.0491868 0.0661857 -0.0548255 -0.0320814 -0.00750882 0.0194752 -0.0555419 -0.0461752 0.0452239 -0.0729889 -0.0766335 0.171525 -0.0667498 0.0296405 0.0487715 0.0402127
internal_weight=79800 44672 35128 27769 16903 23413 12665 8471 11715 12259 15688 7725 15104 12472 2428 8377 4280 5297 3216 8916 4224 406 8432 7435 4639 94 2796 6188 4898 3534
internal_count=79800 44672 35128 27769 16903 23413 12665 8471 11715 12259 15688 7725 15104 12472 2428 8377 4280 5297 3216 8916 4224 406 8432 7435 4639 94 2796 6188 4898 3534
is_linear=0
shrinkage=0.0966648


Tree=37
num_leaves=32
num_cat=0
split_feature=14 14 14 25 14 14 14 25 14 25 25 25 25 25 25 25 25 25 25 14 25 24 25 25 25 25 25 25 14 24 14
split_gain=20000.6 4008.06 2972.86 743.772 676.111 456.321 347.303 311.175 293.34 276.051 268.657 233.074 226.59 195.915 173.914 160.071 153.176 150.548 143.833 141.731 127.215 110.448 93.8013 90.1184 59.8142 53.9966 43.827 36.5216 34.4533 29.3423 15.6568
threshold=37.500000000000007 18.500000000000004 61.500000000000007 31.691576086956527 46.500000000000007 2.5000000000000004 77.500000000000014 46.045454545454554 25.500000000000004 46.045454545454554 61.95454545454546 12.39491525423729 27.31481481481482 40.654761904761912 62.083333333333336 17.916666666666668 22.550000000000004 14.055555555555557 22.550000000000004 91.500000000000014 14.550505050505052 13.500000000000002 25.693750000000005 53.033333333333339 50.94444444444445 54.775000000000006 37.873015873015881 1.8166666666666669 76.500000000000014 13.500000000000002 78.500000000000014
decision_type=2 2 2 2 2 2 2 2 2 2 2 2 2 2 2 2 2 2 2 2 2 2 2 2 2 2 2 2 2 2 2
left_child=1 5 4 17 9 11 10 20 15 12 -5 27 -2 16 -9 29 -10 30 21 -8 -6 -7 -17 -13 -15 -11 -20 -1 -19 -3 -4
right_child=2 8 3 6 7 18 19 14 13 25 -12 23 -14 24 -16 22 -18 28 26 -21 -22 -23 -24 -25 -26 -27 -28 -29 -30 -31 -32
leaf_value=-0.071857120046724565 0.094187469156119821 -0.0098540380550062017 0.2076761376182269 0.10734677867829409 0.16179133229342513 -0.069092366765863805 0.13518087423652084 0.045358331486025381 0.037564733370102889 -0.010066815932412727 0.067783947379225495 -0.10169093652681273 0.023019915138327494 -0.040118602844172735 -0.0066985615679599876 -0.025199217361690212 -0.0052311514103352578 0.1368214736605162 -0.078700613973743755 0.31245405934694381 0.070255697466314493 -0.041803543184744774 -0.047875792987302164 -0.19518813451058284 -0.11545670076002391 -0.062952504217037228 -0.13727384764370054 -0.085543164051476023 0.20251091773634175 0.037547824217408848 0.30221487655502988
leaf_weight=6201 429 175 214 2705 145 2014 958 10790 837 1414 4126 4065 10398 657 633 6947 10450 532 1029 42 3857 4670 2275 101 113 200 149 3075 139 376 84
leaf_count=6201 429 175 214 2705 145 2014 958 10790 837 1414 4126 4065 10398 657 633 6947 10450 532 1029 42 3857 4670 2275 101 113 200 149 3075 139 376 84
internal_value=0.000133362 -0.0444811 0.0526163 0.101579 0.0371303 -0.0743017 0.0915246 0.050651 -0.0153633 0.020346 0.0835527 -0.0851462 0.0259041 -0.00526902 0.0424711 -0.0278028 -0.00203434 0.181488 -0.0556958 0.144936 0.0738738 -0.0500955 -0.0308283 -0.10431 -0.0521991 -0.0168856 -0.086945 -0.0764606 0.152553 0.0225638 0.241204
internal_weight=79800 43134 36666 8800 27866 21304 7831 15425 21830 12441 6831 13442 10827 12057 11423 9773 11287 969 7862 1000 4002 6684 9222 4166 770 1614 1178 9276 671 551 298
internal_count=79800 43134 36666 8800 27866 21304 7831 15425 21830 12441 6831 13442 10827 12057 11423 9773 11287 969 7862 1000 4002 6684 9222 4166 770 1614 1178 9276 671 551 298
is_linear=0
shrinkage=0.0966648


Tree=38
num_leaves=31
num_cat=0
split_feature=14 14 14 14 25 14 25 14 25 25 25 25 14 25 14 25 25 26 25 25 25 25 14 24 14 25 14 14 25 25
split_gain=16378 3504.55 2347.8 652.131 586.696 417.21 308.314 300.121 284.528 272.552 210.507 200.998 177.821 164.082 154.933 151.984 147.88 119.95 117.684 94.7159 87.2646 84.8253 83.5666 78.1918 69.0034 63.9247 59.0359 55.3887 53.5784 47.1429
threshold=38.500000000000007 15.500000000000002 64.500000000000014 51.500000000000007 63.071428571428577 23.500000000000004 22.550000000000004 79.500000000000014 37.873015873015881 51.937500000000007 43.207142857142863 53.033333333333339 5.5000000000000009 20.377976190476193 82.500000000000014 22.550000000000004 22.550000000000004 27.680295263293285 64.062500000000014 14.550505050505052 49.961538461538467 27.97058823529412 86.500000000000014 9.5000000000000018 70.500000000000014 6.3891891891891897 1.0000000180025095e-35 91.500000000000014 39.972222222222229 52.724747474747481
decision_type=2 2 2 2 2 2 2 2 2 2 2 2 2 2 2 2 2 2 2 2 2 2 2 2 2 2 2 2 2 2
left_child=1 6 3 8 7 16 12 15 17 21 13 -10 25 -7 24 -4 19 -2 -11 -3 26 -5 -9 -14 -6 -1 -8 -16 -18 -12
right_child=2 5 4 9 14 10 20 22 11 18 29 -13 23 -15 27 -17 28 -19 -20 -21 -22 -23 -24 -25 -26 -27 -28 -29 -30 -31
leaf_value=-0.065832517791544726 0.089099289561030179 0.027041118991989497 0.17872446647811879 0.11348346296040145 0.054067598867637734 0.040020984211604785 -0.10669171374494356 0.18327226931374385 0.02225819511485443 0.04795432833591174 -0.049398617808749302 -0.026259822995360085 -0.079575960168751667 -0.0060417291780380409 0.11974582204001775 0.10994147364020515 -0.042695640559520034 0.041756560991835098 0.0061669641283173815 -0.024350333943419216 -0.16841019788108921 0.069892094405598959 0.31960779881860762 -0.041147147838160945 0.082521978568727436 -0.08115606454005117 -0.075612880749751046 0.2530903390654976 -0.096380073827145099 -0.12382324936644262
leaf_weight=7936 651 351 368 498 1691 753 1676 321 13173 7168 466 843 590 14466 220 2312 3939 2242 693 5419 169 3387 66 3301 1655 4101 1031 38 180 96
leaf_count=7936 651 351 368 498 1691 753 1676 321 13173 7168 466 843 590 14466 220 2312 3939 2242 693 5419 169 3387 66 3301 1655 4101 1031 38 180 96
internal_value=0.000128207 -0.0388983 0.0492588 0.0372165 0.100884 -0.0156659 -0.0705944 0.132022 0.025044 0.0547118 -0.00590508 0.0193274 -0.065268 -0.00374374 0.0741634 0.119867 -0.0312258 0.0526163 0.04428 -0.0211925 -0.0998427 0.0756914 0.212253 -0.0471185 0.0682974 -0.0711013 -0.0951007 0.146092 -0.0452155 -0.0636
internal_weight=79800 44474 35326 28655 6671 25670 18804 3067 16909 11746 15781 14016 15928 15219 3604 2680 9889 2893 7861 5770 2876 3885 387 3891 3346 12037 2707 258 4119 562
internal_count=79800 44474 35326 28655 6671 25670 18804 3067 16909 11746 15781 14016 15928 15219 3604 2680 9889 2893 7861 5770 2876 3885 387 3891 3346 12037 2707 258 4119 562
is_linear=0
shrinkage=0.0966648


Tree=39
num_leaves=31
num_cat=0
split_feature=14 14 14 14 14 25 25 25 25 14 25 14 25 25 25 14 26 25 25 25 25 25 25 14 14 25 25 25 25 14
split_gain=13480.8 2757.46 1883.6 638.029 524.592 379.579 283.96 282.739 268.07 245.326 198.233 193.665 186.766 165.092 160.202 128.29 114.809 113.644 91.8843 90.2884 87.774 87.1217 84.4884 60.0909 52.3674 50.3823 41.2801 37.9408 33.3532 30.6766
threshold=31.500000000000004 56.500000000000007 10.500000000000002 70.500000000000014 44.500000000000007 70.100000000000009 31.894444444444449 56.392307692307703 56.788888888888899 21.500000000000004 14.055555555555557 83.500000000000014 45.346666666666671 44.956302521008404 31.691576086956527 91.500000000000014 28.154592444336373 22.550000000000004 71.236111111111128 22.550000000000004 53.033333333333339 14.816666666666668 17.535714285714288 5.5000000000000009 1.0000000180025095e-35 33.763888888888893 14.055555555555557 5.0192307692307701 6.3891891891891897 53.500000000000007
decision_type=2 2 2 2 2 2 2 2 2 2 2 2 2 2 2 2 2 2 2 2 2 2 2 2 2 2 2 2 2 2
left_child=2 4 10 8 6 11 21 13 22 17 23 -5 -8 -6 19 -7 -16 26 -10 -11 24 -2 -3 27 -12 -19 -4 -1 -25 -9
right_child=1 3 9 5 7 15 12 29 18 14 20 -13 -14 -15 16 -17 -18 25 -20 -21 -22 -23 -24 28 -26 -27 -28 -29 -30 -31
leaf_value=-0.059081669830697306 0.11162064918657247 0.13744127931306815 -0.013605287056158365 0.12553806297903572 0.054977861898026975 0.063095612373868987 0.0073375559320740264 -0.033968948279678175 0.050248335145588366 0.0090432523318018133 -0.089730010551841904 0.23391920124754845 -0.03064025748909855 0.030941422745151582 0.0045229408907872777 0.23221431567138889 -0.051632280015077185 -0.047663565657435535 -0.025529836690123948 -0.013529163872055265 -0.16583563862495912 0.036544914810196158 0.077202617400509169 0.0063005396117838588 -0.066326350687625976 -0.091426526699434921 -0.032371546538158394 -0.072477199822082589 -0.045935915415860729 0.00044786500246255537
leaf_weight=7528 152 240 1398 1911 3858 1317 12501 455 5956 2125 2876 174 1332 8831 438 37 1498 2058 149 7420 120 1833 3531 123 1492 286 5335 2989 1330 507
leaf_count=7528 152 240 1398 1911 3858 1317 12501 455 5956 2125 2876 174 1332 8831 438 37 1498 2058 149 7420 120 1833 3531 123 1492 286 5335 2989 1330 507
internal_value=0.000122941 0.0370755 -0.0425865 0.0735725 0.0205702 0.109466 0.00858227 0.0344485 0.0609988 -0.0230628 -0.0669519 0.135403 0.00366574 0.0382782 -0.0136594 0.0689924 -0.0389599 -0.0349353 0.0483693 -0.00850067 -0.0843883 0.0426992 0.0813062 -0.0603648 -0.0818655 -0.0532826 -0.0284948 -0.0629386 -0.0415042 -0.0159696
internal_weight=79800 42784 37016 13315 29469 3439 15818 13651 9876 20558 16458 2085 13833 12689 11481 1354 1936 9077 6105 9545 4488 1985 3771 11970 4368 2344 6733 10517 1453 962
internal_count=79800 42784 37016 13315 29469 3439 15818 13651 9876 20558 16458 2085 13833 12689 11481 1354 1936 9077 6105 9545 4488 1985 3771 11970 4368 2344 6733 10517 1453 962
is_linear=0
shrinkage=0.0966648


Tree=40
num_leaves=32
num_cat=0
split_feature=14 14 14 14 25 14 25 25 14 25 25 25 26 25 14 25 25 25 14 25 26 25 25 26 25 14 25 26 26 14 14
split_gain=11051.3 2364.71 1604.05 438.645 426.11 263.242 222.961 213.019 190.525 182.747 161.307 151.985 142.065 138.465 128.353 118.265 113.903 104.904 98.9414 90.2394 89.5711 88.2748 84.8027 63.6232 50.0211 45.9787 39.1438 36.4925 35.0103 15.4517 7.41396
threshold=38.500000000000007 18.500000000000004 64.500000000000014 50.500000000000007 32.267857142857146 1.0000000180025095e-35 40.654761904761912 50.94444444444445 27.500000000000004 65.966666666666683 29.964285714285719 27.31481481481482 49.180509084086438 50.090909090909101 82.500000000000014 27.31481481481482 40.654761904761912 66.050000000000011 68.500000000000014 29.964285714285719 49.180509084086438 14.055555555555557 17.916666666666668 28.154592444336373 1.8166666666666669 10.500000000000002 13.392307692307694 26.123417306890598 28.154592444336373 76.500000000000014 78.500000000000014
decision_type=2 2 2 2 2 2 2 2 2 2 2 2 2 2 2 2 2 2 2 2 2 2 2 2 2 2 2 2 2 2 2
left_child=1 5 3 6 21 10 12 20 15 18 24 26 -2 -8 -11 22 -13 -9 -6 25 -5 30 -3 -17 -1 -7 -10 -21 -12 -23 -4
right_child=2 8 4 7 9 19 13 17 11 14 28 16 -14 -15 -16 23 -18 -19 -20 27 -22 29 -24 -25 -26 -27 -28 -29 -30 -31 -32
leaf_value=-0.055029503514892504 0.039960935865426005 0.019314343535207969 0.16542918447532229 0.06678988882108601 0.07083017347035718 -0.047441546849737622 0.01623006906811705 0.037464198836480146 0.073607777619675699 0.04967231627741088 -0.069384336553713732 -0.0025608861553180315 -0.057368852693638388 -0.016513088340143089 0.12158046765910041 -0.018101667284737711 -0.037132184903462949 -0.016901550385500015 0.10770095525487573 -0.049559525048024702 0.015414963387271961 0.10846742083638197 -0.016656495518071905 -0.050694594239452155 -0.069063554224908424 -0.033478674782086333 0.020794930708021166 -0.088172809723064668 -0.11204207089938122 0.15469814077495855 0.24096865035530843
leaf_weight=5506 4674 651 182 3655 1347 4629 9644 8477 138 2659 300 8522 138 1373 252 921 987 341 1558 457 353 430 8968 1469 4632 4433 1514 555 792 159 84
leaf_count=5506 4674 651 182 3655 1347 4629 9644 8477 138 2659 300 8522 138 1373 252 921 987 341 1558 457 353 430 8968 1469 4632 4433 1514 555 792 159 84
internal_value=0.000114215 -0.0319438 0.0404721 0.0305185 0.0831441 -0.0551835 0.0197375 0.0438039 -0.0105646 0.0735954 -0.0653855 -0.0014697 0.0370833 0.0121408 0.0561988 -0.019011 -0.00617616 0.035349 0.0908349 -0.0437698 0.062303 0.146872 -0.0142087 -0.0382323 -0.0614887 -0.040645 0.0255248 -0.0712371 -0.100886 0.122766 0.195338
internal_weight=79800 44474 35326 28655 6671 21304 15829 12826 23170 5816 11230 11161 4812 11017 2911 12009 9509 8818 2905 10074 4008 855 9619 2390 10138 9062 1652 1012 1092 589 266
internal_count=79800 44474 35326 28655 6671 21304 15829 12826 23170 5816 11230 11161 4812 11017 2911 12009 9509 8818 2905 10074 4008 855 9619 2390 10138 9062 1652 1012 1092 589 266
is_linear=0
shrinkage=0.0966648


Tree=41
num_leaves=30
num_cat=0
split_feature=14 14 14 14 25 14 25 25 25 25 14 25 25 14 25 24 14 24 25 14 25 26 25 25 25 25 26 14 25
split_gain=9072.47 1743.36 1407.25 487.471 282.2 288.811 236.588 202.808 197.409 164.753 167.655 163.646 143.008 134.29 112.391 112.208 97.5916 95.7228 92.1252 90.4593 79.4438 64.5505 59.5102 58.2824 52.1293 46.3741 44.26 33.7637 20.1488
threshold=33.500000000000007 55.500000000000007 13.500000000000002 74.500000000000014 32.510000000000012 43.500000000000007 71.236111111111128 31.691576086956527 56.392307692307703 33.24038461538462 24.500000000000004 29.964285714285719 43.207142857142863 88.500000000000014 14.055555555555557 11.500000000000002 91.500000000000014 13.500000000000002 66.050000000000011 1.0000000180025095e-35 49.071428571428577 28.154592444336373 2.4233766233766239 7.5818181818181829 56.392307692307703 24.851648351648354 26.123417306890598 40.500000000000007 6.3891891891891897
decision_type=2 2 2 2 2 2 2 2 2 2 2 2 2 2 2 2 2 2 2 2 2 2 2 2 2 2 2 2 2
left_child=2 4 11 7 14 12 13 23 -7 10 15 17 -6 -5 28 -4 -8 22 -9 -19 21 -11 -1 -3 26 -12 -13 -16 -2
right_child=1 3 9 6 5 8 16 18 -10 20 25 24 -14 -15 27 -17 -18 19 -20 -21 -22 -23 -24 -25 -26 -27 -28 -29 -30
leaf_value=-0.044656835203967585 0.1783466430171147 0.17724802906445669 -0.03622484997843179 0.12363544883289686 0.0072337983321106875 0.026527889325550034 0.054641300860991053 0.052085648636271589 -0.023837914837925127 -0.010938316759504246 0.012214380622638892 -0.052921234549189476 -0.022999824786482846 0.30518534241998663 0.031252282736832691 -0.014275501084870688 0.20386169017146244 -0.052336717063961154 0.029007780246187644 -0.035450643259201303 -0.11327292562160925 -0.043979914627714438 -0.074740257807819829 0.086561472926990235 -0.16633573838278795 -0.0058123985293186712 -0.088132956498313514 0.056574703273707026 0.092711659606879743
leaf_weight=933 47 74 3027 1136 9179 12582 803 9501 766 787 1753 534 1731 36 1118 7770 37 8574 1988 4657 119 1897 2103 853 63 5489 1162 938 143
leaf_count=933 47 74 3027 1136 9179 12582 803 9501 766 787 1753 534 1731 36 1118 7770 37 8574 1988 4657 119 1897 2103 853 63 5489 1162 938 143
internal_value=0.000108431 0.0318666 -0.0333358 0.0588973 0.0171391 0.014094 0.103039 0.0516852 0.0236256 -0.0162211 -0.0128225 -0.053109 0.00242416 0.13115 0.0498687 -0.0204504 0.06299 -0.050032 0.0481143 -0.0464171 -0.037999 -0.03435 -0.0656304 0.0951887 -0.0812253 -0.00144057 -0.0773329 0.0429715 0.119963
internal_weight=79800 40932 38868 14428 26504 24258 2012 12416 13348 20842 18039 18026 10910 1172 2246 10797 840 16267 11489 13231 2803 2684 3036 927 1759 7242 1696 2056 190
internal_count=79800 40932 38868 14428 26504 24258 2012 12416 13348 20842 18039 18026 10910 1172 2246 10797 840 16267 11489 13231 2803 2684 3036 927 1759 7242 1696 2056 190
is_linear=0
shrinkage=0.0966648


Tree=42
num_leaves=31
num_cat=0
split_feature=14 14 14 25 14 14 25 14 25 26 25 25 25 24 25 26 14 24 14 25 14 25 14 25 25 14 25 25 25 14
split_gain=7451.85 1655.07 892.087 377.172 371.011 250.068 191.918 183.259 170.68 149.045 130.639 127.37 122.419 133.014 78.5839 77.756 68.2417 64.6399 84.6288 63.2322 55.6098 51.7839 46.0322 42.822 38.0901 28.2415 27.3623 23.5036 15.7168 4.12821
threshold=29.500000000000004 57.500000000000007 11.500000000000002 22.550000000000004 44.500000000000007 92.500000000000014 57.071428571428577 68.500000000000014 45.346666666666671 28.154592444336373 14.055555555555557 33.24038461538462 30.665016501650168 13.500000000000002 14.055555555555557 28.154592444336373 74.500000000000014 9.5000000000000018 5.5000000000000009 43.527777777777786 21.500000000000004 1.8166666666666669 19.500000000000004 33.328759398496253 55.95000000000001 1.0000000180025095e-35 5.9852941176470598 63.071428571428577 56.392307692307703 82.500000000000014
decision_type=2 2 2 2 2 2 2 2 2 2 2 2 2 2 2 2 2 2 2 2 2 2 2 2 2 2 2 2 2 2
left_child=2 4 10 16 8 7 11 -5 9 -2 17 -6 13 22 -15 23 26 21 -19 25 -17 -1 -4 -14 -10 -12 -3 -8 -21 -18
right_child=1 3 12 5 6 -7 27 -9 24 -11 19 -13 15 14 -16 20 29 18 -20 28 -22 -23 -24 -25 -26 -27 -28 -29 -30 -31
leaf_value=-0.03928200881620842 0.028919410921379014 0.16764133291853039 -0.039949098792674075 0.042815097096542722 0.065378610271590448 0.28185320251457752 -0.0062420902317872435 0.068627854553970247 -0.022191085196745598 0.0040172819804254259 -0.065622794865850015 0.026814232639710882 -0.0021061891839821269 0.018993695936977056 -0.011008972742750931 -0.085465365243448665 0.14648453870825076 -0.045085367058465567 -0.020478926088438626 -0.088576532049867415 -0.041126539867437813 -0.092684878838992235 -0.021067125643161651 -0.048158788608795008 -0.079927966407436796 -0.048803129354982072 0.088394491048811058 -0.041612044266951954 -0.15199391218021596 0.21888590205679531
leaf_weight=303 2688 54 1726 7688 851 37 808 3920 1258 13482 2742 12791 642 889 9107 349 170 10030 1523 273 1186 439 4129 260 111 1634 369 218 63 60
leaf_count=303 2688 54 1726 7688 851 37 808 3920 1258 13482 2742 12791 642 889 9107 349 170 10030 1523 273 1186 439 4129 260 111 1634 369 218 63 60
internal_value=0.000103968 0.0264078 -0.0330622 0.0565644 0.0148821 0.0524871 0.0262232 0.0515714 0.00539022 0.00816854 -0.0489956 0.0292551 -0.0182307 -0.0151158 -0.00832822 -0.0383806 0.127828 -0.0436894 -0.0418572 -0.0627481 -0.0515804 -0.0714993 -0.0266781 -0.0156734 -0.0272895 -0.0594382 0.101302 -0.014009 -0.103578 0.171794
internal_weight=79800 44505 35295 12298 32207 11645 14668 11608 17539 16170 17007 13642 18288 15851 9996 2437 653 12295 11553 4712 1535 742 5855 902 1369 4376 423 1026 336 230
internal_count=79800 44505 35295 12298 32207 11645 14668 11608 17539 16170 17007 13642 18288 15851 9996 2437 653 12295 11553 4712 1535 742 5855 902 1369 4376 423 1026 336 230
is_linear=0
shrinkage=0.0966648


Tree=43
num_leaves=29
num_cat=0
split_feature=14 14 14 25 25 14 14 25 25 25 25 14 14 25 25 14 25 24 24 24 25 25 14 24 25 14 25 25
split_gain=6150.45 1310.75 933.2 304.814 266.666 249.195 161.963 152.748 149.883 140.012 124.791 123.179 111.781 109.044 102.527 80.5442 68.795 51.5473 51.0729 48.3737 34.4504 33.6834 27.6979 20.3017 19.7271 11.7239 7.92513 6.38501
threshold=38.500000000000007 18.500000000000004 65.500000000000014 65.966666666666683 26.348484848484851 52.500000000000007 86.500000000000014 33.328759398496253 53.033333333333339 17.916666666666668 47.675438596491233 1.0000000180025095e-35 22.500000000000004 65.053191489361708 22.550000000000004 82.500000000000014 9.0526315789473699 12.500000000000002 13.500000000000002 13.500000000000002 54.526595744680854 71.236111111111128 91.500000000000014 13.500000000000002 13.700467289719628 1.0000000180025095e-35 53.807971014492757 10.026315789473687
decision_type=2 2 2 2 2 2 2 2 2 2 2 2 2 2 2 2 2 2 2 2 2 2 2 2 2 2 2 2
left_child=1 7 4 6 16 8 14 11 -6 19 12 18 -11 -7 -4 21 -2 -13 -1 27 25 -5 -17 -18 -21 -9 -12 -3
right_child=2 9 3 15 5 13 -8 20 -10 10 26 17 -14 -15 -16 22 23 -19 -20 24 -22 -23 -24 -25 -26 -27 -28 -29
leaf_value=-0.062185576400687816 0.14792373965206296 0.029605451127830616 0.12587887372931408 0.045333415085484115 0.016470980330950871 0.035219520076587539 0.22848600501955718 -0.078822738430876782 -0.021011196204082924 -0.020573385117627237 -0.057217626212488798 -0.043818893333106929 -0.0046677776467896094 -0.0061102110390613374 0.074312430977934732 0.074757269165484322 0.044815122377640813 -0.027078257255201566 -0.043356655305632166 0.062374930335922549 -0.13204926056603983 0.022452896631259114 0.16717542229360183 0.076655080096153003 0.027600260341821531 -0.055649396959658495 -0.099719650229768086 -0.0095325844281802935
leaf_weight=1642 99 38 434 1530 16393 10283 67 613 1055 5508 164 2287 16446 631 2686 214 381 7278 8916 275 93 1032 38 483 382 475 95 262
leaf_count=1642 99 38 434 1530 16393 10283 67 613 1055 5508 164 2287 16446 631 2686 214 381 7278 8916 275 93 1032 38 483 382 475 95 262
internal_value=9.58348e-05 -0.0238199 0.0302034 0.0649165 0.0230847 0.0213727 0.0853977 -0.0411221 0.0141964 -0.00790279 -0.0094656 -0.0391102 -0.00866407 0.0328274 0.081775 0.0415524 0.0729412 -0.0311127 -0.0463278 0.0281596 -0.0749316 0.0362109 0.0931968 0.0631298 0.0427048 -0.0691637 -0.0752147 -0.00396376
internal_weight=79800 44474 35326 6001 29325 28362 3187 21304 17448 23170 22213 20123 21954 10914 3120 2814 963 9565 10558 957 1181 2562 252 864 657 1088 259 300
internal_count=79800 44474 35326 6001 29325 28362 3187 21304 17448 23170 22213 20123 21954 10914 3120 2814 963 9565 10558 957 1181 2562 252 864 657 1088 259 300
is_linear=0
shrinkage=0.0966648


Tree=44
num_leaves=31
num_cat=0
split_feature=14 14 14 25 25 26 14 25 14 25 14 14 25 25 26 25 25 14 25 26 25 24 25 25 25 25 25 25 14 25
split_gain=5039.11 1138.76 727.053 239.038 202.635 227.783 210.451 144.952 140.004 139.261 121.907 115.421 97.7401 93.7574 88.3039 83.7853 83.775 75.5234 65.0457 62.9288 58.5649 55.5239 53.5732 52.78 41.9092 41.2178 39.5165 17.1489 7.18315 4.25529
threshold=39.500000000000007 19.500000000000004 64.500000000000014 64.583333333333343 40.654761904761912 49.180509084086438 46.500000000000007 40.654761904761912 86.500000000000014 29.964285714285719 8.5000000000000018 29.500000000000004 12.016129032258066 7.5818181818181829 28.154592444336373 47.675438596491233 64.062500000000014 76.500000000000014 22.550000000000004 28.154592444336373 14.055555555555557 13.500000000000002 71.236111111111128 31.894444444444449 40.654761904761912 76.187500000000014 50.090909090909101 56.392307692307703 22.500000000000004 56.788888888888899
decision_type=2 2 2 2 2 2 2 2 2 2 2 2 2 2 2 2 2 2 2 2 2 2 2 2 2 2 2 2 2 2
left_child=1 9 4 8 5 12 15 11 13 10 21 18 -2 -4 -13 -6 -8 22 -3 24 -12 -1 -5 -7 -11 -19 28 -21 -9 -28
right_child=2 7 3 17 6 23 16 26 -10 19 20 14 -14 -15 -16 -17 -18 25 -20 27 -22 -23 -24 -25 -26 -27 29 -29 -30 -31
leaf_value=-0.052689757694084877 0.11788230788861032 0.00039902488973816774 0.16596586717831793 0.038427217308054762 0.0069235930342696865 0.044486771823638582 0.025025772026360773 -0.059055883097445069 0.2092632142239958 -0.028437350707835127 -0.0087332730716067324 0.022897830604697512 0.039393008970585112 0.069045989697558013 -0.00046904682342270956 -0.024852885035686046 -0.0084671259054408983 0.092998174251754273 -0.014561939321525164 -0.069304302168025342 -0.028921222075747356 -0.03613006967323952 0.0060438482589433053 -0.057593024133150331 -0.086027107594584665 0.046421109572241839 -0.061719328258986746 -0.12712692637338574 -0.026453166431582145 -0.10986629867405909
leaf_weight=2313 147 3958 93 1955 5853 51 13960 65 66 723 1962 1900 5475 3120 7270 886 731 301 8639 1314 4307 11603 635 274 138 501 147 55 1320 38
leaf_count=2313 147 3958 93 1955 5853 51 13960 65 66 723 1962 1900 5475 3120 7270 886 731 301 8639 1314 4307 11603 635 274 138 501 147 55 1320 38
internal_value=9.13515e-05 -0.0208621 0.0282459 0.0568493 0.0212622 0.0370458 0.0168705 -0.00591264 0.0754754 -0.0364192 -0.0338615 -0.00386056 0.0416023 0.0722379 0.00438752 0.00272245 0.0233557 0.0387147 -0.00986378 -0.0593762 -0.0226213 -0.0389098 0.0305287 -0.0409213 -0.0383424 0.0646137 -0.0342071 -0.0723191 -0.0282984 -0.0755691
internal_weight=79800 45752 34048 6671 27377 5947 21430 23337 3279 22415 20185 21767 5622 3213 9170 6739 14691 3392 12597 2230 6269 13916 2590 325 861 802 1570 1369 1385 185
internal_count=79800 45752 34048 6671 27377 5947 21430 23337 3279 22415 20185 21767 5622 3213 9170 6739 14691 3392 12597 2230 6269 13916 2590 325 861 802 1570 1369 1385 185
is_linear=0
shrinkage=0.0966648


Tree=45
num_leaves=29
num_cat=0
split_feature=14 14 14 14 25 25 14 25 14 25 25 25 25 14 14 25 25 25 25 25 25 25 25 25 12 25 14 25
split_gain=4138.56 760.44 720.065 235.797 188.872 145.228 138.843 138.597 126.597 138.341 118.729 118.142 115.677 83.4641 79.592 69.8467 58.2497 52.0326 44.2068 40.6202 37.0204 35.1069 32.6957 29.8689 20.2512 14.1828 6.05411 1.73148
threshold=35.500000000000007 57.500000000000007 17.500000000000004 76.500000000000014 20.377976190476193 57.94444444444445 92.500000000000014 76.187500000000014 45.500000000000007 57.071428571428577 45.346666666666671 17.916666666666668 17.916666666666668 5.5000000000000009 22.500000000000004 33.328759398496253 7.5818181818181829 71.236111111111128 40.654761904761912 22.550000000000004 8.3030303030303063 6.3891891891891897 6.3891891891891897 6.3891891891891897 201.87900000000005 57.94444444444445 29.500000000000004 17.916666666666668
decision_type=2 2 2 2 2 2 2 2 2 2 2 2 2 2 2 2 2 2 2 2 2 2 2 2 2 2 2 2
left_child=2 4 11 5 20 16 7 -5 10 -10 -6 13 21 22 19 -16 -3 -7 24 -14 -2 -4 -1 -15 -13 -20 -23 -22
right_child=1 3 12 6 8 17 -8 -9 9 -11 -12 18 14 23 15 -17 -18 -19 25 -21 27 26 -24 -25 -26 -27 -28 -29
leaf_value=-0.031264952043253157 0.14033190113712185 0.12992155955064386 0.093318901628706083 0.094867066653382834 0.0090932483209022665 0.031391546782035068 0.24778050296120968 0.030006011370121956 0.021982805554401071 -0.015175571412960281 -0.018793234300541188 -0.045291502555223406 -0.012568624592943282 0.024648703387947227 -0.0024869519419786152 -0.019963562992487451 0.049718630691883203 0.0027663986408192815 -0.067681560919860079 -0.028218113028591736 0.066832035107266236 0.014362009372341047 -0.042834238208421187 -0.020386872939105988 0.01181547014482544 -0.12616639081569506 0.035166269715766557 0.045172163526133867
leaf_weight=7936 64 82 54 932 11514 5927 38 472 12016 1010 1621 4047 3682 136 10471 2678 4186 661 452 2699 275 859 3332 4264 56 50 154 132
leaf_count=7936 64 82 54 932 11514 5927 38 472 12016 1010 1621 4047 3682 136 10471 2678 4186 661 452 2699 275 859 3332 4264 56 50 154 132
internal_value=8.33044e-05 0.0226365 -0.0213996 0.0425115 0.0134491 0.0375835 0.0792188 0.073342 0.0123442 0.0190945 0.00564284 -0.0343293 -0.00866516 -0.0302988 -0.0103607 -0.00605585 0.0514887 0.028526 -0.04797 -0.0192138 0.0736438 0.0222232 -0.0347127 -0.0189546 -0.0444916 -0.0753085 0.017764 0.0607678
internal_weight=79800 38930 40870 12298 26632 10856 1442 1404 26161 13026 13135 20273 20597 15668 19530 13149 4268 6588 4605 6381 471 1067 11268 4400 4103 502 1013 407
internal_count=79800 38930 40870 12298 26632 10856 1442 1404 26161 13026 13135 20273 20597 15668 19530 13149 4268 6588 4605 6381 471 1067 11268 4400 4103 502 1013 407
is_linear=0
shrinkage=0.0966648


Tree=46
num_leaves=31
num_cat=0
split_feature=14 14 14 25 26 25 25 14 25 14 14 14 25 26 26 25 24 25 14 25 24 25 25 24 25 12 25 14 14 25
split_gain=3406.4 802.429 494.223 191.584 200.894 190.223 135.521 132.125 114.136 105.2 102.241 100.501 81.2234 74.4983 72.4025 69.2413 64.8619 59.0642 51.9254 50.1052 48.5268 41.1631 35.3976 34.3524 22.7592 21.9106 19.2862 18.0373 7.08586 2.05297
threshold=40.500000000000007 19.500000000000004 66.500000000000014 40.654761904761912 49.180509084086438 66.050000000000011 40.654761904761912 53.500000000000007 53.033333333333339 1.0000000180025095e-35 86.500000000000014 28.500000000000004 66.050000000000011 29.529541886684747 27.680295263293285 22.550000000000004 13.500000000000002 7.5818181818181829 82.500000000000014 31.894444444444449 12.500000000000002 20.377976190476193 52.724747474747481 13.500000000000002 79.166666666666671 201.87900000000005 1.8166666666666669 91.500000000000014 22.500000000000004 56.788888888888899
decision_type=2 2 2 2 2 2 2 2 2 2 2 2 2 2 2 2 2 2 2 2 2 2 2 2 2 2 2 2 2 2
left_child=1 9 3 4 14 10 11 8 -5 15 17 16 -9 -13 -2 23 -3 -4 24 -6 26 -22 28 -1 -7 -17 -11 -20 -8 -24
right_child=2 6 5 7 19 18 22 12 -10 20 -12 13 -14 -15 -16 25 -18 -19 27 -21 21 -23 29 -25 -26 -27 -28 -29 -30 -31
leaf_value=-0.046879767942136413 0.065081002331956711 -0.017940571602589106 0.14130052874954643 0.011427208534880847 0.041000459361182601 0.029138448601517226 -0.054497347042359701 0.025753501964375949 -0.019210913607764824 0.0074538461831560451 0.18142485283831392 0.018872019073600307 -0.014432148273728388 -8.3772988599727685e-05 0.034587243334821938 -0.055582262527991158 -0.0030556517335871996 0.061801222762527676 0.057875747787038273 -0.052989633577825004 -0.015656032910358157 -0.031740520666241848 -0.057341422312961972 -0.030528551668510415 -0.009976544392055536 0.01509334062397702 -0.035670057117828669 0.13194622824199237 -0.023450485048903142 -0.099627821776537617
leaf_weight=1448 899 4366 88 11558 59 2145 69 8730 1253 98 67 2504 492 8472 4043 1741 7314 2696 214 280 6434 1944 95 8002 145 39 2709 38 1816 42
leaf_count=1448 899 4366 88 11558 59 2145 69 8730 1253 98 67 2504 492 8472 4043 1741 7314 2696 214 280 6434 1944 95 8002 145 39 2709 38 1816 42
internal_value=8.09663e-05 -0.016562 0.0240426 0.0187527 0.0352823 0.0507699 -0.00453378 0.0147799 0.00842095 -0.0297986 0.0679136 -0.00238923 0.0235994 0.0042508 0.0402261 -0.0364179 -0.00862774 0.0646935 0.0313964 -0.036089 -0.0231323 -0.0194137 -0.0284636 -0.0330698 0.0266368 -0.0539759 -0.0341484 0.0725946 -0.0248021 -0.0748772
internal_weight=79800 47093 32707 27314 5281 5393 24678 22033 12811 22415 2851 22656 9222 10976 4942 11230 11680 2784 2542 339 11185 8378 2022 9450 2290 1780 2807 252 1885 137
internal_count=79800 47093 32707 27314 5281 5393 24678 22033 12811 22415 2851 22656 9222 10976 4942 11230 11680 2784 2542 339 11185 8378 2022 9450 2290 1780 2807 252 1885 137
is_linear=0
shrinkage=0.0966648


Tree=47
num_leaves=30
num_cat=0
split_feature=25 39 39 25 24 25 25 25 25 25 25 25 25 25 22 39 25 25 24 25 25 24 24 39 25 39 37 25 10
split_gain=919.76 189.203 132.068 123.311 81.2018 59.0002 37.6022 56.7731 81.487 33.2392 17.9062 17.5752 12.4513 12.0988 14.3211 11.4149 10.1065 10.0659 9.47419 24.4482 9.64063 20.9554 9.18956 7.39241 6.561 5.84827 5.22352 4.77926 4.15363
threshold=29.387500000000003 3.9304635459439736 -15.173702717058305 10.026315789473687 13.500000000000002 37.348484848484858 55.95000000000001 33.328759398496253 31.691576086956527 17.535714285714288 44.047619047619058 31.894444444444449 31.691576086956527 86.250000000000014 12.500000000000002 -0.62569091309692648 48.916666666666679 26.97727272727273 40.500000000000007 6.3891891891891897 0.2678571428571429 9.5000000000000018 13.500000000000002 -16.07168083110464 2.4233766233766239 -10.161680185620142 0.90609166666666685 21.033333333333335 0.85050000000000014
decision_type=2 2 2 2 2 2 2 2 2 2 2 2 2 2 2 2 2 2 2 2 2 2 2 2 2 2 2 2 2
left_child=3 2 11 18 9 12 7 8 -3 25 -7 -2 -4 28 -15 26 -9 -11 20 24 22 -22 -1 -13 -20 -5 -6 -17 -8
right_child=1 6 5 4 15 10 13 16 -10 17 -12 23 -14 14 -16 27 -18 -19 19 -21 21 -23 -24 -25 -26 -27 -28 -29 -30
leaf_value=-0.012534573734689516 0.0074471594687515186 -0.0073441929913253736 0.0044982848791378311 -0.034441734549214252 -0.00083951059677246783 0.0050443112437286251 0.019186948682638046 0.0073159546579933121 0.03965615595408515 -0.014081872714778662 0.013035447655012926 -0.060998420613912113 -0.0041192548295440681 0.017537151216501252 0.093603684230398831 -0.012722336164154297 0.012709437076183985 -0.0036233696899590712 -0.023136228047634454 -0.057679025693603989 -0.036650065370064017 -0.015241060894498984 -0.025123375186175512 -0.02818764248843789 0.010334892133111541 -0.022753330422486701 -0.0051122834843049742 -0.0055595799921476256 -0.010128186021648555
leaf_weight=666 47 459 1988 659 7497 6680 9533 7940 1351 5068 4322 326 7293 56 38 1513 5549 1043 498 221 463 5259 3601 105 57 1287 4151 2089 41
leaf_count=666 47 459 1988 659 7497 6680 9533 7940 1351 5068 4322 326 7293 56 38 1513 5549 1043 498 221 463 5259 3601 105 57 1287 4151 2089 41
internal_value=7.54881e-05 0.0090329 0.00221286 -0.0119456 -0.00798901 0.00340437 0.0147016 0.0117085 0.0277565 -0.0158344 0.00819039 -0.0476059 -0.00227119 0.0194251 0.0530063 -0.00383825 0.00954061 -0.0123036 -0.0205001 -0.0309044 -0.0196689 -0.0170199 -0.0231844 -0.0536345 -0.0196051 -0.0268306 -0.00236455 -0.00858879 0.0190534
internal_weight=79800 45728 20761 34072 23307 20283 24967 15299 1810 8057 11002 478 9281 9668 94 15250 13489 6111 10765 776 9989 5722 4267 431 555 1946 11648 3602 9574
internal_count=79800 45728 20761 34072 23307 20283 24967 15299 1810 8057 11002 478 9281 9668 94 15250 13489 6111 10765 776 9989 5722 4267 431 555 1946 11648 3602 9574
is_linear=0
shrinkage=0.0966648


Tree=48
num_leaves=29
num_cat=0
split_feature=14 14 14 25 26 25 14 25 25 14 25 14 25 25 25 25 14 25 14 25 24 25 25 24 24 26 14 25
split_gain=2543.06 600.167 406.078 225.427 157.979 133.678 122.993 120.551 107.936 112.756 99.1138 97.9473 78.4241 77.4799 60.5705 56.7276 53.3369 43.2464 42.5479 38.6412 38.0767 35.6157 32.7478 32.3176 29.6237 21.4501 14.0147 10.59
threshold=40.500000000000007 16.500000000000004 70.500000000000014 40.654761904761912 49.180509084086438 71.236111111111128 48.500000000000007 15.828571428571431 40.654761904761912 25.500000000000004 16.038461538461544 88.500000000000014 48.055555555555564 6.3891891891891897 16.414285714285715 71.236111111111128 8.5000000000000018 31.894444444444449 91.500000000000014 43.527777777777786 9.5000000000000018 49.071428571428577 6.3891891891891897 13.500000000000002 9.5000000000000018 48.660649588815268 76.500000000000014 58.038461538461547
decision_type=2 2 2 2 2 2 2 2 2 2 2 2 2 2 2 2 2 2 2 2 2 2 2 2 2 2 2 2
left_child=1 10 3 4 13 11 12 22 9 -9 16 14 -5 -2 -4 -8 20 -6 26 25 -1 -10 -3 -24 -18 -12 -7 -21
right_child=2 7 5 6 17 18 15 8 21 -11 19 -13 -14 -15 -16 -17 24 -19 -20 27 -22 -23 23 -25 -26 -27 -28 -29
leaf_value=-0.049185067406859219 0.13161035287316894 0.094270980703069565 0.11014131032613865 0.0074134073857221533 0.040064158960880572 0.0092701398234461812 0.018655336998884331 -0.011812339969209258 -0.022601728511133207 0.0013158418697182795 -0.035506838052039538 0.21146388858535262 -0.018729250915367545 0.037091675014971501 0.056918732913529342 -0.039588889297022825 -0.033373442316785948 -0.042612829601592205 0.11802769092244457 -0.060529319942129588 -0.024670444069976965 -0.061475131433841833 -0.0047770156833441468 0.03897917257072811 -0.006104356830459963 -0.079474463740298776 0.031144387122686731 -0.11425610543551309
leaf_weight=627 76 65 227 7077 67 513 15132 10937 1805 13845 4556 36 1256 5213 2024 151 442 296 37 298 11197 248 227 498 2196 104 602 48
leaf_count=627 76 65 227 7077 67 513 15132 10937 1805 13845 4556 36 1256 5213 2024 151 442 296 37 298 11197 248 227 498 2196 104 602 48
internal_value=6.68055e-05 -0.0143133 0.0207704 0.0170691 0.0344015 0.0521631 0.0129112 -0.00514979 -0.00624891 -0.00447985 -0.0273091 0.0656779 0.0034595 0.0386375 0.0626399 0.0180604 -0.0232276 -0.0268422 0.0250774 -0.0390471 -0.0260013 -0.0275078 0.0318884 0.0253719 -0.0107564 -0.0366164 0.0212117 -0.0702872
internal_weight=79800 47093 32707 29268 5652 3439 23616 27625 26835 24782 19468 2287 8333 5289 2251 15283 14462 363 1152 5006 11824 2053 790 725 2638 4660 1115 346
internal_count=79800 47093 32707 29268 5652 3439 23616 27625 26835 24782 19468 2287 8333 5289 2251 15283 14462 363 1152 5006 11824 2053 790 725 2638 4660 1115 346
is_linear=0
shrinkage=0.0966648


Tree=49
num_leaves=30
num_cat=0
split_feature=14 14 14 40 40 14 14 40 40 40 40 40 40 40 24 26 14 40 24 14 14 40 24 40 40 26 40 14 40
split_gain=2099.61 466.788 319.259 161.185 154.955 129.476 126.239 122.623 105.884 83.36 79.3883 75.8921 62.3267 62.1314 56.9845 48.6897 45.4394 38.4437 38.2015 34.0182 33.6526 30.6579 28.6435 28.2722 24.7534 15.9822 15.8326 8.65064 1.3266
threshold=33.500000000000007 60.500000000000007 14.500000000000002 0.78057133638570286 0.99066658178553035 92.500000000000014 44.500000000000007 1.801176071865507 0.99066658178553035 0.42178240632771308 0.42178240632771308 1.8630112216253729 0.43663496680924946 1.3217912790055377 11.500000000000002 28.154592444336373 6.5000000000000009 1.0001372257006811 39.500000000000007 22.500000000000004 82.500000000000014 0.19172828708532044 9.5000000000000018 1.5914366999226675 0.11453142812139876 48.660649588815268 0.19172828708532044 48.500000000000007 1.7416317605158624
decision_type=2 2 2 2 2 2 2 2 2 2 2 2 2 2 2 2 2 2 2 2 2 2 2 2 2 2 2 2 2
left_child=2 4 9 20 12 11 13 -8 10 16 22 -5 26 -6 -12 17 21 -10 -18 -17 24 -1 -4 25 -3 -11 -2 -14 -25
right_child=1 3 8 5 6 -7 7 -9 15 23 14 -13 27 -15 -16 19 18 -19 -20 -21 -22 -23 -24 28 -26 -27 -28 -29 -30
leaf_value=-0.020579740164210405 0.12172774525029928 0.13097434650947143 -0.016129059614304716 0.039094186226437684 0.0030408817686558369 0.1950506711304163 0.015217088337578439 -0.019703808566170069 0.013561196912658972 -0.033312784058304144 -0.0150345128151496 0.020992218149477326 0.023367655877652296 -0.016157077077619549 -0.0026154288938112433 -0.057836398267265846 -0.0043343698523171997 -0.029342070200642459 -0.046975367191524911 -0.026320857921160616 0.13961755694358591 -0.032457330050124113 0.036987737656829993 -0.05921227473398636 0.061936369786024022 -0.069095805789216841 0.059572775906852359 0.037402774834920313 -0.10203948395100426
leaf_weight=8003 56 54 110 4106 10416 37 15446 994 463 5158 4828 4650 1865 1848 12084 398 2029 326 210 1709 73 2767 544 73 612 119 211 564 47
leaf_count=8003 56 54 110 4106 10416 37 15446 994 463 5158 4828 4650 1865 1848 12084 398 2029 326 210 1709 73 2767 544 73 612 119 211 564 47
internal_value=6.31358e-05 0.015341 -0.0160258 0.0340689 0.00964887 0.0303726 0.00756275 0.0130975 -0.00771242 -0.0252609 -0.00488344 0.0295075 0.0317756 0.000139791 -0.00616598 -0.0248139 -0.0210473 -0.00427688 -0.00847971 -0.0324612 0.0772899 -0.0236521 0.0279707 -0.0353733 0.0689542 -0.0342183 0.0756288 0.0267335 -0.0810837
internal_weight=79800 40932 38868 9532 31400 8793 28704 16440 20462 18406 17566 8756 2696 12264 16912 2896 13009 789 2239 2107 739 10770 654 5397 666 5277 267 2429 120
internal_count=79800 40932 38868 9532 31400 8793 28704 16440 20462 18406 17566 8756 2696 12264 16912 2896 13009 789 2239 2107 739 10770 654 5397 666 5277 267 2429 120
is_linear=0
shrinkage=0.0966648


Tree=50
num_leaves=28
num_cat=0
split_feature=25 39 39 25 24 25 25 25 25 25 39 12 25 25 25 39 25 24 25 39 25 24 24 39 25 3 39
split_gain=479.617 125.774 93.4844 68.7148 61.7059 59.3568 45.8417 41.3619 29.1867 25.2772 14.8353 13.9926 13.7617 11.1727 11.0548 10.3203 8.67659 7.76531 20.1518 6.95802 5.76319 19.4172 7.08437 4.56152 3.9561 1.25634 1.07121
threshold=30.508620689655178 -15.173702717058305 4.9824552759742433 10.026315789473687 13.500000000000002 33.328759398496253 31.691576086956527 36.519230769230781 16.414285714285715 52.724747474747481 -9.6464841371331129 201.87900000000005 31.691576086956527 27.31481481481482 28.313725490196081 -0.70609978940452567 32.020833333333336 40.500000000000007 6.3891891891891897 -7.1266892156641264 0.2678571428571429 9.5000000000000018 13.500000000000002 -16.07168083110464 2.4233766233766239 0.77150000000000019 -20.815465743537139
decision_type=2 2 2 2 2 2 2 2 2 2 2 2 2 2 2 2 2 2 2 2 2 2 2 2 2 2 2
left_child=3 16 7 17 8 6 -4 12 19 -7 -9 15 -3 -13 -10 -6 -2 20 24 -5 22 -22 -1 26 -19 -25 -18
right_child=1 2 5 4 11 9 -8 10 14 -11 -12 13 -14 -15 -16 -17 23 18 -20 -21 21 -23 -24 25 -26 -27 -28
leaf_value=-0.0075108642605506157 -0.00034672678445203518 0.0066383425014444617 -0.0073074034516497511 -0.031604806130037161 -0.00078310204011236703 0.0065613071255012784 0.038105302679378082 -0.016789232525468135 -0.010898762384865465 0.013198974145828869 0.0063085450301919085 -0.0037036367215765521 -0.0047196131520761487 0.064106372994586019 0.0009770743577973333 -0.0064785995721970387 -0.041425493477867399 -0.016748064105098291 -0.048430507045508102 -0.018281939092984503 -0.03088494380996662 -0.010329611679594657 -0.01848329407017426 -0.035152338937060774 0.0091521508497315919 -0.011061190218271649 -0.061222716049958874
leaf_weight=666 40 1166 248 667 11858 9828 1204 258 6039 11863 13018 38 6632 46 832 3961 137 498 221 922 463 5259 3601 63 57 42 173
leaf_count=666 40 1166 248 667 11858 9828 1204 258 6039 11863 13018 38 6632 46 832 3961 137 498 221 922 463 5259 3601 63 57 42 173
internal_value=6.02434e-05 0.00670519 0.00722864 -0.0083897 -0.00554485 0.0114691 0.0303512 0.00256942 -0.0122109 0.0101949 0.00585029 -0.00199452 -0.00301648 0.0356764 -0.00946124 -0.00221166 -0.0434436 -0.0148196 -0.0241817 -0.0239987 -0.0140744 -0.0120318 -0.0167872 -0.0475163 -0.014 -0.026918 -0.0536789
internal_weight=79800 44672 44217 35128 24363 23143 1452 21074 8460 21691 13276 15903 7798 84 6871 15819 455 10765 776 1589 9989 5722 4267 415 555 105 310
internal_count=79800 44672 44217 35128 24363 23143 1452 21074 8460 21691 13276 15903 7798 84 6871 15819 455 10765 776 1589 9989 5722 4267 415 555 105 310
is_linear=0
shrinkage=0.0966648


Tree=51
num_leaves=28
num_cat=0
split_feature=14 25 14 14 25 14 25 25 25 25 14 25 14 14 24 25 25 24 14 24 26 14 25 25 25 14 26
split_gain=1588.84 336.669 312.205 246.447 115.876 114.162 98.1885 75.1357 71.1305 65.7847 61.8976 56.7643 43.9969 34.6256 33.6915 32.7202 30.9766 27.9737 27.4941 26.0453 21.6337 15.6701 14.2608 13.5099 11.2737 3.87108 1.23903
threshold=37.500000000000007 25.508928571428573 19.500000000000004 56.500000000000007 56.392307692307703 92.500000000000014 22.550000000000004 56.788888888888899 7.1478696741854648 19.965909090909097 48.500000000000007 45.839743589743598 10.500000000000002 76.500000000000014 9.5000000000000018 40.654761904761912 14.055555555555557 13.500000000000002 22.500000000000004 11.500000000000002 25.734456605222736 4.5000000000000009 13.700467289719628 61.95454545454546 52.724747474747481 83.500000000000014 16.156858251236095
decision_type=2 2 2 2 2 2 2 2 2 2 2 2 2 2 2 2 2 2 2 2 2 2 2 2 2 2 2
left_child=2 8 6 4 10 7 12 -5 -2 19 -3 18 14 17 -1 20 -14 -10 -11 26 -8 -17 -21 -6 -13 -15 -4
right_child=1 3 9 5 23 -7 15 -9 13 11 -12 24 16 25 -16 21 -18 -19 -20 22 -22 -23 -24 -25 -26 -27 -28
leaf_value=-0.039232320032527357 0.12130346869573194 0.0047262628832071473 0.0071144947360194067 0.033871282925394749 -0.017772674316600248 0.17846403618683543 -0.020430209628455692 0.017900926683307197 0.028519499282979536 -0.011533733792960733 0.01564791505463169 -0.031122459509005759 0.0030169501606403882 0.074174980361796761 -0.019051476135614621 -0.049068623342683561 -0.014320471817067878 0.058845701580625819 -0.0027052564519277908 0.043198734955043755 -0.036851251851070771 -0.10058896063918668 0.017149262697688478 -0.043124829525563645 -0.071228832257552846 0.12621735895129896 -0.0096129395926832298
leaf_weight=823 152 14354 43 4158 756 37 1229 8250 537 4231 7323 240 1332 117 12979 460 3446 667 14859 277 2079 67 703 270 99 45 267
leaf_count=823 152 14354 43 4158 756 37 1229 8250 537 4231 7323 240 1332 117 12979 460 3446 667 14859 277 2079 67 703 270 99 45 267
internal_value=5.22286e-05 0.0148445 -0.0125224 0.0129118 0.00691489 0.0238407 -0.0204272 0.0232702 0.0593084 -0.00396614 0.00842006 -0.00537168 -0.0175072 0.0517744 -0.0202759 -0.0345109 -0.00949008 0.0455846 -0.00466578 0.0171102 -0.0308115 -0.0569608 0.0247891 -0.0247134 -0.044145 0.0936583 -0.00717751
internal_weight=79800 36666 43134 35148 22703 12445 22415 12408 1518 20719 21677 19429 18580 1366 13802 3835 4778 1204 19090 1290 3308 527 980 1026 339 162 310
internal_count=79800 36666 43134 35148 22703 12445 22415 12408 1518 20719 21677 19429 18580 1366 13802 3835 4778 1204 19090 1290 3308 527 980 1026 339 162 310
is_linear=0
shrinkage=0.0966648


Tree=52
num_leaves=31
num_cat=0
split_feature=14 14 14 25 26 25 25 25 14 14 25 25 25 26 14 26 14 14 24 25 25 25 24 14 25 25 39 27 25 25
split_gain=1306.77 310.983 262.689 170.899 115.363 99.4651 99.1566 87.9894 78.5671 68.009 94.3702 57.5692 57.4776 53.1246 47.5277 43.6894 39.206 35.7168 31.8676 29.9621 29.743 26.4589 24.796 22.5702 20.8312 17.609 13.2162 9.57367 3.52936 2.70062
threshold=40.500000000000007 20.500000000000004 70.500000000000014 40.654761904761912 49.180509084086438 40.654761904761912 71.236111111111128 31.691576086956527 88.500000000000014 54.500000000000007 54.526595744680854 66.050000000000011 20.377976190476193 27.680295263293285 1.0000000180025095e-35 25.734456605222736 32.500000000000007 79.500000000000014 11.500000000000002 1.8166666666666669 31.894444444444449 33.328759398496253 13.500000000000002 83.500000000000014 52.724747474747481 79.166666666666671 -14.335458649331887 -3.0079284999999998 47.675438596491233 56.788888888888899
decision_type=2 2 2 2 2 2 2 2 2 2 2 2 2 2 2 2 2 2 2 2 2 2 2 2 2 2 2 2 2 2
left_child=1 7 3 4 13 12 8 14 17 10 -5 -11 22 -2 19 21 -14 -4 -16 -1 -6 -9 -3 25 28 -8 -17 -25 -7 -26
right_child=2 5 6 9 20 24 23 15 -10 11 -12 -13 16 -15 18 26 -18 -19 -20 -21 -22 -23 -24 27 29 -27 -28 -29 -30 -31
leaf_value=-0.016027396372816721 0.051026909956221743 0.00086670087779169153 0.042853076137617213 0.006294314308224489 0.030349588996320436 -0.01833719928102363 0.017250860903826479 0.0002843414305248731 0.1818500904172092 0.017304153316362276 -0.02271147845822696 -0.004170002534509094 -0.0048648095729521548 0.025937851623940331 -0.021400864346820793 -0.10172890787298483 0.0040549073529602565 0.07453894813708424 -0.0091281604508057796 -0.026556792079994361 -0.038346984320053484 -0.037098329863317542 0.028909576832047111 0.062547742478382462 -0.04290886066652437 -0.015492985505811921 -0.04427576186795381 0.009009301349864364 -0.03215455087315474 -0.081563709471251467
leaf_weight=5506 974 449 1825 12559 67 1663 803 390 36 8574 1136 1347 12654 4315 2541 36 7229 426 8950 4755 296 316 852 121 95 183 1410 45 205 42
leaf_count=5506 974 449 1825 12559 67 1663 803 390 36 8574 1136 1347 12654 4315 2541 36 7229 426 8950 4755 296 316 852 121 95 183 1410 45 205 42
internal_value=4.96152e-05 -0.0102586 0.0148908 0.0119145 0.0270037 -0.00228174 0.0401379 -0.0179936 0.0517688 0.00829567 0.00387698 0.0143876 -0.000330567 0.030625 -0.0161381 -0.0366258 -0.00162149 0.0490812 -0.0118544 -0.0209229 -0.0253037 -0.0166656 0.0192929 0.0168591 -0.0228176 0.0111014 -0.0462326 0.049068 -0.0199782 -0.0584371
internal_weight=79800 47093 32707 29268 5652 23189 3439 23904 2287 23616 13695 9921 21184 5289 21752 2152 19883 2251 11491 10261 363 706 1301 1152 2005 986 1446 166 1868 137
internal_count=79800 47093 32707 29268 5652 23189 3439 23904 2287 23616 13695 9921 21184 5289 21752 2152 19883 2251 11491 10261 363 706 1301 1152 2005 986 1446 166 1868 137
is_linear=0
shrinkage=0.0966648


Tree=53
num_leaves=27
num_cat=0
split_feature=14 14 25 14 25 25 14 25 26 25 25 14 14 14 26 24 25 25 25 25 25 24 24 14 25 14
split_gain=1074.12 271.47 210.669 153.699 91.1122 80.3887 78.3805 78.3126 77.2877 68.6002 58.6567 50.1063 45.3094 44.8566 43.5461 29.922 27.6542 27.3316 26.0669 25.0409 24.8474 23.9231 23.8438 19.4401 18.7247 3.11602
threshold=41.500000000000007 21.500000000000004 17.535714285714288 68.500000000000014 22.550000000000004 41.846097201767314 92.500000000000014 31.691576086956527 49.180509084086438 40.654761904761912 71.236111111111128 35.500000000000007 49.500000000000007 1.0000000180025095e-35 28.154592444336373 11.500000000000002 4.2386363636363642 40.654761904761912 6.3891891891891897 8.5500000000000025 52.724747474747481 13.500000000000002 11.500000000000002 79.500000000000014 33.328759398496253 74.500000000000014
decision_type=2 2 2 2 2 2 2 2 2 2 2 2 2 2 2 2 2 2 2 2 2 2 2 2 2 2
left_child=1 7 16 5 18 8 10 13 -4 11 -5 -6 -7 19 17 -15 -2 -9 -3 -1 -11 23 -20 -18 -16 -23
right_child=2 4 3 6 9 12 -8 14 -10 20 -12 -13 -14 15 24 -17 21 -19 22 -21 -22 25 -24 -25 -26 -27
leaf_value=-0.015698756256163626 0.1157097946571419 0.077082660220938237 0.024032621739877254 0.03638310474209254 -0.0045697518512180105 0.0016740075602214017 0.15832152772089544 -0.0090863172855323304 -0.022506429439170954 -0.015044722988099708 0.010530716129784286 0.0067666095148381511 0.010902141955609691 -0.018934244174397586 -0.061847025126846991 -0.0078204436711109462 0.023075024476641667 -0.052643362231561359 -0.0012773631907291236 -0.026108819081678711 -0.052760782595194719 0.065908133844421471 0.019899479529470281 0.090055484131682309 -0.036054541878354315 0.10055757957062483
leaf_weight=7119 94 56 4877 2834 12395 7878 37 788 352 2675 1164 5151 13483 2925 395 10043 236 156 679 3142 168 234 1835 44 967 73
leaf_count=7119 94 56 4877 2834 12395 7878 37 788 352 2675 1164 5151 13483 2925 395 10043 236 156 679 3142 168 234 1835 44 967 73
internal_value=4.51547e-05 -0.00896518 0.0140012 0.0128087 -0.00133678 0.0101353 0.0303741 -0.0158216 0.0208715 -0.0035004 0.0288907 -0.00124023 0.00750059 -0.014126 -0.032799 -0.0103369 0.0668927 -0.0166487 0.0157878 -0.0189034 -0.0174087 0.0576908 0.0141933 0.0357103 -0.0438376 0.0763861
internal_weight=79800 48494 31306 30625 22959 26590 4035 25535 5229 20389 3998 17546 21361 23229 2306 12968 681 944 2570 10261 2843 587 2514 280 1362 307
internal_count=79800 48494 31306 30625 22959 26590 4035 25535 5229 20389 3998 17546 21361 23229 2306 12968 681 944 2570 10261 2843 587 2514 280 1362 307
is_linear=0
shrinkage=0.0966648


Tree=54
num_leaves=30
num_cat=0
split_feature=14 14 25 14 25 14 25 25 14 25 26 14 25 25 25 25 26 25 14 25 14 25 25 14 25 25 25 25 25
split_gain=886.857 257.762 104.825 104.279 102.085 81.7386 82.0706 75.8321 64.8198 55.6623 54.3842 43.2116 48.5214 42.9515 40.7158 33.8642 33.7978 32.8865 27.228 26.009 24.5525 23.1033 21.1857 20.6106 14.1581 12.399 10.4142 10.0888 1.36392
threshold=29.500000000000004 62.500000000000007 62.083333333333336 14.500000000000002 29.964285714285719 42.500000000000007 62.083333333333336 29.040816326530614 86.500000000000014 14.055555555555557 28.154592444336373 71.500000000000014 71.236111111111128 14.055555555555557 9.0526315789473699 71.236111111111128 28.154592444336373 20.377976190476193 5.5000000000000009 1.8166666666666669 25.500000000000004 6.3891891891891897 56.031250000000007 5.5000000000000009 39.604347826086965 17.916666666666668 6.3891891891891897 31.691576086956527 6.3891891891891897
decision_type=2 2 2 2 2 2 2 2 2 2 2 2 2 2 2 2 2 2 2 2 2 2 2 2 2 2 2 2 2
left_child=3 4 8 9 14 10 -7 13 17 18 -6 15 -13 26 28 -4 24 -3 19 -1 -15 -20 23 -11 -9 -16 -5 -18 -2
right_child=1 2 11 7 5 6 -8 16 -10 22 -12 12 -14 20 25 -17 27 -19 21 -21 -22 -23 -24 -25 -26 -27 -28 -29 -30
leaf_value=-0.011166074707135539 0.09329765074590983 0.059922304052734805 0.0098377611360073846 0.063784871459219267 0.014923149335776287 0.0090927044263794249 -0.022551388524514611 -0.0026179639677627034 0.12933817712509238 -0.020272788663581877 -0.0042986781551148136 0.048922168543434036 0.014766335765290961 -0.0062631015593630048 0.035272765131763049 -0.035539566417065439 -0.015135045335014285 0.031405542365221896 0.033911566159380062 -0.020991895138827602 0.0037756118894641004 -0.0061597684180871989 -0.073488528566211533 -0.034167567484699859 -0.03884346721347668 0.017802657351935421 0.017979186578309422 -0.032074935478857092 0.048339500553352982
leaf_weight=6273 65 437 2570 45 1561 20131 789 975 63 3955 11161 594 1128 10456 466 156 458 3125 135 4244 2904 2357 76 1366 105 2218 557 1389 41
leaf_count=6273 65 437 2570 45 1561 20131 789 975 63 3955 11161 594 1128 10456 466 156 458 3125 135 4244 2904 2357 76 1366 105 2218 557 1389 41
internal_value=4.46395e-05 0.00911896 0.0247388 -0.0113971 0.00565328 0.00417681 0.00789146 -0.00590796 0.036932 -0.0164292 -0.00193261 0.0147555 0.0267122 -0.0029373 0.0233967 0.00714902 -0.0200337 0.0350247 -0.0129917 -0.0151435 -0.00408012 -0.00389208 -0.0246849 -0.0238837 -0.00638768 0.0209272 0.0221587 -0.0279539 0.0803218
internal_weight=79800 44505 8073 35295 36432 33642 20920 16889 3625 18406 12722 4448 1722 13962 2790 2726 2927 3562 13009 10517 13360 2492 5397 5321 1080 2684 602 1847 106
internal_count=79800 44505 8073 35295 36432 33642 20920 16889 3625 18406 12722 4448 1722 13962 2790 2726 2927 3562 13009 10517 13360 2492 5397 5321 1080 2684 602 1847 106
is_linear=0
shrinkage=0.0966648


Tree=55
num_leaves=31
num_cat=0
split_feature=14 14 25 14 25 14 25 25 25 14 25 24 25 14 24 14 25 25 25 25 25 39 25 25 24 14 14 14 25 25
split_gain=726.273 201.562 103.25 97.5764 85.8682 68.843 69.6002 65.2264 63.2175 54.5866 47.2129 40.4569 39.1109 35.6436 32.2226 41.533 39.7089 32.0004 31.4204 29.2799 25.2058 24.7433 40.0551 18.7235 13.869 13.4489 11.6742 11.016 5.91126 0.484423
threshold=31.500000000000004 62.500000000000007 31.691576086956527 15.500000000000002 62.083333333333336 46.500000000000007 50.090909090909101 31.691576086956527 47.675438596491233 86.500000000000014 14.055555555555557 13.500000000000002 17.916666666666668 73.500000000000014 9.5000000000000018 3.5000000000000004 1.8166666666666669 9.0526315789473699 72.088235294117666 7.1478696741854648 71.236111111111128 4.9824552759742433 33.328759398496253 45.839743589743598 13.500000000000002 5.5000000000000009 27.500000000000004 22.500000000000004 59.100000000000009 6.3891891891891897
decision_type=2 2 2 2 2 2 2 2 2 2 2 2 2 2 2 2 2 2 2 2 2 2 2 2 2 2 2 2 2 2
left_child=3 2 17 10 9 8 -7 11 -4 19 14 26 -13 20 16 -16 -1 29 -15 -3 -6 27 -23 25 -19 -12 -5 -9 -25 -2
right_child=1 4 5 7 13 6 -8 21 -10 -11 23 12 -14 18 15 -17 -18 24 -20 -21 -22 22 -24 28 -26 -27 -28 -29 -30 -31
leaf_value=-0.00061716856372448763 0.08534658085229517 0.083180699282731807 0.0010612929910423315 -0.010796410511862172 0.010692383268062171 0.016093160619406376 0.0029038707460099255 -0.043139671965023677 -0.023430315980732953 0.11818636031996489 -0.017551731058490318 0.017645672531075084 -0.00093281885768568926 0.046756249969086519 -0.013181216796467525 0.00054276851393947128 -0.043543205518356276 0.012342245877551474 0.015577444818596979 0.030066562575340738 -0.016710470336950129 0.012087018960743759 -0.024482927490847996 -0.038727511003708116 0.0264281716380734 -0.028090805852948816 0.00049225399379370098 -0.022460815804129272 -0.082064950462516967 0.045741110232560341
leaf_weight=303 63 95 15485 4814 2751 6488 8818 314 1044 63 3774 1201 8536 460 9577 2624 594 1110 890 3467 347 506 609 226 1664 1668 1040 1192 38 39
leaf_count=303 63 95 15485 4814 2751 6488 8818 314 1044 63 3774 1201 8536 460 9577 2624 594 1110 890 3467 347 506 609 226 1664 1668 1040 1192 38 39
internal_value=4.31783e-05 0.00862017 0.00541781 -0.00987006 0.0223711 0.00383027 0.00849986 -0.004824 -0.000495736 0.0334068 -0.0147533 -0.00244785 0.00137075 0.0133354 -0.0115445 -0.0102312 -0.0291706 0.022934 0.0264044 0.0316579 0.00758954 -0.0189104 -0.0079177 -0.0220939 0.0208411 -0.0208168 -0.00879288 -0.0269681 -0.0470955 0.0744408
internal_weight=79800 42784 34711 37016 8073 31835 15306 18212 16529 3625 18804 15591 9737 4448 13098 12201 897 2876 1350 3562 3098 2621 1115 5706 2774 5442 5854 1506 264 102
internal_count=79800 42784 34711 37016 8073 31835 15306 18212 16529 3625 18804 15591 9737 4448 13098 12201 897 2876 1350 3562 3098 2621 1115 5706 2774 5442 5854 1506 264 102
is_linear=0
shrinkage=0.0966648


Tree=56
num_leaves=28
num_cat=0
split_feature=14 25 14 14 25 14 25 25 25 25 14 25 24 25 26 14 24 25 24 25 12 25 14 25 14 14 3
split_gain=604.493 141.71 134.838 95.8011 80.0935 75.3162 53.4359 48.0265 42.7515 34.4207 30.7664 30.3413 28.8115 28.4157 24.4493 21.8196 22.0462 18.6322 15.252 13.5168 12.5284 11.5718 10.4515 3.30253 3.20069 2.46194 0.99608
threshold=39.500000000000007 22.550000000000004 18.500000000000004 57.500000000000007 57.535714285714292 92.500000000000014 40.654761904761912 18.016129032258068 59.775000000000006 17.916666666666668 13.500000000000002 40.654761904761912 13.500000000000002 4.2386363636363642 49.180509084086438 76.500000000000014 11.500000000000002 54.526595744680854 13.500000000000002 13.848583877995646 201.87900000000005 50.090909090909101 53.500000000000007 56.788888888888899 83.500000000000014 22.500000000000004 0.7895000000000002
decision_type=2 2 2 2 2 2 2 2 2 2 2 2 2 2 2 2 2 2 2 2 2 2 2 2 2 2 2
left_child=2 13 7 4 11 8 9 10 -5 18 12 -3 -1 -2 -11 16 -15 20 -4 -12 -9 25 -6 -23 -17 -8 -19
right_child=1 3 6 5 22 -7 21 17 -10 14 19 -13 -14 15 -16 24 -18 26 -20 -21 -22 23 -24 -25 -26 -27 -28
leaf_value=-0.02092426567415262 0.091882994750343963 0.013034046103470932 -0.0013268040397753512 0.021643795351081484 -0.034762468703439707 0.14117906378370676 -0.03280109415603967 -0.020655302143550488 0.0098406496684891355 -0.0016542897862399733 0.018602334494612238 0.0040731118295888819 -0.0097095154860373147 0.0097619294356503308 -0.041532664312357789 0.054768713946426441 0.042752046907519207 -0.073332358289513122 0.024636435455544278 -0.0025125020984569954 0.022740651120451909 -0.03220480744934702 -0.013959043103805403 -0.06726717389312438 0.098268909928434525 -0.015073722758976634 -0.035617911053190711
leaf_weight=2627 100 4546 306 5257 377 37 77 4975 6351 21748 338 15780 11650 290 137 104 569 57 671 1564 57 151 592 38 45 1320 36
leaf_count=2627 100 4546 306 5257 377 37 77 4975 6351 21748 338 15780 11650 290 137 104 569 57 671 1564 57 151 592 38 45 1320 36
internal_value=4.04778e-05 0.0097919 -0.00721681 0.00864209 0.0047842 0.0156892 -0.00231687 -0.012837 0.0151967 -0.0011235 -0.0102453 0.0060814 -0.0117831 0.0436818 -0.00191832 0.0382455 0.0317985 -0.0209915 0.0165574 0.0012991 -0.02013 -0.0194313 -0.0222612 -0.0415911 0.0720535 -0.0162237 -0.0625409
internal_weight=79800 34048 45752 32940 21295 11645 24448 21304 11608 22862 16179 20326 14277 1108 21885 1008 859 5125 977 1902 5032 1586 969 189 149 1397 93
internal_count=79800 34048 45752 32940 21295 11645 24448 21304 11608 22862 16179 20326 14277 1108 21885 1008 859 5125 977 1902 5032 1586 969 189 149 1397 93
is_linear=0
shrinkage=0.0966648


Tree=57
num_leaves=30
num_cat=0
split_feature=14 14 25 25 25 14 14 14 26 25 24 26 25 25 25 14 25 26 24 25 25 26 14 24 25 14 25 14 14
split_gain=499.359 158.301 94.5784 74.9476 66.7679 65.5953 58.5868 53.7241 50.2559 48.8022 43.3771 41.9915 33.8775 29.6066 27.2596 24.371 24.3003 23.9019 22.3589 51.9447 18.1599 15.1273 14.6608 14.3506 10.884 7.0701 5.40316 4.11506 3.77091
threshold=28.500000000000004 52.500000000000007 52.724747474747481 50.090909090909101 27.31481481481482 10.500000000000002 86.500000000000014 69.500000000000014 29.529541886684747 31.691576086956527 13.500000000000002 49.180509084086438 66.050000000000011 71.236111111111128 49.961538461538467 24.500000000000004 61.95454545454546 28.154592444336373 13.500000000000002 2.4233766233766239 33.328759398496253 49.180509084086438 50.500000000000007 39.500000000000007 40.654761904761912 26.500000000000004 60.708333333333336 48.500000000000007 3.5000000000000004
decision_type=2 2 2 2 2 2 2 2 2 2 2 2 2 2 2 2 2 2 2 2 2 2 2 2 2 2 2 2 2
left_child=4 3 6 8 5 18 11 12 20 -10 25 -3 -4 -9 17 -12 22 24 19 -1 -2 -19 -5 -20 -6 -7 28 -18 -16
right_child=1 2 7 16 14 10 -8 13 9 -11 15 -13 -14 -15 26 -17 27 21 23 -21 -22 -23 -24 -25 -26 -27 -28 -29 -30
leaf_value=-0.0016201137807033078 0.019084174879423738 0.025966413813000813 0.0077395896766244456 -0.017593343570265089 -0.006568941496165181 -0.010226257071101972 0.11837125969271685 0.030230164699432682 0.014868392459899722 0.00025815961119730625 -0.00051994231116492804 -0.0024683771672227113 -0.0098838425408406469 0.0095889813165769451 -0.028156564734396879 0.012457480501320428 -0.074771119395922223 -0.020635528188082043 -0.0087347251371675417 -0.030366690163602248 0.006216130586481493 -0.055271767964133772 -0.0030111323484452138 -0.021458166838470683 -0.031985355883294916 0.0024029683809526393 -0.084568003238728803 -0.033162540601483652 -0.058626017792426793
leaf_weight=933 2364 4997 7963 1404 1903 4846 54 1472 2403 18775 7335 536 1162 1175 130 1650 51 3199 11041 1582 1823 118 1192 893 165 450 36 74 74
leaf_count=933 2364 4997 7963 1404 1903 4846 54 1472 2403 18775 7335 536 1162 1175 130 1650 51 3199 11041 1582 1823 118 1192 893 165 450 36 74 74
internal_value=3.79499e-05 0.00668602 0.0139408 0.00219953 -0.00875568 -0.00686664 0.0242922 0.00901545 0.00383607 0.00192069 -0.00221873 0.0232122 0.005489 0.0211215 -0.0183817 0.00187177 -0.0130243 -0.0169095 -0.0114569 -0.0197396 0.013503 -0.0219917 -0.0109261 -0.0096999 -0.00870697 -0.00915124 -0.049875 -0.0534637 -0.0409244
internal_weight=79800 45445 17359 28086 34355 28730 5587 11772 25365 21178 14281 5533 9125 2647 5625 8985 2721 5385 14449 2515 4187 3317 2596 11934 2068 5296 240 125 204
internal_count=79800 45445 17359 28086 34355 28730 5587 11772 25365 21178 14281 5533 9125 2647 5625 8985 2721 5385 14449 2515 4187 3317 2596 11934 2068 5296 240 125 204
is_linear=0
shrinkage=0.0966648


Tree=58
num_leaves=28
num_cat=0
split_feature=14 14 14 25 26 25 14 25 25 25 14 25 26 25 39 14 25 14 25 25 25 25 24 25 26 14 25
split_gain=427.027 108.768 97.2903 66.2318 74.7596 59.0907 51.3228 57.4992 46.8497 44.5695 35.5224 54.774 32.8864 31.7301 30.0383 25.0808 39.0963 23.7879 19.8178 19.2832 15.8358 14.7199 14.5693 13.9642 10.5667 10.2991 3.24901
threshold=42.500000000000007 21.500000000000004 76.500000000000014 42.968750000000007 49.180509084086438 22.550000000000004 92.500000000000014 79.166666666666671 42.520270270270281 22.550000000000004 54.500000000000007 54.031250000000007 26.075015673981195 66.050000000000011 3.9304635459439736 3.5000000000000004 6.3891891891891897 79.500000000000014 31.894444444444449 1.8166666666666669 45.346666666666671 6.3891891891891897 11.500000000000002 58.038461538461547 48.660649588815268 5.5000000000000009 86.250000000000014
decision_type=2 2 2 2 2 2 2 2 2 2 2 2 2 2 2 2 2 2 2 2 2 2 2 2 2 2 2
left_child=1 9 3 4 12 21 7 17 14 15 11 -5 -2 -12 -7 19 -17 -4 -6 -1 24 -3 -23 -10 -11 -22 -9
right_child=2 5 6 10 18 8 -8 26 23 20 13 -13 -14 -15 -16 16 -18 -19 -20 -21 25 22 -24 -25 -26 -27 -28
leaf_value=-0.0072289075913304678 0.036771420812185443 0.058329878092631238 0.025488593727480715 0.003868847306327897 0.020737307495627237 -0.0027068287964396895 0.13519820278862327 -0.0028118326847755928 -0.015499819049368964 -0.015884005771612142 0.011783931012496685 -0.017968319158258445 0.016325232339871057 -0.0010194054324247975 0.007609460023341794 0.026784522665421001 -0.0053597639972503596 0.054175291721523501 -0.032431432070020513 -0.015206434388367664 -0.030960774795033726 -0.00031926289243622096 0.016190449438900714 -0.067882191777330542 -0.047278809816413518 -0.083971770058825668 -0.026583360157175634
leaf_weight=6245 859 58 573 9708 75 16648 38 215 1862 4601 8963 1199 5145 2264 3126 361 8715 551 343 5214 265 683 1848 42 97 37 65
leaf_count=6245 859 58 573 9708 75 16648 38 215 1862 4601 8963 1199 5145 2264 3126 361 8715 551 343 5214 265 683 1848 42 97 37 65
internal_value=3.19484e-05 -0.00545585 0.00914174 0.00789913 0.0165371 -0.000821246 0.0335781 0.0301117 -0.00247107 -0.00985875 0.00538807 0.00145742 0.0192935 0.00920311 -0.00107366 -0.00786071 -0.00405979 0.0398217 -0.0226909 -0.0108665 -0.0180402 0.0129596 0.0117477 -0.0169216 -0.0166078 -0.0393647 -0.00888903
internal_weight=79800 49802 29998 28556 6422 24267 1442 1404 21678 25535 22134 10907 6004 11227 19774 20535 9076 1124 418 11459 5000 2589 2531 1904 4698 302 280
internal_count=79800 49802 29998 28556 6422 24267 1442 1404 21678 25535 22134 10907 6004 11227 19774 20535 9076 1124 418 11459 5000 2589 2531 1904 4698 302 280
is_linear=0
shrinkage=0.0966648


Tree=59
num_leaves=28
num_cat=0
split_feature=39 25 26 25 25 25 26 24 25 39 25 26 25 9 12 25 25 25 26 39 25 25 24 24 25 39 7
split_gain=77.3876 33.1223 24.6562 44.3272 20.6818 116.63 22.6008 19.7922 18.6899 18.3771 12.4601 22.4943 12.4034 9.88826 5.87718 2.6524 2.44404 2.30474 2.55709 1.85174 1.29356 1.11865 1.81505 1.61902 0.787917 0.287638 0.271471
threshold=3.9304635459439736 35.031250000000007 49.180509084086438 31.894444444444449 31.691576086956527 33.328759398496253 28.154592444336373 13.500000000000002 4.2386363636363642 -9.6464841371331129 40.855400696864116 49.180509084086438 1.8166666666666669 0.0019150000000000003 192.01700000000002 57.071428571428577 59.775000000000006 44.047619047619058 44.18398109243698 -21.126453108984759 40.654761904761912 27.31481481481482 13.500000000000002 42.500000000000007 45.346666666666671 -20.815465743537139 0.040250000000000008
decision_type=2 2 2 2 2 2 2 2 2 2 2 2 2 2 2 2 2 2 2 2 2 2 2 2 2 2 2
left_child=1 2 7 19 14 6 13 12 -9 10 11 -3 -1 -6 21 20 -17 18 -11 -4 -7 22 -2 -23 -19 -5 -12
right_child=4 9 3 25 5 15 -8 8 -10 17 26 -13 -14 -15 -16 16 -18 24 -20 -21 -22 23 -24 -25 -26 -27 -28
leaf_value=0.004429128608849006 -0.010831410739854289 -0.0070260591383175513 -0.003309689536142585 -0.036830572108743673 0.042317849877023618 0.0047994373535235882 -0.027956608888166024 -0.0063239735539366284 -0.00030112537438618689 0.002450469173512668 0.011192506623245011 -0.066506283154786239 -0.0072471805633003037 0.024496353959338267 0.029378329421593838 0.0081591308172098767 0.0039963170426716259 0.0071607327804161826 -0.0028367334103500379 0.016518863500437297 0.0022692574721982421 -0.0098816787583814406 -0.0017000792085644489 0.0090260352105257947 0.0039116854013310672 -0.051749747876539166 0.0019301286124935246
leaf_weight=915 268 148 460 137 758 2230 50 6221 21207 7446 40 94 11183 543 37 1639 6856 897 959 41 12432 769 791 39 3353 198 89
leaf_count=915 268 148 460 137 758 2230 50 6221 21207 7446 40 94 11183 543 37 1639 6856 897 959 41 12432 769 791 39 3353 198 89
internal_value=2.92312e-05 -0.00208802 -0.00345568 -0.0198102 0.00430831 0.00506246 0.0325895 -0.00310601 -0.00166856 0.00214932 -0.0188387 -0.0314566 -0.00636184 0.0350659 -0.00538052 0.00344631 0.00480608 0.0027756 0.00184518 -0.00146353 0.00265638 -0.00618614 -0.00407189 -0.00889315 0.00460903 -0.0466045 0.00526684
internal_weight=79800 53388 40362 836 26412 24508 1351 39526 27428 13026 371 242 12098 1301 1904 23157 8495 12655 8405 501 14662 1867 1059 808 4250 335 129
internal_count=79800 53388 40362 836 26412 24508 1351 39526 27428 13026 371 242 12098 1301 1904 23157 8495 12655 8405 501 14662 1867 1059 808 4250 335 129
is_linear=0
shrinkage=0.0966648


Tree=60
num_leaves=26
num_cat=0
split_feature=14 25 14 14 14 25 25 25 25 14 25 25 14 14 25 25 14 25 12 14 25 18 25 25 39
split_gain=333.113 108.174 69.2368 63.9061 48.4066 46.1382 32.1808 30.6452 30.3762 39.2096 28.3105 24.8197 21.993 39.7702 18.8647 17.556 11.7077 10.5732 8.37014 5.98606 4.0082 3.60928 2.40575 1.78975 0.473224
threshold=37.500000000000007 17.916666666666668 66.500000000000014 1.0000000180025095e-35 92.500000000000014 66.050000000000011 40.654761904761912 66.579069767441879 33.24038461538462 26.500000000000004 9.3062500000000021 27.31481481481482 4.5000000000000009 16.500000000000004 1.8166666666666669 4.2386363636363642 83.500000000000014 36.038461538461547 201.87900000000005 54.500000000000007 41.038461538461547 14.500000000000002 50.090909090909101 1.5500000000000003 -1.6612339467761161
decision_type=2 2 2 2 2 2 2 2 2 2 2 2 2 2 2 2 2 2 2 2 2 2 2 2 2
left_child=3 15 5 10 7 6 -3 -4 9 14 23 -11 20 -14 -5 -2 21 18 -12 -7 -10 -17 -19 -1 -25
right_child=1 2 4 8 -6 19 -8 -9 12 11 17 -13 13 -15 -16 16 -18 22 -20 -21 -22 -23 -24 24 -26
leaf_value=-0.0074814924513222445 0.079410731140173274 0.010187250979371208 0.022804255868113261 0.01028067495395479 0.11693522568084193 -0.05524379203171588 0.0029612584623248586 0.0076634384094338278 0.021856513431267044 0.012639529077144373 -0.017224791904711531 -9.6496913515921639e-06 -0.045942492751071186 -0.0089828180013040194 -0.0048039918462633195 0.023304537422605784 0.082871172330409915 -0.027420898318856284 0.023299460307324372 -0.019964578052214382 0.0012450705331967355 0.039519521877511746 -0.046205700836705318 -0.010582870684125457 -0.019880023230786345
leaf_weight=5303 103 7727 2621 802 37 46 22589 2402 214 2295 3387 3912 278 6006 18249 302 42 382 42 484 148 313 102 1958 56
leaf_count=5303 103 7727 2621 802 37 46 22589 2402 214 2295 3387 3912 278 6006 18249 302 42 382 42 484 148 313 102 1958 56
internal_value=2.58468e-05 0.00679903 0.00603002 -0.00573187 0.0165026 0.00430844 0.00480513 0.0155865 -0.00352282 -0.00199143 -0.0120011 0.00467708 -0.00933386 -0.0106716 -0.0041651 0.0427095 0.0361101 -0.018636 -0.0166778 -0.0237671 0.0136294 0.0319402 -0.0320354 -0.00843707 -0.0109154
internal_weight=79800 36666 35906 43134 5060 30846 30316 5023 31904 25258 11230 6207 6646 6284 19051 760 657 3913 3429 530 362 615 484 7317 2014
internal_count=79800 36666 35906 43134 5060 30846 30316 5023 31904 25258 11230 6207 6646 6284 19051 760 657 3913 3429 530 362 615 484 7317 2014
is_linear=0
shrinkage=0.0966648


Tree=61
num_leaves=28
num_cat=0
split_feature=14 14 25 25 14 14 25 26 25 25 25 25 14 14 24 14 25 25 25 25 25 14 12 14 25 14 14
split_gain=282.905 96.611 74.938 63.5863 43.4495 42.977 42.52 36.9212 36.8884 32.7747 30.338 24.6491 24.0418 23.4267 21.1772 22.8097 18.9619 16.3035 14.8109 12.5394 12.0346 11.0551 10.5393 3.91728 2.89336 1.37897 0.748875
threshold=48.500000000000007 21.500000000000004 48.916666666666679 48.516666666666673 86.500000000000014 71.500000000000014 22.550000000000004 49.180509084086438 22.550000000000004 71.236111111111128 71.236111111111128 7.5818181818181829 32.500000000000007 55.500000000000007 9.5000000000000018 10.500000000000002 41.038461538461547 60.02272727272728 1.8166666666666669 6.3891891891891897 49.961538461538467 82.500000000000014 201.87900000000005 79.500000000000014 59.100000000000009 29.500000000000004 66.500000000000014
decision_type=2 2 2 2 2 2 2 2 2 2 2 2 2 2 2 2 2 2 2 2 2 2 2 2 2 2 2
left_child=1 8 4 6 7 10 19 11 14 23 13 -2 -8 -4 18 -16 -9 25 -1 -3 22 -11 -10 -7 -22 -5 -12
right_child=2 3 5 17 -6 9 12 16 20 21 26 -13 -14 -15 15 -17 -18 -19 -20 -21 24 -23 -24 -25 -26 -27 -28
leaf_value=0.0040874828193352766 0.058962623507915535 0.051913410016459639 -0.0011952382271019264 -0.030101018092503894 0.099279658698008727 0.028567923340104738 -0.003969916036010661 -0.020709126705851798 -0.014899550468398819 0.0026661568904012924 -0.04664339564842606 0.018564344949237484 0.0019041768542808315 0.0073239921112358327 -0.007298656954056096 0.00013030533587580611 0.019769665774982556 -0.062667699195888743 -0.018830497954270973 0.011277013220658674 -0.030157044846433615 0.026288876589053257 0.027020272421147309 0.046360136215401922 -0.063058306556712268 -0.016295594779482673 -0.027257489780251488
leaf_weight=307 139 66 4661 77 54 776 10125 335 4769 902 58 5646 18206 8529 12979 5496 151 72 1753 2675 142 226 50 163 39 1287 117
leaf_count=307 139 66 4661 77 54 776 10125 335 4769 902 58 5646 18206 8529 12979 5496 151 72 1753 2675 142 226 50 163 39 1287 117
internal_value=2.51156e-05 -0.00349874 0.00942395 -3.19016e-06 0.01828 0.00578693 0.000917988 0.0174627 -0.00794752 0.0187331 0.00377516 0.0196114 -0.000195624 0.00431457 -0.00613044 -0.00508952 -0.0080212 -0.019835 -0.0154126 0.0123969 -0.0153896 0.00754391 -0.0144226 0.0320052 -0.0395102 -0.017238 -0.0353628
internal_weight=79800 58043 21757 32508 6325 15432 31072 6271 25535 2067 13365 5785 28331 13190 20535 18475 486 1436 2060 2741 5000 1128 4819 939 181 1364 175
internal_count=79800 58043 21757 32508 6325 15432 31072 6271 25535 2067 13365 5785 28331 13190 20535 18475 486 1436 2060 2741 5000 1128 4819 939 181 1364 175
is_linear=0
shrinkage=0.0966648


Tree=62
num_leaves=30
num_cat=0
split_feature=14 14 25 14 25 26 14 25 14 25 26 25 14 25 24 25 25 25 14 14 14 14 25 14 25 14 25 14 14
split_gain=233.878 64.1175 59.9236 43.6133 42.2115 40.2439 30.9106 27.7808 28.1425 25.284 24.0593 23.2378 27.9381 21.8775 20.4972 20.1537 18.1172 17.0644 15.4083 58.3149 29.4818 14.0986 13.7761 11.6902 11.5503 10.7316 6.96227 6.64176 2.19192
threshold=44.500000000000007 18.500000000000004 45.346666666666671 69.500000000000014 43.207142857142863 43.480826113590631 86.500000000000014 17.916666666666668 14.500000000000002 17.916666666666668 44.18398109243698 66.050000000000011 53.500000000000007 71.236111111111128 9.5000000000000018 3.0896713615023477 41.550000000000004 31.691576086956527 5.5000000000000009 1.0000000180025095e-35 9.5000000000000018 63.500000000000007 58.038461538461547 71.500000000000014 6.3891891891891897 75.500000000000014 14.055555555555557 42.500000000000007 45.500000000000007
decision_type=2 2 2 2 2 2 2 2 2 2 2 2 2 2 2 2 2 2 2 2 2 2 2 2 2 2 2 2 2
left_child=1 7 5 11 9 6 15 8 14 24 -11 12 -4 23 -1 -2 17 -7 19 -9 -20 -13 27 -5 -3 -15 -10 -6 -18
right_child=2 4 3 13 22 16 -8 18 26 10 -12 21 -14 25 -16 -17 28 -19 20 -21 -22 -23 -24 -25 -26 -27 -28 -29 -30
leaf_value=-0.020003198468977617 0.07141852832234627 0.051493194535686321 -0.0010301370369727818 0.012437776369902728 -0.015127692150496454 0.01713285022449389 0.099404950097977146 -0.017307146620938803 0.022191202463720895 0.00033145538472659463 -0.012329033512188186 -0.028578192811046395 0.0072299081444259913 -0.0063170736214531661 -0.0059547979602873414 0.017570031241861423 0.0063215589359488233 -0.011141091902684839 -0.0570419942191637 0.011747037046228915 -0.016558823121051947 -0.0042395348889459452 -0.055364546985416187 0.029592779309270983 0.011988371734287611 0.012697328232289196 0.0043544901058697912 -0.0059671719551091578 0.017911901936970915
leaf_weight=1040 59 68 6710 621 1550 248 37 2399 249 25962 1475 289 8890 435 13521 5407 234 905 178 876 2005 903 59 985 977 740 1036 1439 503
leaf_count=1040 59 68 6710 621 1550 248 37 2399 249 25962 1475 289 8890 435 13521 5407 234 905 178 876 2005 903 59 985 977 740 1036 1439 503
internal_value=2.32519e-05 -0.00371529 0.00734708 0.00454334 -0.000946731 0.0147577 0.0189326 -0.00781095 -0.00575747 0.000211548 -0.000352405 0.00268287 0.00367826 0.015739 -0.00696814 0.01825 0.00257469 -0.00498697 -0.0137564 -0.00952647 -0.020047 -0.0102847 -0.0117438 0.0230495 0.0149136 0.00566261 0.00792138 -0.0107439 0.0143344
internal_weight=79800 52834 26966 19573 31530 7393 5503 21304 15846 28482 27437 16792 15600 2781 14561 5466 1890 1153 5458 3275 2183 1192 3048 1606 1045 1175 1285 2989 737
internal_count=79800 52834 26966 19573 31530 7393 5503 21304 15846 28482 27437 16792 15600 2781 14561 5466 1890 1153 5458 3275 2183 1192 3048 1606 1045 1175 1285 2989 737
is_linear=0
shrinkage=0.0966648


Tree=63
num_leaves=26
num_cat=0
split_feature=14 40 14 14 40 26 40 40 26 14 14 40 24 24 14 40 40 14 40 26 14 14 14 40 24
split_gain=194.065 56.3696 46.9631 45.658 40.7093 29.5637 28.2485 27.7873 54.3737 26.3455 24.3913 17.8865 16.4647 15.4649 17.2755 14.2985 10.3245 11.9049 10.2895 9.31815 6.3624 5.47696 5.29002 1.7942 1.63363
threshold=42.500000000000007 0.44462200698656551 21.500000000000004 92.500000000000014 1.2199776264334898 49.180509084086438 0.67668568667359186 1.2759582388197142 43.480826113590631 38.500000000000007 68.500000000000014 0.95709596629541527 9.5000000000000018 11.500000000000002 8.5000000000000018 0.054514959236822993 1.3061917603073645 5.5000000000000009 1.6922335899724039 49.180509084086438 40.500000000000007 74.500000000000014 76.500000000000014 0.24024885257758533 35.500000000000007
decision_type=2 2 2 2 2 2 2 2 2 2 2 2 2 2 2 2 2 2 2 2 2 2 2 2 2
left_child=2 12 6 7 5 9 13 8 -3 -4 -9 -7 22 15 -15 -1 19 -18 20 -8 -6 24 23 -2 -14
right_child=1 3 4 -5 18 11 16 10 -10 -11 -12 -13 21 14 -16 -17 17 -19 -20 -21 -22 -23 -24 -25 -26
leaf_value=0.002676971801609944 0.008892006822237038 0.016216836516469491 3.4937728485478641e-05 0.10333095910144846 -0.012923067984438392 -0.0070576655179760668 -0.011179949832753945 0.0026918880532769986 -0.0055179572170461558 0.010229359943335377 0.011774146960410389 -0.068562899798250587 0.041507133797143943 -0.0059434210592522827 0.00058309913112976851 -0.014050202801840026 -0.020655499836631151 -0.069494790301605339 -0.045301318744618992 -0.043938730937782798 -0.0048391644337943155 0.066690766692433651 0.033344585964002298 -0.017231021447091533 0.016296101415351753
leaf_weight=578 36 4709 17621 37 1949 91 4547 20158 1389 2729 3196 82 229 11668 5609 2680 327 50 68 76 1727 112 39 51 42
leaf_count=578 36 4709 17621 37 1949 91 4547 20158 1389 2729 3196 82 229 11668 5609 2680 327 50 68 76 1727 112 39 51 42
internal_value=2.22691e-05 0.00616348 -0.00367724 0.00560734 -0.000631832 0.00106029 -0.00657036 0.00545784 0.0112654 0.00140536 0.00393824 -0.0378752 0.0378248 -0.00498048 -0.00382526 -0.0110833 -0.0130825 -0.028383 -0.00989063 -0.01179 -0.00914311 0.047638 0.0069787 -0.0065761 0.0381531
internal_weight=79800 29998 49802 29489 24267 20523 25535 29452 6098 20350 23354 173 509 20535 17277 3258 5000 377 3744 4623 3676 383 126 87 271
internal_count=79800 29998 49802 29489 24267 20523 25535 29452 6098 20350 23354 173 509 20535 17277 3258 5000 377 3744 4623 3676 383 126 87 271
is_linear=0
shrinkage=0.0966648


Tree=64
num_leaves=30
num_cat=0
split_feature=39 25 25 25 24 25 39 25 25 25 8 39 12 25 22 0 25 8 25 25 10 25 39 39 25 30 25 39 25
split_gain=34.6948 23.7827 102.141 13.3978 15.5888 15.735 31.5176 13.9893 10.0166 21.4451 8.12051 7.96855 4.56403 3.25749 5.77665 7.30481 4.04411 3.90053 2.88099 2.33705 1.50547 1.26352 1.04219 0.653605 0.4519 0.435056 0.467893 0.290616 0.289573
threshold=3.9304635459439736 33.328759398496253 31.691576086956527 41.550000000000004 13.500000000000002 31.691576086956527 -15.697195506433927 4.2386363636363642 1.8166666666666669 16.708333333333339 0.0011550000000000002 6.5447418165757396 192.01700000000002 79.166666666666671 11.500000000000002 199000.50000000003 76.187500000000014 0.085950000000000013 0.2678571428571429 71.236111111111128 0.080150000000000013 27.31481481481482 8.0903038504870715 -3.1491367538953621 44.047619047619058 0.13650000000000004 42.018518518518526 0.74272009118685578 45.346666666666671
decision_type=2 2 2 2 2 2 2 2 2 2 2 2 2 2 2 2 2 2 2 2 2 2 2 2 2 2 2 2 2
left_child=3 2 12 4 8 7 -7 -6 18 -10 22 -12 21 16 17 -16 19 -15 -1 -3 -18 -2 -4 25 27 26 -5 -25 -26
right_child=1 13 10 23 5 6 -8 -9 9 -11 11 -13 -14 14 15 -17 20 -19 -20 -21 -22 -23 -24 24 28 -27 -28 -29 -30
leaf_value=0.0014835828257158991 -0.0023112485903170809 0.0019784215567026069 -0.005106335639827206 -0.0031995488438430063 -0.0035310763602797628 -0.037043504155484262 -0.0034700458756219141 0.0017532976845019018 -0.01330759321224461 -0.003437409978673445 0.021376584736493814 0.03863860299743218 0.026784414814017766 -0.042455882088248222 0.023498284760234567 -0.012408561254777928 -0.0032725057531945204 -0.0070444641899514264 0.013025083296816425 -0.0034996854660449546 0.017238942772753445 -0.007398697290728405 0.012764041251204509 0.0022890082782774913 0.0046307033880653289 0.014402041228618042 0.0050016740373043395 3.2638654952491413e-05 0.0024359963386427256
leaf_weight=666 1059 21846 46 65 6290 264 6952 18229 2504 11419 408 830 37 51 81 124 37 65 284 746 207 808 67 999 706 37 892 1135 2946
leaf_count=666 1059 21846 46 65 6290 264 6952 18229 2504 11419 408 830 37 51 81 124 37 65 284 746 207 808 67 999 706 37 892 1135 2946
internal_value=2.00016e-05 0.00288515 0.0106123 -0.00139765 -0.00198173 -0.000771062 -0.00473617 0.00039699 -0.00456324 -0.00521884 0.0308607 0.0331155 -0.00382106 0.00179587 -0.00776411 0.00211313 0.0019328 -0.0242727 0.00501017 0.00179641 0.0141237 -0.00453415 0.00562653 0.00261522 0.00221642 0.00490205 0.00442374 0.00109332 0.00286904
internal_weight=79800 26412 3255 53388 46608 31735 7216 24519 14873 13923 1351 1238 1904 23157 321 205 22836 116 950 22592 244 1867 113 6780 5786 994 957 2134 3652
internal_count=79800 26412 3255 53388 46608 31735 7216 24519 14873 13923 1351 1238 1904 23157 321 205 22836 116 950 22592 244 1867 113 6780 5786 994 957 2134 3652
is_linear=0
shrinkage=0.0966648


Tree=65
num_leaves=28
num_cat=0
split_feature=14 25 14 25 25 14 25 14 26 25 14 25 25 25 14 25 25 26 24 25 24 25 12 14 39 25 14
split_gain=158.93 54.7001 52.2137 47.7132 32.2509 32.2096 30.9707 30.7917 21.0264 20.1073 18.6271 21.041 18.2617 17.1225 14.7221 26.4916 19.6413 14.5859 14.4445 11.7659 10.5534 9.8687 8.85321 6.53281 3.00107 2.10287 0.534547
threshold=48.500000000000007 50.510869565217398 22.500000000000004 48.055555555555564 22.550000000000004 87.500000000000014 22.550000000000004 55.500000000000007 26.852122153209113 56.392307692307703 12.500000000000002 14.055555555555557 9.3062500000000021 39.604347826086965 71.500000000000014 59.775000000000006 71.236111111111128 28.621511289123465 9.5000000000000018 59.775000000000006 11.500000000000002 49.558441558441565 201.87900000000005 50.500000000000007 23.293187943115395 59.775000000000006 45.500000000000007
decision_type=2 2 2 2 2 2 2 2 2 2 2 2 2 2 2 2 2 2 2 2 2 2 2 2 2 2 2
left_child=2 5 4 6 10 8 20 9 13 23 18 -12 -10 -2 15 -9 -16 -8 -1 26 -4 22 -6 -3 -23 -11 -5
right_child=1 7 3 19 21 -7 17 14 12 25 11 -13 -14 -15 16 -17 -18 -19 -20 -21 -22 24 -24 -25 -26 -27 -28
leaf_value=-0.01715058987430295 0.034837343263943374 -0.012465322582622727 0.00072123218136722759 -0.016149537783540998 -0.011680536306248402 0.087797478624567063 0.004521930072606554 0.010506946657821981 0.044210381467478278 -0.013574756883579953 0.014962400370750951 -0.0017135463502499033 0.010284274648892429 0.0081079401801424679 0.024060635595190612 -0.00035608751834985235 0.0049495130950714316 -0.0010001858935218444 -0.0050443615025052135 -0.052129238380128014 0.016923241835019025 -0.023326128823491249 0.025673302894457201 0.0010453547352176473 -0.052307336043723375 -0.025010107215538074 -0.011942025629284054
leaf_weight=981 678 377 508 804 5631 47 5619 3707 145 357 799 5717 6382 341 906 4818 1128 21726 13829 75 1442 132 53 2555 55 316 672
leaf_count=981 678 377 508 804 5631 47 5619 3707 145 357 799 5717 6382 341 906 4818 1128 21726 13829 75 1442 132 53 2555 55 316 672
internal_value=1.84364e-05 0.00706302 -0.00262276 9.97882e-05 -0.00570975 0.013679 0.000976359 0.00351088 0.0131292 -0.00419624 -0.00396055 0.000346387 0.0110887 0.0260193 0.00614334 0.00437275 0.0135202 0.000135474 -0.00585468 -0.0163804 0.0127217 -0.0120502 -0.0112983 -0.00071971 -0.0335665 -0.0191643 -0.0143052
internal_weight=79800 21757 58043 30846 27197 7593 29295 14164 7546 3605 21326 6516 6527 1019 10559 8525 2034 27345 14810 1551 1950 5871 5684 2932 187 673 1476
internal_count=79800 21757 58043 30846 27197 7593 29295 14164 7546 3605 21326 6516 6527 1019 10559 8525 2034 27345 14810 1551 1950 5871 5684 2932 187 673 1476
is_linear=0
shrinkage=0.0966648


Tree=66
num_leaves=28
num_cat=0
split_feature=14 25 25 26 39 26 25 14 25 14 14 25 24 24 25 25 14 14 14 25 14 25 26 25 12 14 25
split_gain=134.017 62.9004 44.4842 39.822 39.4372 36.3854 160.826 34.758 27.6649 24.9205 22.524 18.9678 18.0625 15.7331 31.289 15.3086 23.7369 15.912 14.8194 13.5758 14.3455 9.73771 7.69494 4.14913 3.57874 3.39943 0.49732
threshold=32.500000000000007 31.691576086956527 31.691576086956527 28.154592444336373 -13.538988668669022 28.154592444336373 33.328759398496253 50.500000000000007 33.328759398496253 84.500000000000014 1.0000000180025095e-35 3.0896713615023477 11.500000000000002 13.500000000000002 6.3891891891891897 1.8166666666666669 3.5000000000000004 26.500000000000004 22.500000000000004 33.328759398496253 23.500000000000004 60.02272727272728 49.180509084086438 42.520270270270281 201.87900000000005 68.500000000000014 33.328759398496253
decision_type=2 2 2 2 2 2 2 2 2 2 2 2 2 2 2 2 2 2 2 2 2 2 2 2 2 2 2
left_child=2 9 10 8 22 6 -6 -7 18 11 13 -2 -13 14 -1 16 -12 -17 -4 20 -5 -21 26 -10 -15 -24 -3
right_child=1 4 3 19 5 7 -8 -9 23 -11 15 12 -14 24 -16 17 -18 -19 -20 21 -22 -23 25 -25 -26 -27 -28
leaf_value=-0.0044648560114290284 0.058684934240208299 -0.0024816080428580107 0.0029103759281102291 -0.039046465238019891 0.067291896604875792 -0.00082934604716861755 0.004797879937295824 0.0053582750243298177 -0.010489611722246455 0.077906508462225993 0.0065629396003103729 0.0032761211103616208 0.018667038385958998 -0.0051822128572736065 -0.032143541847159132 -0.0028862280422239342 0.064227917144452057 0.0038413135816043071 0.029942656932351982 -0.012106431585458041 -0.018424433528088372 -0.058106876283095334 -0.02684238640608123 -0.029248402303120632 0.01586008342075975 -0.058372620915661047 -0.013267592719715813
leaf_weight=967 84 120 603 491 428 18302 3310 15801 438 53 739 1038 2291 8599 626 18024 66 4010 270 1930 942 37 321 148 69 37 56
leaf_count=967 84 120 603 491 428 18302 3310 15801 438 53 739 1038 2291 8599 626 18024 66 4010 270 1930 942 37 321 148 69 37 56
internal_value=1.70679e-05 0.00378989 -0.00414152 -0.0127714 0.00266179 0.00303192 0.0120759 0.00203813 0.00058892 0.0162467 -0.00287203 0.0151175 0.0138865 -0.00663231 -0.0154431 -0.00118097 0.0118494 -0.00166097 0.0114579 -0.018493 -0.0256597 -0.0131929 -0.0232397 -0.0155424 -0.00500091 -0.0312512 -0.0063222
internal_weight=79800 41841 37959 4859 38375 37841 3738 34103 1459 3466 33100 3413 3329 10261 1593 22839 805 22034 873 3400 1433 1967 534 586 8668 358 176
internal_count=79800 41841 37959 4859 38375 37841 3738 34103 1459 3466 33100 3413 3329 10261 1593 22839 805 22034 873 3400 1433 1967 534 586 8668 358 176
is_linear=0
shrinkage=0.0966648


Tree=67
num_leaves=28
num_cat=0
split_feature=14 40 14 40 26 14 40 14 40 14 40 24 24 14 14 14 40 40 14 14 26 14 40 24 24 26 24
split_gain=110.197 49.1131 38.8809 30.9363 32.942 31.783 29.1239 24.4308 55.6063 19.7108 17.8043 16.9024 16.1849 14.8345 14.1096 11.1646 11.0837 9.35009 6.99302 5.7773 5.23051 5.03687 4.2729 2.85798 2.61873 2.20509 1.54295
threshold=35.500000000000007 0.61150708698317013 92.500000000000014 0.95100824506299586 28.154592444336373 29.500000000000004 1.0001372257006811 60.500000000000007 1.801176071865507 22.500000000000004 2.3756518933477913 13.500000000000002 13.500000000000002 14.500000000000002 32.500000000000007 1.0000000180025095e-35 1.0001372257006811 0.072721253856245713 74.500000000000014 77.500000000000014 28.154592444336373 31.500000000000004 1.2759582388197142 38.500000000000007 13.500000000000002 43.480826113590631 30.500000000000004
decision_type=2 2 2 2 2 2 2 2 2 2 2 2 2 2 2 2 2 2 2 2 2 2 2 2 2 2 2
left_child=3 12 7 5 6 11 9 8 -3 -5 -9 15 17 -13 16 -1 -6 -2 23 -19 24 -22 -8 -14 -7 -16 -20
right_child=1 2 -4 4 14 20 22 10 -10 -11 -12 13 18 -15 25 -17 -18 19 26 -21 21 -23 -24 -25 -26 -27 -28
leaf_value=-0.013967169766166718 0.051231503279398849 0.0024652246366618259 0.093310580692921058 0.0026325603088161657 -0.023208736244765556 -0.003468404137856573 -0.0081095465738018346 0.0082078077769482775 -0.020453706517490958 0.030996232837866063 -0.015787081734129963 -0.0036867932341702902 0.032370099563175644 0.0013329015294800052 -0.0052555698434145698 -0.0050193627832954757 -0.011943839963623783 0.00040863867303994546 0.06862198145267627 0.029791237870490875 0.0076505426525190715 0.020013938627100426 -0.0263358589413526 0.0086077397726790714 0.0072732099611998195 -0.014532386623226952 0.031003655799954
leaf_weight=1593 40 27851 37 603 1433 331 564 8715 1018 363 292 13635 404 9213 1775 7124 1967 341 66 69 739 541 150 61 565 274 36
leaf_count=1593 40 27851 37 603 1433 331 564 8715 1018 363 292 13635 404 9213 1775 7124 1967 341 66 69 739 541 150 61 565 274 36
internal_value=1.58379e-05 0.00369601 0.00313095 -0.00348968 -0.00927226 -0.00226608 0.00255309 0.00302408 0.00165185 0.0134503 0.00741721 -0.00304567 0.0245807 -0.00166293 -0.0129166 -0.00666533 -0.016733 0.010632 0.0353629 0.00580746 0.00901376 0.0129636 -0.0121766 0.0294422 0.00330927 -0.00654541 0.0584268
internal_weight=79800 38930 37913 40870 7129 33741 1680 37876 28869 966 9007 31565 1017 22848 5449 8717 3400 450 567 410 2176 1280 714 465 896 2049 102
internal_count=79800 38930 37913 40870 7129 33741 1680 37876 28869 966 9007 31565 1017 22848 5449 8717 3400 450 567 410 2176 1280 714 465 896 2049 102
is_linear=0
shrinkage=0.0966648


Tree=68
num_leaves=26
num_cat=0
split_feature=14 25 25 14 14 14 25 25 25 25 26 25 14 25 14 26 25 14 14 24 14 25 14 14 25
split_gain=93.2979 40.8196 39.3395 35.1973 24.2531 23.0245 26.1949 22.4432 18.7228 17.2175 13.2647 15.1794 13.2051 12.7225 17.7838 12.7217 10.6926 8.77154 8.5415 7.52882 6.93583 0.812129 0.709617 3.20866 0.158024
threshold=48.500000000000007 50.510869565217398 48.516666666666673 22.500000000000004 87.500000000000014 58.500000000000007 59.775000000000006 22.550000000000004 62.083333333333336 22.550000000000004 49.180509084086438 41.038461538461547 8.5000000000000018 62.083333333333336 77.500000000000014 44.18398109243698 3.0896713615023477 52.500000000000007 5.5000000000000009 10.500000000000002 62.500000000000007 66.050000000000011 29.500000000000004 3.5000000000000004 56.392307692307703
decision_type=2 2 2 2 2 2 2 2 2 2 2 2 2 2 2 2 2 2 2 2 2 2 2 2 2
left_child=2 4 3 9 10 6 17 19 22 12 16 -12 -1 20 -15 -9 -2 -3 -11 -5 -7 -8 23 -4 -24
right_child=1 5 8 7 -6 13 21 15 -10 18 11 -13 -14 14 -16 -17 -18 -19 -20 -21 -22 -23 24 -25 -26
leaf_value=-0.0047667851472413363 0.048438155421784548 -0.0059510308786386032 -0.010250292380049273 -0.00047076550598990541 0.075427167784492641 0.0064265567682280523 -0.018039570394693276 0.00071393601067757122 -0.06294376747906294 -0.00430571480992137 -0.016552322472972742 0.013447508060657374 0.00016040608925943134 -2.6337715230109851e-05 0.016407315940958362 -0.0062452500203077459 0.011453723135202541 0.0027223359887978251 -0.011963253380875557 0.013940826052480244 0.015252756585668648 -0.029415057427873915 -0.012678340367738617 -0.032419003185089015 -0.017696910165433042
leaf_weight=12974 67 1555 167 435 47 2036 614 24750 71 2316 337 283 8352 4143 715 2717 6859 3591 3338 1515 1424 86 1193 100 115
leaf_count=12974 67 1555 167 435 47 2036 614 24750 71 2316 337 283 8352 4143 715 2717 6859 3591 3338 1515 1424 86 1193 100 115
internal_value=1.65633e-05 0.00541402 -0.00200708 -0.00157596 0.0111291 0.00234597 -0.00230125 0.00073672 -0.0167031 -0.00409703 0.0106528 -0.00286184 -0.00283776 0.00561122 0.0024143 2.39991e-05 0.0118644 9.65184e-05 -0.00883659 0.0107366 0.0100846 -0.0197392 -0.0143252 -0.0192232 -0.0132197
internal_weight=79800 21757 58043 56397 7593 14164 5846 29417 1646 26980 7546 620 21326 8318 4858 27467 6926 5146 5654 1950 3460 700 1575 267 1308
internal_count=79800 21757 58043 56397 7593 14164 5846 29417 1646 26980 7546 620 21326 8318 4858 27467 6926 5146 5654 1950 3460 700 1575 267 1308
is_linear=0
shrinkage=0.0966648


Tree=69
num_leaves=22
num_cat=0
split_feature=14 14 25 26 25 39 14 25 26 14 25 25 24 25 25 25 26 25 39 14 14
split_gain=79.1207 36.9278 32.2309 39.9199 30.6575 26.3692 20.4106 20.403 17.2715 14.8683 15.6583 13.9931 13.8193 17.2447 17.0457 11.2358 10.6055 8.67709 2.40445 2.01811 1.0079
threshold=40.500000000000007 92.500000000000014 40.654761904761912 43.480826113590631 40.654761904761912 7.0656191078546025 17.500000000000004 17.916666666666668 49.180509084086438 45.500000000000007 45.346666666666671 47.675438596491233 39.500000000000007 6.3891891891891897 14.055555555555557 62.083333333333336 49.180509084086438 6.3891891891891897 13.672864812151413 35.500000000000007 3.5000000000000004
decision_type=2 2 2 2 2 2 2 2 2 2 2 2 2 2 2 2 2 2 2 2 2
left_child=4 2 3 5 6 -2 12 17 -9 10 -4 -11 14 -14 -1 18 -5 -8 19 -6 -20
right_child=1 -3 9 16 15 -7 7 8 -10 11 -12 -13 13 -15 -16 -17 -18 -19 20 -21 -22
leaf_value=-0.001483801039086027 0.010648796948704627 0.090577888315654276 0.00052234865507350559 0.00058945758934187786 -0.0061014317635806406 0.030766668256466515 0.04510872673317038 -0.00048340864335265745 -0.032191403524854112 0.0083751854279661385 -0.011595813926724995 0.0019722622802170416 -0.00061841940443939846 -0.022885846006068834 -0.0077269113341695006 -0.060598764303899502 -0.017900973341260975 0.010151178773708006 -0.011087343898373809 -0.012634805380816752 -0.020608537718891519
leaf_weight=12327 4530 38 3869 881 727 700 64 23451 154 3920 1334 17011 553 782 6109 38 424 1104 190 1226 368
leaf_count=12327 4530 38 3869 881 727 700 64 23451 154 3920 1334 17011 553 782 6109 38 424 1104 190 1226 368
internal_value=1.46911e-05 0.00366654 0.00354432 0.00961218 -0.00252177 0.0133823 -0.00193058 -8.18262e-05 -0.000700608 0.00202464 -0.00259706 0.00317403 -0.00424614 -0.0137179 -0.00355487 -0.0128163 -0.0054873 0.012347 -0.0119118 -0.010236 -0.0175599
internal_weight=79800 32707 32669 6535 47093 5230 44544 24773 23605 26134 5203 20931 19771 1335 18436 2549 1305 1168 2511 1953 558
internal_count=79800 32707 32669 6535 47093 5230 44544 24773 23605 26134 5203 20931 19771 1335 18436 2549 1305 1168 2511 1953 558
is_linear=0
shrinkage=0.0966648


Tree=70
num_leaves=25
num_cat=0
split_feature=14 25 25 14 14 25 14 25 26 14 25 25 12 25 14 14 26 25 25 14 14 25 14 25
split_gain=66.741 34.9204 33.4409 28.593 22.4315 22.2819 24.0642 19.9646 21.6309 19.6086 14.6955 14.0104 11.5564 10.2318 15.873 12.5916 10.1682 11.3617 8.74567 8.14331 7.35753 2.03778 0.65361 0.305909
threshold=50.500000000000007 50.090909090909101 53.033333333333339 31.500000000000004 58.500000000000007 27.31481481481482 26.500000000000004 31.691576086956527 28.154592444336373 87.500000000000014 59.775000000000006 65.966666666666683 201.87900000000005 66.050000000000011 72.500000000000014 66.500000000000014 26.852122153209113 40.654761904761912 7.1478696741854648 53.500000000000007 43.500000000000007 59.775000000000006 28.500000000000004 66.050000000000011
decision_type=2 2 2 2 2 2 2 2 2 2 2 2 2 2 2 2 2 2 2 2 2 2 2 2
left_child=1 3 9 5 10 6 -1 20 -9 16 19 21 -7 15 -15 -6 17 -2 -18 -4 -5 22 -3 -12
right_child=2 11 4 7 13 12 -8 8 -10 -11 23 -13 -14 14 -16 -17 18 -19 -20 -21 -22 -23 -24 -25
leaf_value=-0.0023127230997076358 0.026121857377788937 -0.018131301695916476 -0.013035310555292216 0.012933394379536034 0.0044941795826568924 -0.0079446074348393028 0.0095246973569550839 0.010527127133271813 -0.00044251623983798064 0.067699443244251312 -0.016256358452704886 -0.068871294628500057 0.029865831804667516 -0.006170893802933437 0.0080093304104821624 0.01576145059150745 0.038723435717530952 0.0033583723004093351 0.007714933854656823 0.00045951434475504917 -0.00076540337509755155 -0.025907660222857648 -0.011710735847733515 -0.024581715150488636
leaf_weight=27670 637 196 488 1807 3808 7327 1696 1848 17709 47 575 37 69 1660 1315 1222 79 304 6625 2659 458 117 1369 78
leaf_count=27670 637 196 488 1807 3808 7327 1696 1848 17709 47 575 37 69 1660 1315 1222 79 304 6625 2659 458 117 1369 78
internal_value=1.32044e-05 -0.00157642 0.0049285 -0.00117694 0.00169478 -0.00282206 -0.00162677 0.00159451 0.00059774 0.00988474 -0.00441527 -0.0151254 -0.00756144 0.00459668 0.000101459 0.0072512 0.00946216 0.018854 0.00812395 -0.00165957 0.0101701 -0.0136375 -0.0125989 -0.0175232
internal_weight=79800 60303 19497 58584 11805 36762 29366 21822 19557 7692 3800 1719 7396 8005 2975 5030 7645 941 6704 3147 2265 1682 1565 653
internal_count=79800 60303 19497 58584 11805 36762 29366 21822 19557 7692 3800 1719 7396 8005 2975 5030 7645 941 6704 3147 2265 1682 1565 653
is_linear=0
shrinkage=0.0966648


Tree=71
num_leaves=21
num_cat=0
split_feature=14 14 25 14 25 26 24 25 24 25 14 25 25 25 24 14 39 25 14 14
split_gain=55.4148 30.3801 25.9565 23.963 21.5464 15.8545 15.4836 15.6958 15.3928 12.2143 34.3699 10.5055 10.4001 6.01815 4.42233 3.82436 2.36858 1.71582 1.09071 0.737812
threshold=41.500000000000007 92.500000000000014 40.654761904761912 35.500000000000007 14.816666666666668 49.180509084086438 13.500000000000002 27.31481481481482 9.5000000000000018 79.166666666666671 79.500000000000014 62.083333333333336 1.8166666666666669 33.328759398496253 39.500000000000007 80.500000000000014 13.672864812151413 6.3891891891891897 35.500000000000007 3.5000000000000004
decision_type=2 2 2 2 2 2 2 2 2 2 2 2 2 2 2 2 2 2 2 2
left_child=2 4 3 6 8 13 12 -8 17 10 -6 16 -1 -5 -10 -11 18 -2 -4 -18
right_child=1 -3 11 5 9 -7 7 -9 14 15 -12 -13 -14 -15 -16 -17 19 -19 -20 -21
leaf_value=0.0046700682362433186 0.0096627500397277449 0.082009285907412674 -0.0048656866966009247 0.010984125184094209 0.0025122237369965389 -0.043371399072159172 0.00024336235545328633 -0.0051496756204545725 0.035690266949096314 -0.033979956033450179 0.028464607059599013 -0.05402628976861279 -0.006066354319891199 0.003364582969954553 0.003494654415171018 -0.0093264103096725327 -0.0088609153545790072 -0.013471356279347748 -0.0093423187610361391 -0.016598572709299916
leaf_weight=910 37 38 727 1270 29985 56 21583 6572 341 79 477 43 10645 4058 47 213 190 89 1944 496
leaf_count=910 37 38 727 1270 29985 56 21583 6572 341 79 477 43 10645 4058 47 213 190 89 1944 496
internal_value=1.2289e-05 0.00318222 -0.00203428 -0.0014193 0.00306644 0.00462811 -0.00223996 -0.00101655 0.0225507 0.00273528 0.00292563 -0.0101693 -0.0052183 0.00519391 0.0319329 -0.0166918 -0.00948632 -0.00651417 -0.00814119 -0.0145765
internal_weight=79800 31306 48494 45094 31268 5384 39710 28155 514 30754 30462 3400 11555 5328 388 292 3357 126 2671 686
internal_count=79800 31306 48494 45094 31268 5384 39710 28155 514 30754 30462 3400 11555 5328 388 292 3357 126 2671 686
is_linear=0
shrinkage=0.0966648


Tree=72
num_leaves=26
num_cat=0
split_feature=14 25 25 14 14 25 14 25 14 14 25 25 24 25 14 14 26 25 25 25 25 14 25 25 25
split_gain=46.9687 27.6912 27.2872 26.477 17.682 15.9198 15.15 14.117 22.8323 13.1143 12.1985 11.9327 9.90524 21.125 9.1288 7.96041 7.65867 8.76514 7.03243 6.57036 5.2699 1.99584 1.5519 1.45269 0.533278
threshold=51.500000000000007 50.090909090909101 53.485294117647065 1.0000000180025095e-35 62.500000000000007 62.083333333333336 87.500000000000014 1.8166666666666669 3.5000000000000004 39.500000000000007 65.966666666666683 62.083333333333336 13.500000000000002 1.8166666666666669 82.500000000000014 55.500000000000007 26.852122153209113 35.696969696969703 27.31481481481482 27.97058823529412 56.392307692307703 49.500000000000007 59.775000000000006 66.050000000000011 53.033333333333339
decision_type=2 2 2 2 2 2 2 2 2 2 2 2 2 2 2 2 2 2 2 2 2 2 2 2 2
left_child=1 3 6 12 5 15 16 8 -5 -9 21 20 13 -1 -13 -4 17 -2 -14 -18 -6 22 -3 -7 -23
right_child=2 10 4 7 11 23 -8 9 -10 -11 -12 14 18 -15 -16 -17 19 -19 -20 -21 -22 24 -24 -25 -26
leaf_value=0.00040756526749120733 0.025189238015051036 -0.01181334209870308 -0.0065481280740927227 0.0070339730249322314 0.004466040818819318 -0.012701759335579118 0.059878316322092985 -0.0011293556211451809 0.059338771253574826 0.0024245599827902088 -0.058241492498668973 0.0017600219231923772 -0.0029396602860751056 -0.020690729860655895 0.019806618878444024 0.0019374886493812046 0.015385357353227484 0.0054231811760826719 -0.011711476382295985 0.0061244336578902677 0.018071350838824343 -0.0049894321166225964 -0.024795298379581738 -0.022867115209078772 -0.010080038385994604
leaf_weight=775 510 1299 1430 739 401 509 47 33456 80 13656 44 4176 8380 1028 272 3663 829 361 945 5195 821 578 93 203 310
leaf_count=775 510 1299 1430 739 401 509 47 33456 80 13656 44 4176 8380 1028 272 3663 829 361 945 5195 821 578 93 203 310
internal_value=1.08796e-05 -0.00127375 0.00429125 -0.000865715 0.00139521 -0.0023536 0.00907157 0.000120729 0.0126437 -9.89831e-05 -0.0116063 0.00523127 -0.00511174 -0.0116584 0.00289562 -0.000451313 0.00865943 0.0171151 -0.00383745 0.00741674 0.0136622 -0.010515 -0.0128111 -0.0158118 -0.00683729
internal_weight=79800 61383 18417 59059 11475 5805 6942 47931 819 47112 2324 5670 11128 1803 4448 5093 6895 871 9325 6024 1222 2280 1392 712 888
internal_count=79800 61383 18417 59059 11475 5805 6942 47931 819 47112 2324 5670 11128 1803 4448 5093 6895 871 9325 6024 1222 2280 1392 712 888
is_linear=0
shrinkage=0.0966648


Tree=73
num_leaves=23
num_cat=0
split_feature=14 14 25 14 25 14 25 25 14 14 25 25 24 25 25 25 39 14 14 25 25 14
split_gain=38.6032 23.8182 23.1643 21.1351 19.2007 16.4204 12.865 11.4359 18.8329 11.8256 11.2287 11.0934 8.56171 18.5853 7.70573 5.27646 4.67566 3.01318 2.28358 2.20763 0.992419 0.523012
threshold=49.500000000000007 92.500000000000014 47.675438596491233 1.0000000180025095e-35 53.033333333333339 58.500000000000007 79.166666666666671 1.8166666666666669 3.5000000000000004 42.500000000000007 56.392307692307703 62.083333333333336 9.5000000000000018 1.8166666666666669 6.3891891891891897 9.3062500000000021 -15.697195506433927 74.500000000000014 47.500000000000007 50.090909090909101 65.535714285714292 3.5000000000000004
decision_type=2 2 2 2 2 2 2 2 2 2 2 2 2 2 2 2 2 2 2 2 2 2
left_child=2 4 3 12 14 10 -7 8 -5 -9 -6 18 13 -1 17 -14 -16 -2 21 -20 -13 -4
right_child=1 -3 11 7 5 6 -8 9 -10 -11 -12 20 15 -15 16 -17 -18 -19 19 -21 -22 -23
leaf_value=0.0026752838519401283 0.016839526004556401 0.073388574489886921 -0.0057437605262815805 0.0063609838515548038 0.00093297754271825985 0.0042236217127159525 -0.016200744392315548 -0.000777830828757589 0.054356426534525742 0.0035128838611135993 -0.0093727017352097965 -0.026080192975139013 -0.002401631262252275 -0.031929249144705123 -0.00042440579316823572 -0.0069843427961726341 0.0072910950747138532 0.05021470250301182 -0.0027572253589108076 -0.011475161014676378 -0.056566335227233706 -0.011590080693099148
leaf_weight=267 80 38 185 739 1997 7680 292 37170 78 7150 1945 46 6975 307 810 3542 7724 41 903 385 36 1410
leaf_count=267 80 38 185 739 1997 7680 292 37170 78 7150 1945 46 6975 307 810 3542 7724 41 903 385 36 1410
internal_value=1.0186e-05 0.00361276 -0.00124429 -0.000804523 0.00345668 0.000938149 0.00346074 0.000124707 0.0114037 -8.51384e-05 -0.00416017 -0.00956051 -0.00458369 -0.0160088 0.00691968 -0.00394898 0.00655906 0.0304563 -0.00849406 -0.00541536 -0.0431404 -0.0109426
internal_weight=79800 20607 59193 56228 20569 11914 7972 45137 817 44320 3942 2965 11091 574 8655 10517 8534 121 2883 1288 82 1595
internal_count=79800 20607 59193 56228 20569 11914 7972 45137 817 44320 3942 2965 11091 574 8655 10517 8534 121 2883 1288 82 1595
is_linear=0
shrinkage=0.0966648


Tree=74
num_leaves=29
num_cat=0
split_feature=14 25 39 26 25 14 25 14 14 26 24 25 24 24 24 25 25 25 26 26 25 14 25 25 12 14 25 39
split_gain=33.1089 25.5837 27.2954 23.0896 115.186 23.65 18.796 14.7824 14.1831 13.1795 12.651 15.0938 11.5161 10.3615 8.49724 8.10214 7.03138 11.536 6.64472 6.6097 5.63828 4.76344 4.11752 3.7368 3.66163 3.37979 2.54847 0.413114
threshold=28.500000000000004 31.691576086956527 -13.538988668669022 28.154592444336373 33.328759398496253 33.500000000000007 27.31481481481482 84.500000000000014 24.500000000000004 25.669940476190479 13.500000000000002 15.828571428571431 11.500000000000002 39.500000000000007 13.500000000000002 1.8166666666666669 31.451388888888889 33.328759398496253 49.180509084086438 49.180509084086438 1.8166666666666669 5.5000000000000009 17.916666666666668 40.654761904761912 175.03150000000002 68.500000000000014 17.916666666666668 -15.173702717058305
decision_type=2 2 2 2 2 2 2 2 2 2 2 2 2 2 2 2 2 2 2 2 2 2 2 2 2 2 2 2
left_child=6 7 18 4 -4 -5 8 10 12 16 20 -12 15 -14 22 -1 24 -18 27 21 -2 -11 -10 -21 -8 -20 -16 -3
right_child=1 2 3 5 -6 -7 9 -9 14 19 11 -13 13 -15 26 -17 17 -19 25 23 -22 -23 -24 -25 -26 -27 -28 -29
leaf_value=0.0044214440249369207 0.03453847080307508 0.00064379508290054544 0.048540567200179414 -0.010814867909484891 0.0014096175365800251 0.00092919000914312548 -0.011249424383415266 0.055301548478607139 -0.027411298187686013 -0.0043758707567361456 0.027947025780074089 0.0084916374435272321 -0.00027828781542868318 -0.0074179077364806339 -0.0020380368544465626 -0.0077334410434968847 0.015706857547898127 -0.0066046549790195327 -0.023605187353021504 -0.042668216066252769 0.00092079304799254358 -0.011443252838405275 5.784585821589463e-05 -0.0098717729179748984 0.017795465427821722 -0.054397373194608897 0.010926435637703711 -0.0085648135955040568
leaf_weight=579 40 67 558 1675 3383 33539 418 53 46 1317 421 2991 19146 2101 154 4173 496 374 328 82 2225 2840 1035 60 38 37 1496 128
leaf_count=579 40 67 558 1675 3383 33539 418 53 46 1317 421 2991 19146 2101 154 4173 496 374 328 82 2225 2840 1035 60 38 37 1496 128
internal_value=9.54787e-06 0.00172138 0.000849523 0.0011544 0.00816372 0.000368347 -0.00225476 0.00775512 -0.00125336 -0.00736081 0.0072376 0.0109492 -0.00194984 -0.000986695 0.00536405 -0.00624773 0.00106013 0.00614144 -0.0201962 -0.00995548 0.00162845 -0.00921632 -0.00129499 -0.0300206 -0.00857598 -0.0277765 0.00971261 -0.00549573
internal_weight=79800 45445 39715 39155 3941 35214 34355 5730 28730 5625 5677 3412 25999 21247 2731 4752 1326 870 560 4299 2265 4157 1081 142 456 365 1650 195
internal_count=79800 45445 39715 39155 3941 35214 34355 5730 28730 5625 5677 3412 25999 21247 2731 4752 1326 870 560 4299 2265 4157 1081 142 456 365 1650 195
is_linear=0
shrinkage=0.0966648


Tree=75
num_leaves=22
num_cat=0
split_feature=14 40 14 14 40 14 40 40 40 14 40 26 26 40 40 40 12 40 40 14 14
split_gain=29.3471 20.5329 19.8194 17.1232 16.1761 12.6472 16.2356 15.5181 9.46148 15.4881 8.89545 8.2072 5.46039 6.72126 5.40859 4.95579 3.61597 1.12555 0.838568 0.686373 0.288852
threshold=51.500000000000007 1.5031397434273295 92.500000000000014 1.0000000180025095e-35 1.6049992450970743 68.500000000000014 2.1376699229790916 2.3756518933477913 0.054514959236822993 3.5000000000000004 1.9795431987095908 48.084876300547741 26.852122153209113 1.2199776264334898 1.3680596144163035 0.25657040448156143 201.87900000000005 1.7937422137877583 0.0080379199398985402 50.500000000000007 49.500000000000007
decision_type=2 2 2 2 2 2 2 2 2 2 2 2 2 2 2 2 2 2 2 2 2
left_child=1 3 4 15 12 6 -6 -7 9 -5 17 -10 13 -2 -14 18 -17 19 -1 -3 -19
right_child=2 10 -4 8 5 7 -8 -9 11 -11 -12 -13 14 -15 -16 16 -18 20 -20 -21 -22
leaf_value=-0.0017179578994204457 0.019384036177588881 -0.0094254211953297019 0.067033919493352329 0.0057700099024035108 -0.00039024977403661118 0.0088498554355565182 -0.03717524487471361 -0.014429734420818477 0.00020316447665327423 0.048848394171896889 -0.049727948797590876 -0.0066776460653119847 0.0032669700572956744 0.00093983956531031021 0.0090909983846381801 -0.0070989784059421988 0.019291361971420444 -0.020618152250851431 -0.0038895770290046086 -0.0053809848821675041 -0.008954221332716927
leaf_weight=4452 624 1565 38 739 8425 2620 106 291 45440 80 44 1672 3364 262 2687 3967 42 93 2667 574 48
leaf_count=4452 624 1565 38 739 8425 2620 106 291 45440 80 44 1672 3364 262 2687 3967 42 93 2667 574 48
internal_value=8.61712e-06 -0.00100683 0.00339207 -0.00065548 0.00323272 0.00099828 -0.000880125 0.00649106 0.000137802 0.01039 -0.00990416 -4.20766e-05 0.00691309 0.0139845 0.00586137 -0.00407009 -0.00678638 -0.00897233 -0.00253481 -0.00836308 -0.017311
internal_weight=79800 61383 18417 59059 18379 11442 8531 2911 47931 819 2324 47112 6937 886 6051 11128 4009 2280 7119 2139 141
internal_count=79800 61383 18417 59059 18379 11442 8531 2911 47931 819 2324 47112 6937 886 6051 11128 4009 2280 7119 2139 141
is_linear=0
shrinkage=0.0966648


Tree=76
num_leaves=27
num_cat=0
split_feature=14 25 39 25 39 25 14 24 24 25 14 12 24 14 25 24 39 14 25 24 39 25 14 25 25 25
split_gain=24.6746 20.9714 21.6159 15.4755 95.5244 14.5486 16.7061 11.8267 11.6073 11.2115 9.83794 9.14828 8.8382 8.19225 7.76489 6.86922 6.62637 6.3383 6.31717 5.77909 5.30506 4.185 3.37478 3.25539 2.77963 2.71799
threshold=31.500000000000004 31.691576086956527 -10.161680185620142 33.328759398496253 3.9304635459439736 27.31481481481482 26.500000000000004 13.500000000000002 13.500000000000002 15.828571428571431 43.500000000000007 201.87900000000005 39.500000000000007 70.500000000000014 2.4233766233766239 13.500000000000002 -15.697195506433927 5.5000000000000009 31.894444444444449 39.500000000000007 -16.490557610030312 1.8166666666666669 79.500000000000014 21.97727272727273 19.018181818181819 28.53365384615385
decision_type=2 2 2 2 2 2 2 2 2 2 2 2 2 2 2 2 2 2 2 2 2 2 2 2 2 2
left_child=5 8 13 4 -4 6 7 14 21 19 -5 16 -9 20 -1 24 18 -18 -7 -10 -3 -2 -11 -17 -8 -23
right_child=1 2 3 10 -6 11 15 12 9 22 -12 -13 -14 -15 -16 23 17 -19 -20 -21 -22 25 -24 -25 -26 -27
leaf_value=0.0034488168525361141 0.030249987843021735 -0.02177189663399906 -0.00049618197911350712 -0.0017055694435458043 0.046125540772789866 -0.012158551778700436 -0.017537517738238268 0.00051141350180401756 0.032622138517073615 0.0089012357752803698 0.0018527257161786983 0.027711726022384944 -0.0058533014683446339 -0.048364606459026273 -0.0059309076119782242 0.0037666929565675555 -0.00045922782583350649 -0.0070607877995680903 -0.05507470932534634 0.00065047069631408321 -0.0063400045486548115 -0.0013793630137387131 0.033783470368553031 0.016752335508816659 0.0030537936945039608 0.0077151142907902082
leaf_weight=941 40 258 2131 10262 501 118 60 18018 330 1793 24774 69 2291 46 6420 244 1792 5631 40 63 1020 1103 46 747 645 417
leaf_count=941 40 258 2131 10262 501 118 60 18018 330 1793 24774 69 2291 46 6420 244 1792 5631 40 63 1020 1103 46 747 645 417
internal_value=7.94304e-06 0.00158887 0.000920661 0.00134829 0.00848592 -0.00181928 -0.000840532 -0.00141219 0.00844417 0.0129038 0.000810361 -0.0055718 -0.0002085 -0.0111835 -0.00472951 0.00845052 -0.00590229 -0.0054692 -0.02506 0.0276069 -0.00956609 0.00203168 0.00966065 0.0136083 0.00113233 0.00114171
internal_weight=79800 42784 38992 37668 2632 37016 29366 27670 3792 2232 35036 7650 20309 1324 7361 1696 7581 7423 158 393 1278 1560 1839 991 705 1520
internal_count=79800 42784 38992 37668 2632 37016 29366 27670 3792 2232 35036 7650 20309 1324 7361 1696 7581 7423 158 393 1278 1560 1839 991 705 1520
is_linear=0
shrinkage=0.0966648


Tree=77
num_leaves=25
num_cat=0
split_feature=14 14 25 25 25 24 14 14 24 25 25 25 14 14 24 25 14 25 14 0 25 0 3 14
split_gain=23.3576 18.9008 18.007 17.6413 13.8188 12.036 10.6661 9.95336 9.80452 14.2826 27.8454 10.1397 32.3734 19.5239 9.0797 8.50439 7.4906 7.35189 12.1412 6.54168 5.70402 5.07994 2.54423 1.26207
threshold=77.500000000000014 17.500000000000004 79.166666666666671 17.916666666666668 71.236111111111128 13.500000000000002 53.500000000000007 71.500000000000014 39.500000000000007 6.3891891891891897 14.055555555555557 14.055555555555557 6.5000000000000009 5.5000000000000009 39.500000000000007 1.8166666666666669 88.500000000000014 59.100000000000009 79.500000000000014 163956.00000000003 35.031250000000007 177109.00000000003 0.69450000000000001 2.5000000000000004
decision_type=2 2 2 2 2 2 2 2 2 2 2 2 2 2 2 2 2 2 2 2 2 2 2 2
left_child=1 8 16 5 6 15 -5 -6 11 23 -11 12 -1 -13 -7 -3 17 20 -19 -4 -2 -21 -23 -10
right_child=2 3 19 4 7 14 -8 -9 9 10 -12 13 -14 -15 -16 -17 -18 18 -20 21 -22 22 -24 -25
leaf_value=-0.0028604916754092487 0.018115896076634379 0.036608822338255576 0.024158676181869315 -0.00020893151088240678 -0.032083793334889574 0.019893946503482179 0.0028710225287487713 -0.0062073988233291603 -9.5659200124290105e-05 -0.039525172770132684 -0.0030797010733961527 -0.00084591570685957633 0.0099963431087696977 -0.011530897885931972 -0.0045416634452702283 -0.003547499954587655 0.056842730777568136 0.011045827734562478 0.04434445995564993 -0.043229186287744151 -0.0037104825840794395 -0.016020196162561222 0.0041403912270261394 0.017023214085849822
leaf_weight=10100 257 46 46 41771 177 946 14029 583 517 340 452 3900 2227 2701 164 600 43 224 192 36 190 119 104 36
leaf_count=10100 257 46 46 41771 177 946 14029 583 517 340 452 3900 2227 2701 164 600 43 224 192 36 190 119 104 36
internal_value=7.48032e-06 -0.000198428 0.0132877 0.000685493 0.000388574 0.0102061 0.000565704 -0.0124929 -0.00274036 -0.0106926 -0.0189533 -0.0021712 -0.000533025 -0.00522627 0.0162773 -0.000294098 0.0200844 0.0177707 0.0269363 -0.00689924 0.0089319 -0.0129488 -0.00679203 0.00123529
internal_weight=79800 78589 1211 58316 56560 1756 55800 760 20273 1345 792 18928 12327 6601 1110 646 906 863 416 305 447 259 223 553
internal_count=79800 78589 1211 58316 56560 1756 55800 760 20273 1345 792 18928 12327 6601 1110 646 906 863 416 305 447 259 223 553
is_linear=0
shrinkage=0.0966648


Tree=78
num_leaves=25
num_cat=0
split_feature=14 14 25 25 14 25 14 24 25 25 5 25 2 32 12 14 25 14 0 24 14 25 24 0
split_gain=19.2968 16.5522 13.794 9.99761 13.8026 7.48933 8.11621 7.28973 13.3009 22.0353 6.67645 6.06644 6.03394 5.31366 10.4815 9.92303 5.27798 3.94646 5.99455 3.41242 0.925646 0.767941 0.753206 0.247193
threshold=80.500000000000014 1.0000000180025095e-35 79.166666666666671 1.8166666666666669 2.5000000000000004 79.166666666666671 50.500000000000007 13.500000000000002 6.3891891891891897 17.535714285714288 -7.4164999999999992 27.31481481481482 0.29150000000000004 0.51993700000000009 124.99950000000001 87.500000000000014 57.94444444444445 83.500000000000014 207046.50000000003 9.5000000000000018 4.5000000000000009 15.828571428571431 10.500000000000002 202696.00000000003
decision_type=2 2 2 2 2 2 2 2 2 2 2 2 2 2 2 2 2 2 2 2 2 2 2 2
left_child=1 7 13 4 22 6 -5 8 19 -10 -4 21 -13 15 23 16 -2 -12 -19 -1 -6 -9 -3 -15
right_child=2 3 10 5 20 -7 -8 11 9 -11 17 12 -14 14 -16 -17 -18 18 -20 -21 -22 -23 -24 -25
leaf_value=-0.0093153979451859915 0.013734264745265966 0.015976366329200648 -0.032088923552885985 -0.00032440296411682831 0.020279595127868311 -0.028102667052098868 0.002048333835741812 -0.0012588896592633234 -0.035788638536268957 -0.004686267323575407 -0.009996120123837722 0.013947816230619726 -0.011826612032374976 0.023486330541816872 0.077834658794073711 -0.021081864236908339 0.041059936046213913 0.037394994446584541 -0.0051648761075547963 0.0027621584643680993 0.040131202386507109 -0.0040147272578345749 0.0035001248079491501 0.0091219309622275722
leaf_weight=321 170 42 48 48255 61 79 18679 7299 360 512 81 87 924 37 43 44 115 56 57 646 114 1081 653 36
leaf_count=321 170 42 48 48255 61 79 18679 7299 360 512 81 87 924 37 43 44 115 56 57 646 114 1081 653 36
internal_value=7.47399e-06 -0.000133358 0.0160487 0.000435458 0.0106858 0.000301182 0.000337905 -0.0035697 -0.00912365 -0.0177258 -0.00250541 -0.00247557 -0.00952077 0.0260109 0.0435733 0.0189714 0.0255435 0.00575154 0.016958 -0.00128858 0.0343479 -0.00161771 0.00441939 0.0179361
internal_weight=79800 79113 687 67883 870 67013 66934 11230 1839 872 242 9391 1011 445 116 329 285 194 113 967 175 8380 695 73
internal_count=79800 79113 687 67883 870 67013 66934 11230 1839 872 242 9391 1011 445 116 329 285 194 113 967 175 8380 695 73
is_linear=0
shrinkage=0.0966648


Tree=79
num_leaves=16
num_cat=0
split_feature=14 14 25 14 25 24 14 15 25 14 14 24 25 25 25
split_gain=17.5731 15.2131 18.1338 12.2141 13.3244 9.53078 7.16826 6.32995 6.22897 27.2729 13.0592 4.56264 2.61681 2.31049 0.893261
threshold=92.500000000000014 20.500000000000004 22.550000000000004 25.500000000000004 27.31481481481482 11.500000000000002 74.500000000000014 1.0000000180025095e-35 17.916666666666668 16.500000000000004 5.5000000000000009 13.500000000000002 2.4233766233766239 15.828571428571431 21.97727272727273
decision_type=2 2 2 2 2 2 2 2 2 2 2 2 2 2 2
left_child=1 7 5 11 -5 12 -7 8 9 -1 -10 -4 -3 -9 -15
right_child=-2 2 3 4 -6 6 -8 13 10 -11 -12 -13 -14 14 -16
leaf_value=-0.0017438044619167096 0.059979215361336304 0.022648874037056316 -0.0083541610668132309 0.0072111110566287911 0.00037720300491101392 0.0084162810431534698 0.030387529923912915 -0.029559129233746227 0.00048056277810562168 0.01660549043439246 -0.0075488720485523356 -0.0020587043904978087 -0.001166143098995605 0.0017760232455487051 -0.015921828799681237
leaf_weight=15169 38 37 1721 2831 43838 3163 139 94 3268 789 4487 2867 1262 47 50
leaf_count=15169 38 37 1721 2831 43838 3163 139 94 3268 789 4487 2867 1262 47 50
internal_value=8.02345e-06 -2.62823e-05 0.000847033 0.000324768 0.000792867 0.0066551 0.0094091 -0.00206663 -0.00192204 -0.000829071 -0.00416808 -0.00443014 -0.000359511 -0.0192551 -0.00784241
internal_weight=79800 79762 55858 51257 46669 4601 3302 23904 23713 15958 7755 4588 1299 191 97
internal_count=79800 79762 55858 51257 46669 4601 3302 23904 23713 15958 7755 4588 1299 191 97
is_linear=0
shrinkage=0.0966648


Tree=80
num_leaves=26
num_cat=0
split_feature=14 25 25 14 25 14 24 14 24 25 24 14 25 14 22 14 34 2 26 14 2 14 25 25 34
split_gain=15.661 12.8397 12.3637 12.6677 10.8606 10.5796 9.78348 8.61256 8.25274 11.5965 8.75205 6.4029 6.14142 8.10377 5.59835 5.57913 6.11574 5.11929 4.53615 1.86598 1.31714 0.78261 0.616753 0.516138 0.150417
threshold=77.500000000000014 79.166666666666671 71.236111111111128 17.500000000000004 17.916666666666668 71.500000000000014 9.5000000000000018 64.500000000000014 39.500000000000007 6.3891891891891897 9.5000000000000018 88.500000000000014 63.071428571428577 79.500000000000014 12.500000000000002 83.500000000000014 3.4399666666666673 0.77850000000000008 49.180509084086438 64.500000000000014 0.64350000000000007 75.500000000000014 72.088235294117666 75.166666666666671 3.7013583333333337
decision_type=2 2 2 2 2 2 2 2 2 2 2 2 2 2 2 2 2 2 2 2 2 2 2 2 2
left_child=2 11 3 8 6 19 -5 -6 10 -10 -1 12 18 -14 17 24 -17 20 -2 -4 -3 23 -21 -7 -16
right_child=1 14 5 4 7 21 -8 -9 9 -11 -12 -13 13 -15 15 16 -18 -19 -20 22 -22 -23 -24 -25 -26
leaf_value=-0.0082135778798737361 0.010456140570513301 -0.017779329046295159 -0.05171401528722587 -0.0066113275927672348 0.00010090044510054662 -0.0066028524930253083 0.011647164081357381 0.0045169215182305697 0.0013322652174770347 -0.016856515822485655 -0.00094218894468594801 0.050481299132234939 0.010576099574549211 0.039299531766043103 -0.012525779286691074 0.047061931617747035 -0.0034731615706820812 -0.046547206948223931 -0.017875437677622362 -0.011341378995982157 0.0054700413265824574 -0.00073049907004894268 -0.028811428893630111 -0.016992210086396883 -0.0038650057326123878
leaf_weight=1692 432 36 37 334 51320 338 1422 4480 553 792 17230 43 213 165 69 38 42 41 53 40 42 195 106 50 37
leaf_count=1692 432 36 37 334 51320 338 1422 4480 553 792 17230 43 213 165 69 38 42 41 53 40 42 195 106 50 37
internal_value=8.00134e-06 0.0108823 -0.000160604 -3.97203e-05 0.000692134 -0.0123205 0.00816073 0.000456017 -0.00211758 -0.00941282 -0.00159544 0.0166223 0.0145076 0.0236436 -0.00615779 0.00435222 0.0225387 -0.0218576 0.0071312 -0.0321148 -0.00588853 -0.00577253 -0.0248261 -0.00824358 -0.00996521
internal_weight=79800 1211 78589 77823 57556 766 1756 55800 20267 1345 18922 906 863 378 305 186 80 119 485 183 78 583 146 388 106
internal_count=79800 1211 78589 77823 57556 766 1756 55800 20267 1345 18922 906 863 378 305 186 80 119 485 183 78 583 146 388 106
is_linear=0
shrinkage=0.0966648


Tree=81
num_leaves=17
num_cat=0
split_feature=14 14 40 14 14 40 40 24 40 40 40 32 24 40 14 14
split_gain=14.3652 11.9827 8.6977 11.3015 7.12868 10.9652 10.2257 5.57202 11.118 18.4003 5.12752 4.35193 2.47654 0.695581 0.69053 0.665538
threshold=92.500000000000014 1.0000000180025095e-35 0.054514959236822993 2.5000000000000004 76.500000000000014 2.1376699229790916 2.3756518933477913 13.500000000000002 0.19172828708532044 0.4155715517045816 0.81966936671064128 0.18018300000000001 9.5000000000000018 0.4749874823150711 1.5000000000000002 4.5000000000000009
decision_type=2 2 2 2 2 2 2 2 2 2 2 2 2 2 2 2
left_child=1 7 3 14 5 -4 -6 8 12 -10 13 -12 -1 -9 -3 -5
right_child=-2 2 4 15 6 -7 -8 10 9 -11 11 -13 -14 -15 -16 -17
leaf_value=-0.0074874712215674405 0.054228510578834224 0.0026832264993772708 0.00031253682313478297 0.018769252636107497 0.011269390882813073 -0.012074457642190712 -0.0091945506989873985 -0.00086442273794057735 -0.038155107720713372 -0.0068758581551959371 0.0055379578405033783 -0.011286870736059731 0.0028001313130292418 -0.0034858059770107078 0.010190713568213928 0.036139953886633859
leaf_weight=321 38 555 65594 61 1118 667 280 7299 238 634 168 843 646 1081 140 117
leaf_count=321 38 555 65594 61 1118 667 280 7299 238 634 168 843 646 1081 140 117
internal_value=6.58152e-06 -2.44353e-05 0.00045527 0.0100001 0.000331 0.00018647 0.00714309 -0.0029502 -0.00780566 -0.01567 -0.00199381 -0.00847051 -0.000646767 -0.00120544 0.00428977 0.0312033
internal_weight=79800 79762 68532 873 67659 66261 1398 11230 1839 872 9391 1011 967 8380 695 178
internal_count=79800 79762 68532 873 67659 66261 1398 11230 1839 872 9391 1011 967 8380 695 178
is_linear=0
shrinkage=0.0966648


Tree=82
num_leaves=16
num_cat=0
split_feature=14 14 25 25 26 25 14 14 26 26 25 24 25 25 14
split_gain=12.1453 10.346 12.4623 10.7913 23.0869 13.014 9.66733 9.79057 8.0863 8.06327 7.21626 6.22759 4.47638 3.88231 2.43571
threshold=92.500000000000014 39.500000000000007 40.654761904761912 40.654761904761912 49.180509084086438 31.894444444444449 43.500000000000007 87.500000000000014 46.040440828542366 26.075015673981195 31.894444444444449 9.5000000000000018 43.207142857142863 62.083333333333336 3.5000000000000004
decision_type=2 2 2 2 2 2 2 2 2 2 2 2 2 2 2
left_child=1 2 8 4 9 -6 12 -8 11 -3 -10 -1 -5 14 -4
right_child=-2 3 13 6 5 -7 7 -9 10 -11 -12 -13 -14 -15 -16
leaf_value=-0.0031815167039290077 0.049863069858139729 0.013296214759314647 -0.001076499785661769 -0.0017305486078459675 0.015048706650494787 -0.025115222827817158 0.0011428736478073563 -0.035966031716182678 -0.0020419672538265449 0.0044098701098395851 -0.019079233325988355 6.9453024070412344e-05 -0.0090606829130943072 -0.03694469981075911 -0.0092927723084358527
leaf_weight=6485 38 1137 427 2027 90 350 23239 59 538 5847 404 36228 1261 36 1634
leaf_count=6485 38 1137 427 2027 90 350 23239 59 538 5847 404 36228 1261 36 1634
internal_value=6.43057e-06 -2.20892e-05 -0.000971218 0.00125466 0.00451108 -0.0167834 0.000344288 0.00103715 -0.000620839 0.0058695 -0.00944341 -0.000424613 -0.00455624 -0.00823664 -0.00760077
internal_weight=79800 79762 45752 34010 7424 440 26586 23298 43655 6984 942 42713 3288 2097 2061
internal_count=79800 79762 45752 34010 7424 440 26586 23298 43655 6984 942 42713 3288 2097 2061
is_linear=0
shrinkage=0.0966648


Tree=83
num_leaves=25
num_cat=0
split_feature=14 25 14 25 14 25 14 14 5 0 24 25 25 25 2 14 25 25 14 14 24 24 25 21
split_gain=10.9376 10.5208 8.97441 6.94225 8.58246 6.58114 13.2951 8.95632 4.63728 4.46625 4.41386 9.47875 9.82729 4.04296 4.43123 3.99759 10.0974 4.23797 1.48702 1.16073 0.713615 0.656822 0.604386 0.491418
threshold=79.500000000000014 79.166666666666671 1.0000000180025095e-35 1.8166666666666669 2.5000000000000004 66.050000000000011 66.500000000000014 60.500000000000007 -7.4594999999999994 163956.00000000003 13.500000000000002 1.8166666666666669 17.535714285714288 27.31481481481482 0.32150000000000006 88.500000000000014 57.94444444444445 35.031250000000007 87.500000000000014 82.500000000000014 10.500000000000002 9.5000000000000018 7.5818181818181829 1.5000000000000002
decision_type=2 2 2 2 2 2 2 2 2 2 2 2 2 2 2 2 2 2 2 2 2 2 2 2
left_child=2 15 10 4 20 7 -7 -5 -3 -10 11 21 -13 22 -15 16 17 -2 -11 -18 -4 -1 -12 -6
right_child=1 8 3 5 23 6 -8 -9 9 18 13 12 -14 14 -16 -17 19 -19 -20 -21 -22 -23 -24 -25
leaf_value=0.0049788796044977221 0.013765011619707914 -0.026417160344338067 0.015134489256672757 1.6346311194300491e-05 0.031888654874518932 -0.018024155586833287 -0.0010388019808074628 0.0038873172437345915 0.030454226651749041 0.00060626156089012609 -0.00163987181212357 -0.021712093801190189 -0.0031258784152310049 0.01126397797063701 -0.0096608038870616992 0.045107664120445028 0.022182277562122571 -0.0084236783855262624 -0.019447346412718707 0.040856164253112968 0.0030126863403252373 -0.00087843849630842236 0.00013605032102731988 0.016690212479899453
leaf_weight=267 190 59 42 58047 114 535 2091 6172 36 164 5791 552 512 99 912 43 102 129 36 96 653 508 2589 61
leaf_count=267 190 59 42 58047 114 535 2091 6172 36 164 5791 552 512 99 912 43 102 129 36 96 653 508 2589 61
internal_value=5.25762e-06 0.010831 -0.000113024 0.000306783 0.00884823 0.000194617 -0.00454145 0.000388798 -0.00388558 0.00239824 -0.00264288 -0.00696438 -0.0128543 -0.00179165 -0.00754276 0.0185315 0.0156972 0.00480498 -0.0035854 0.0324163 0.00390162 0.00116837 -0.00109158 0.0275096
internal_weight=79800 855 78945 67715 870 66845 2626 64219 295 236 11230 1839 1064 9391 1011 560 517 319 200 198 695 775 8380 175
internal_count=79800 855 78945 67715 870 66845 2626 64219 295 236 11230 1839 1064 9391 1011 560 517 319 200 198 695 775 8380 175
is_linear=0
shrinkage=0.0966648


Tree=84
num_leaves=16
num_cat=0
split_feature=14 14 25 26 25 25 25 39 25 26 14 14 14 15 26
split_gain=10.2347 8.17098 12.5906 24.8075 14.9013 10.2074 9.95167 29.8881 37.3132 9.49017 9.10537 8.7524 8.40526 7.1855 3.77478
threshold=92.500000000000014 33.500000000000007 31.691576086956527 28.154592444336373 33.328759398496253 33.328759398496253 33.763888888888893 6.3955877335961491 31.691576086956527 44.426574150787083 87.500000000000014 83.500000000000014 29.500000000000004 1.0000000180025095e-35 28.154592444336373
decision_type=2 2 2 2 2 2 2 2 2 2 2 2 2 2 2
left_child=1 2 12 4 -4 -5 7 9 -9 -3 11 -8 13 -1 -14
right_child=-2 6 3 5 -6 -7 10 8 -10 -11 -12 -13 14 -15 -16
leaf_value=-0.00054786142656716003 0.045773328232414742 0.0040831803107226755 0.012767609315511923 -0.014754954357108966 -0.0066659219169983115 -0.0049086855387365695 0.00026288291119786839 -0.0068849951472754719 0.046536950444285741 -0.0071939373213540632 -0.03389314299980771 0.022604443178671829 0.00070583617246394465 -0.016916402230383626 0.0097930028721275927
leaf_weight=31320 38 4851 931 1773 601 2225 34502 192 320 807 65 157 715 245 1058
leaf_count=31320 38 4851 931 1773 601 2225 34502 192 320 807 65 157 715 245 1058
internal_value=5.94723e-06 -2.02334e-05 -0.00102369 -0.00529205 0.00514863 -0.00929502 0.000933518 0.00450832 0.0266968 0.0024672 0.000297472 0.00036904 -0.000314614 -0.000678968 0.00614714
internal_weight=79800 79762 38868 5530 1532 3998 40894 6170 512 5658 34724 34659 33338 31565 1773
internal_count=79800 79762 38868 5530 1532 3998 40894 6170 512 5658 34724 34659 33338 31565 1773
is_linear=0
shrinkage=0.0966648


Tree=85
num_leaves=16
num_cat=0
split_feature=14 14 25 14 26 25 14 24 25 25 25 39 39 14 14
split_gain=8.65307 7.25568 5.99944 7.64212 4.77755 8.61677 5.90943 3.96153 10.8291 20.6768 3.06581 4.17061 1.31466 1.04062 0.674565
threshold=92.500000000000014 1.0000000180025095e-35 1.8166666666666669 3.5000000000000004 43.219479548524028 42.018518518518526 32.500000000000007 9.5000000000000018 1.8166666666666669 14.055555555555557 33.328759398496253 14.789299227618129 25.895861404296731 1.5000000000000002 55.500000000000007
decision_type=2 2 2 2 2 2 2 2 2 2 2 2 2 2 2
left_child=1 7 3 13 6 -6 -4 8 -1 -10 11 -9 -12 -3 -5
right_child=-2 2 4 14 5 -7 -8 10 9 -11 12 -13 -14 -15 -16
leaf_value=0.0045682175741355536 0.042088537245250114 0.0021380864012712822 -0.00043696269331170947 0.034106209546044444 -0.0053520439539410259 9.7106387023566883e-05 0.0015977546896290796 -0.0016324930951297975 -0.053912384787902112 -0.0037785485207436878 -0.0072194461050253816 0.021308762442279222 -0.024692439941779717 0.010444555257517439 0.015076563601179297
leaf_weight=267 38 555 24607 89 3677 10267 29108 9989 111 222 536 67 38 184 45
leaf_count=267 38 555 24607 89 3677 10267 29108 9989 111 222 536 67 38 184 45
internal_value=5.84147e-06 -1.82314e-05 0.00035505 0.00828227 0.000251843 -0.00134196 0.000665715 -0.00229491 -0.0098888 -0.0213231 -0.00185949 -0.0014636 -0.00868495 0.00429188 0.0288722
internal_weight=79800 79762 68532 873 67659 13944 53715 11230 600 333 10630 10056 574 739 134
internal_count=79800 79762 68532 873 67659 13944 53715 11230 600 333 10630 10056 574 739 134
is_linear=0
shrinkage=0.0966648


Tree=86
num_leaves=23
num_cat=0
split_feature=14 8 25 37 14 25 14 14 25 14 14 25 14 5 25 25 25 14 14 2 14 25
split_gain=7.70648 9.51149 9.07005 13.211 8.79421 6.3157 9.59863 6.50782 19.2852 11.4176 10.87 4.24258 8.68786 3.54537 2.69665 6.91525 6.66602 0.835187 1.54374 0.798729 0.479799 0.201022
threshold=79.500000000000014 0.014350000000000002 86.250000000000014 0.91114166666666674 84.500000000000014 72.088235294117666 72.500000000000014 64.500000000000014 59.775000000000006 51.500000000000007 59.500000000000007 33.328759398496253 87.500000000000014 -5.801499999999999 56.392307692307703 66.050000000000011 39.604347826086965 75.500000000000014 78.500000000000014 0.59150000000000003 66.500000000000014 75.166666666666671
decision_type=2 2 2 2 2 2 2 2 2 2 2 2 2 2 2 2 2 2 2 2 2 2
left_child=5 4 11 -4 19 7 20 8 9 -1 -10 13 -13 -3 16 -16 -9 21 -19 -2 -7 -8
right_child=1 2 3 -5 -6 6 17 14 10 -11 -12 12 -14 -15 15 -17 -18 18 -20 -21 -22 -23
leaf_value=-0.00039416436676637098 0.020493932604313807 0.038042307248388203 -0.05778788413403279 0.013568839126791219 0.063065518249659364 -0.041313569523309529 -0.0056194999749051367 0.0051269696491918855 -0.016288301440719726 0.0032945885114182864 -0.0037627028620651989 0.0076508408188851089 -0.035605388780619321 0.0088175434947161957 0.0095647207015260756 0.00048377774682514568 -0.006281131252950066 0.0036418971845527531 -0.012496327554646537 0.0043129884708123121 -0.023377938200917211 -0.012951487043704489
leaf_weight=61198 70 62 43 42 44 43 234 1178 964 8985 1960 398 41 102 1582 1547 795 249 63 53 104 43
leaf_count=61198 70 62 43 42 44 43 234 1178 964 8985 1960 398 41 102 1582 1547 795 249 63 53 104 43
internal_value=5.59474e-06 0.00909268 0.00393182 -0.0243159 0.0292534 -9.36905e-05 -0.00896006 -9.38606e-06 -0.000242467 7.83856e-05 -0.00792386 0.00816775 0.00307171 0.021066 0.00332582 0.00508714 0.000523704 -0.00328775 0.000162698 0.0141808 -0.0304041 -0.00707436
internal_weight=79800 855 688 85 167 78945 736 78209 73107 70183 2924 603 439 164 5102 3129 1973 589 312 123 147 277
internal_count=79800 855 688 85 167 78945 736 78209 73107 70183 2924 603 439 164 5102 3129 1973 589 312 123 147 277
is_linear=0
shrinkage=0.0966648


Tree=87
num_leaves=17
num_cat=0
split_feature=14 14 40 14 24 40 24 40 40 40 14 14 40 39 14 14
split_gain=7.72381 5.80684 10.8239 10.616 7.5545 8.07508 7.30394 9.47379 23.1595 6.4623 24.7685 20.2954 5.88739 3.72318 2.85924 0.665575
threshold=92.500000000000014 17.500000000000004 0.67668568667359186 23.500000000000004 11.500000000000002 0.42178240632771308 39.500000000000007 0.19172828708532044 0.42178240632771308 0.42178240632771308 6.5000000000000009 5.5000000000000009 0.81966936671064128 5.1676766153263776 25.500000000000004 2.5000000000000004
decision_type=2 2 2 2 2 2 2 2 2 2 2 2 2 2 2 2
left_child=1 6 4 13 14 -6 9 15 -9 10 -1 -11 -5 -4 -3 -8
right_child=-2 2 3 12 5 -7 7 8 -10 11 -12 -13 -14 -15 -16 -17
leaf_value=-0.0016688186403827565 0.039763590632681298 0.0013850565479820718 -0.0062656327250368658 0.0037956028720419967 0.015356326867014648 0.0044036341670632478 0.00044188123544535986 -0.033780043861140557 -0.00058437314802235079 0.0010835778721295299 0.0095769463686522557 -0.0098067782762997109 4.087966182587374e-05 0.0017894237709926519 -0.0065512317351352958 0.012882647243730986
leaf_weight=10100 38 1415 3182 4271 732 4302 517 340 452 3900 2227 2701 44349 641 597 36
leaf_count=10100 38 1415 3182 4271 732 4302 517 340 452 3900 2227 2701 44349 641 597 36
internal_value=4.70445e-06 -1.8039e-05 0.000463459 -1.47017e-05 0.00401855 0.00601711 -0.00143059 -0.00829322 -0.0150214 -0.000939794 0.000367513 -0.00337872 0.000371255 -0.00491417 -0.00098565 0.00141608
internal_weight=79800 79762 59489 52443 7046 5034 20273 1345 792 18928 12327 6601 48620 3823 2012 553
internal_count=79800 79762 59489 52443 7046 5034 20273 1345 792 18928 12327 6601 48620 3823 2012 553
is_linear=0
shrinkage=0.0966648


Tree=88
num_leaves=16
num_cat=0
split_feature=14 14 25 14 24 25 25 24 25 25 25 26 24 24 14
split_gain=6.53024 5.1387 5.08188 6.02747 4.49287 12.724 5.02655 3.33333 9.07438 16.9241 2.90305 2.89032 1.05214 0.607043 0.391583
threshold=92.500000000000014 1.0000000180025095e-35 1.8166666666666669 2.5000000000000004 9.5000000000000018 14.550505050505052 14.055555555555557 9.5000000000000018 1.8166666666666669 14.055555555555557 27.31481481481482 14.904888066053799 13.500000000000002 10.500000000000002 4.5000000000000009
decision_type=2 2 2 2 2 2 2 2 2 2 2 2 2 2 2
left_child=1 7 3 13 5 -4 -6 8 -1 -10 12 -12 -9 -3 -5
right_child=-2 2 4 14 6 -7 -8 10 9 -11 11 -13 -14 -15 -16
leaf_value=0.0043327776745769563 0.036562587553638427 0.013773321962905972 -0.013852851661300708 0.013738889069793881 0.0037646862134339178 -0.00063108370158453748 0.00034615803595376791 -0.0038120952333875503 -0.048849555031936609 -0.0034898600482945901 0.013826900727392148 -0.0071450977928896433 -0.00059967440094873636 0.0026024215708769518 0.026811165044971667
leaf_weight=267 38 42 705 61 4382 14929 47643 1068 111 222 58 1124 8380 653 117
leaf_count=267 38 42 705 61 4382 14929 47643 1068 111 222 58 1124 8380 653 117
internal_value=4.54416e-06 -1.63683e-05 0.000297772 0.00759364 0.000202788 -0.00123377 0.000634606 -0.00193234 -0.00889767 -0.0193653 -0.00153309 -0.00603393 -0.000965589 0.00341974 0.0230802
internal_weight=79800 79762 68532 873 67659 15634 52025 11230 600 333 10630 1182 9448 695 178
internal_count=79800 79762 68532 873 67659 15634 52025 11230 600 333 10630 1182 9448 695 178
is_linear=0
shrinkage=0.0966648


Tree=89
num_leaves=32
num_cat=0
split_feature=24 39 25 25 25 24 25 39 15 26 25 24 25 25 25 19 2 25 25 25 26 25 24 25 0 24 25 25 3 39 25
split_gain=3.79968 6.92425 9.02349 21.4994 6.20011 4.10898 3.51089 8.17078 6.34466 5.61872 6.63955 5.22601 14.5136 6.02462 4.79184 2.45358 2.0157 1.90954 1.66306 5.76142 2.69746 5.41574 2.32135 1.64745 1.14672 1.02458 0.902239 1.42318 0.778738 0.734604 0.690595
threshold=13.500000000000002 -9.9352535496578351 6.3891891891891897 15.535714285714286 31.691576086956527 9.5000000000000018 27.31481481481482 -15.697195506433927 1.0000000180025095e-35 25.669940476190479 42.21320346320347 39.500000000000007 14.550505050505052 3.8166666666666669 31.894444444444449 2.5000000000000004 0.83650000000000013 34.51315789473685 27.31481481481482 22.550000000000004 25.734456605222736 40.855400696864116 11.500000000000002 62.083333333333336 192108.50000000003 11.500000000000002 15.031250000000002 20.978260869565222 0.75350000000000017 -34.057204016809038 8.5500000000000025
decision_type=2 2 2 2 2 2 2 2 2 2 2 2 2 2 2 2 2 2 2 2 2 2 2 2 2 2 2 2 2 2 2
left_child=1 2 5 16 -5 24 8 14 11 10 -9 13 -13 -2 15 -8 -4 -11 19 22 21 -20 -3 -22 -1 -21 30 -28 -16 -7 -10
right_child=6 18 3 4 -6 29 7 9 26 17 -12 12 -14 -15 28 -17 -18 -19 20 25 23 -23 -24 -25 -26 -27 27 -29 -30 -31 -32
leaf_value=-0.012593408669686968 -0.00060080250272715819 -0.00075172326712543574 -0.022744075691562549 0.00020045237059787045 -0.01099575345510808 0.0037808488580339354 -0.014961544565104538 0.0081795874888526427 -0.010736849023397381 -0.0019616198589474483 -0.0023391176241022156 -0.011532409767204117 0.0032836465330164603 0.0031480652121833948 -0.024281524122777287 0.0082553628946344833 0.00059122085135791618 3.0991724284903092e-05 0.0092261421243986508 -0.0043042736899433819 0.00015300170748241336 -0.0014378570192923332 0.0047872879117408481 -0.0027163430674020093 -0.00054940952970881679 -0.009097541136058953 0.0037683148914121035 -0.016959703869994437 -0.010302594119275929 0.010412486582416053 -0.030430914997635877
leaf_weight=124 5565 2761 687 1809 613 276 60 1562 43 5855 868 1008 1571 14267 199 107 36 19247 859 1686 15265 911 942 2123 170 563 48 69 66 395 45
leaf_count=124 5565 2761 687 1809 613 276 60 1562 43 5855 868 1008 1571 14267 199 107 36 19247 859 1686 15265 911 942 2123 170 563 48 69 66 395 45
internal_value=4.45035e-06 -0.000873005 -0.00454718 -0.00705223 -0.0026589 0.00360824 0.00051141 -0.000212866 0.00140673 -4.09563e-06 0.00442673 0.0015639 -0.00252413 0.00209628 -0.0132871 -0.000375295 -0.0215881 -0.000434236 -0.000270418 -0.00168069 0.000168218 0.00375488 0.000664283 -0.000198371 -0.00581926 -0.00553089 -0.0152151 -0.00874582 -0.0211858 0.0077579 -0.0224322
internal_weight=79800 29220 4110 3145 2422 965 50580 27964 22616 27532 2430 22411 2579 19832 432 167 723 25102 25110 5952 19158 1770 3703 17388 294 2249 205 117 265 671 88
internal_count=79800 29220 4110 3145 2422 965 50580 27964 22616 27532 2430 22411 2579 19832 432 167 723 25102 25110 5952 19158 1770 3703 17388 294 2249 205 117 265 671 88
is_linear=0
shrinkage=0.0966648


Tree=90
num_leaves=23
num_cat=0
split_feature=25 22 12 2 24 39 25 25 24 12 25 25 25 39 15 11 25 25 26 18 2 25
split_gain=3.21609 5.32461 4.463 3.79036 3.07844 5.80812 7.3763 17.583 3.3791 3.2175 5.68368 15.5145 3.07481 9.72928 5.31837 1.57677 1.47147 4.89235 2.13846 1.06735 0.965856 0.426089
threshold=79.166666666666671 12.500000000000002 124.97750000000001 0.77850000000000008 13.500000000000002 -9.9352535496578351 6.3891891891891897 15.535714285714286 9.5000000000000018 201.87900000000005 31.894444444444449 27.31481481481482 27.31481481481482 -15.697195506433927 1.0000000180025095e-35 0.41750000000000004 27.046875000000004 22.550000000000004 28.621511289123465 16.500000000000004 0.63550000000000006 43.367003367003377
decision_type=2 2 2 2 2 2 2 2 2 2 2 2 2 2 2 2 2 2 2 2 2 2
left_child=4 3 15 20 5 6 8 -8 -1 12 11 -11 14 -14 -6 -3 17 -7 -18 -17 -2 -12
right_child=1 2 -4 -5 9 16 7 -9 -10 10 21 -13 13 -15 -16 19 18 -19 -20 -21 -22 -23
leaf_value=-0.0052888789450425818 -0.021336214529488563 -0.021407257684606253 0.021580145257509845 -0.045780358120076206 0.0014294604470251417 0.0006008724784776772 -0.019523663912141644 -0.0024051567372401048 0.0070234084746496131 -0.0030764726482232886 -0.012174788572057151 0.062603075277098519 -0.014860505313232724 -1.11881659651855e-05 -0.013932874977604171 0.0086325235570495606 0.0026575163516457945 -0.0051795154183824962 -0.00021181539282092321 -0.011280839917254664 -0.0014190402688656928 0.00056617714371548185
leaf_weight=294 36 49 58 42 22332 3703 723 2422 671 79 46 50 411 27231 205 47 2845 2161 16262 39 50 44
leaf_count=294 36 49 58 42 22332 3703 723 2422 671 79 46 50 411 27231 205 47 2845 2161 16262 39 50 44
internal_value=2.78656e-06 -0.00954017 0.000745554 -0.0242186 4.22408e-05 -0.000749616 -0.00411334 -0.00637824 0.00326024 0.000499207 0.0119914 0.0244551 0.000447236 -0.000236018 0.00128505 -0.0088812 -0.00019489 -0.00153328 0.000216314 -0.000581341 -0.0108158 -0.00638843
internal_weight=79800 321 193 128 79479 29081 4110 3145 965 50398 219 129 50179 27642 22537 135 24971 5864 19107 86 86 90
internal_count=79800 321 193 128 79479 29081 4110 3145 965 50398 219 129 50179 27642 22537 135 24971 5864 19107 86 86 90
is_linear=0
shrinkage=0.0966648


Tree=91
num_leaves=25
num_cat=0
split_feature=14 40 40 14 14 40 14 14 14 40 14 22 2 14 0 26 40 14 40 14 2 40 40 14
split_gain=6.62352 7.71801 7.38132 6.96734 5.61396 14.7256 9.77132 8.6227 4.73423 5.43115 4.64777 4.1993 4.19992 3.72478 3.95953 2.77271 2.55565 6.1414 5.64931 1.39585 0.773262 0.363837 0.336906 0.31621
threshold=77.500000000000014 2.3756518933477913 2.1376699229790916 71.500000000000014 64.500000000000014 1.7937422137877583 52.500000000000007 59.500000000000007 88.500000000000014 1.8926622151814432 82.500000000000014 12.500000000000002 0.77850000000000008 83.500000000000014 212126.50000000003 49.180509084086438 1.6922335899724039 71.500000000000014 1.1365023393539506 64.500000000000014 0.64350000000000007 2.1632406652366947 2.1632406652366947 74.500000000000014
decision_type=2 2 2 2 2 2 2 2 2 2 2 2 2 2 2 2 2 2 2 2 2 2 2 2
left_child=2 8 4 19 5 6 -1 -7 9 15 -11 12 20 -13 -15 -2 18 -18 -6 -4 -3 -5 -21 -23
right_child=1 11 3 21 16 7 -8 -9 -10 10 -12 13 -14 14 -16 -17 17 -19 -20 22 -22 23 -24 -25
leaf_value=-0.00035202245328551227 0.0055162808865413743 -0.014332996298121934 -0.04217701197276192 0.00074217988109405453 0.0050781032863359485 -0.014422376110313521 0.0032419552600173305 -0.0032385067573750151 0.0404920001641648 0.012380136595336813 0.03890986100656392 -0.0086595806369561892 -0.042065783059622115 0.035114468631931899 -0.0056235309052088261 -0.016561437320992842 0.0028132474522880521 0.014117376442482244 -0.0056271359389172045 -0.0092007312132479872 0.0035418149025532478 -0.0082533463110915379 -0.022462476651809879 -0.0030889865481932249
leaf_weight=62216 432 36 37 111 1049 959 7967 1950 43 303 75 106 41 44 36 53 2322 551 809 40 42 198 106 274
leaf_count=62216 432 36 37 111 1049 959 7967 1950 43 303 75 106 41 44 36 53 2322 551 809 40 42 198 106 274
internal_value=1.84443e-06 0.00707374 -0.000107805 -0.00950332 -1.44033e-05 -0.000223416 5.6265e-05 -0.00695354 0.0115275 0.00974211 0.0183097 -0.00611462 -0.0197049 0.0030141 0.0178889 0.00288452 0.00320992 0.00501287 0.000412937 -0.0255627 -0.00525013 -0.00419729 -0.0194665 -0.00535223
internal_weight=79800 1211 78589 766 77823 73092 70183 2909 906 863 378 305 119 186 80 485 4731 2873 1858 183 78 583 146 472
internal_count=79800 1211 78589 766 77823 73092 70183 2909 906 863 378 305 119 186 80 485 4731 2873 1858 183 78 583 146 472
is_linear=0
shrinkage=0.0966648


Tree=92
num_leaves=16
num_cat=0
split_feature=14 14 25 14 14 24 15 25 14 14 25 14 14 25 26
split_gain=5.66571 5.27178 10.6706 5.84177 5.85103 5.09664 4.38916 4.24074 23.2035 11.4359 3.57803 2.83656 1.10803 0.999845 0.419647
threshold=92.500000000000014 21.500000000000004 22.550000000000004 87.500000000000014 25.500000000000004 11.500000000000002 1.0000000180025095e-35 17.916666666666668 14.500000000000002 5.5000000000000009 18.979166666666668 74.500000000000014 15.500000000000002 20.978260869565222 21.047557606089047
decision_type=2 2 2 2 2 2 2 2 2 2 2 2 2 2 2
left_child=1 6 5 4 -4 10 7 8 -1 -9 -3 -7 14 -14 -8
right_child=-2 2 3 -5 -6 11 12 9 -10 -11 -12 -13 13 -15 -16
leaf_value=-0.0013033211884465228 0.034053569408408181 -0.0065307150002700699 -0.0033706336751778169 -0.02600288851691188 0.00050256205180496528 0.0070870878768125138 -0.013351643411063459 0.0019134039493049577 0.01107729751120772 -0.0051825497266294483 0.0047996798213742102 0.021054344233555199 0.0027730047103004026 -0.016467006825437377 -0.028253444260742663
leaf_weight=14474 38 451 3946 72 46597 2427 66 3268 1560 6028 595 139 51 39 49
leaf_count=14474 38 451 3946 72 46597 2427 66 3268 1560 6028 595 139 51 39 49
internal_value=1.35083e-06 -1.8128e-05 0.000521139 0.000158523 0.00019971 0.00559142 -0.00116315 -0.00104672 -9.40746e-05 -0.00268845 -9.75208e-05 0.00790387 -0.0149949 -0.00619969 -0.021064
internal_weight=79800 79762 54227 50615 50543 3612 25535 25330 16034 9296 1046 2566 205 90 115
internal_count=79800 79762 54227 50615 50543 3612 25535 25330 16034 9296 1046 2566 205 90 115
is_linear=0
shrinkage=0.0966648


Tree=93
num_leaves=31
num_cat=0
split_feature=26 40 40 26 40 40 39 40 40 24 40 24 12 40 40 12 3 37 40 39 40 12 39 40 40 40 39 40 39 8
split_gain=2.97476 5.71813 11.8082 16.8052 4.02317 2.573 10.3629 8.50453 29.811 3.0432 6.29959 2.44123 2.11926 1.95795 1.7532 3.2691 2.93384 2.46548 1.43175 1.70652 1.41549 1.27272 0.89582 0.752805 0.86891 0.718245 0.452575 0.60088 0.260475 0.244703
threshold=43.219479548524028 1.2468421410770618 0.95100824506299586 49.180509084086438 1.2199776264334898 1.2759582388197142 7.0656191078546025 0.95100824506299586 1.0001372257006811 9.5000000000000018 0.43663496680924946 39.500000000000007 175.91550000000004 1.3607734045096149 2.3756518933477913 123.91900000000003 0.6905 0.91324166666666673 1.3217912790055377 15.698146473779387 0.90108059533647789 187.92500000000004 -15.173702717058305 1.7937422137877583 1.7563152769416825 1.3607734045096149 -7.0325360258019414 1.2759582388197142 22.71391215877588 0.085950000000000013
decision_type=2 2 2 2 2 2 2 2 2 2 2 2 2 2 2 2 2 2 2 2 2 2 2 2 2 2 2 2 2 2
left_child=5 2 20 22 -5 6 9 12 -9 10 -1 -11 -8 26 18 16 -16 -17 19 -7 21 -2 -4 24 -15 -20 -3 -28 -25 -22
right_child=1 13 3 4 -6 14 7 8 -10 11 -12 -13 -14 23 15 17 -18 -19 25 -21 29 -23 -24 28 -26 -27 27 -29 -30 -31
leaf_value=-0.0083067510002251717 0.00021605819242653015 0.0074231094562671827 0.0057911044862162175 -0.027712352667248197 0.0020137651416843108 -0.0018695462458192759 -0.0044378464046159255 0.022726992691676249 0.0014957184540952595 0.00083498877948912748 -0.00039182096847175421 -0.0016908257869894339 0.017507213831711915 -0.00027264852528493638 -0.027200214370221926 0.023399554374293977 -0.0030595549650213093 -0.0074510839570047149 0.0020813662532222061 -0.0097457165282285561 0.017263538309466874 0.016387861218542254 -0.005053156310860671 -0.0016228882875057979 0.004486875001320537 -0.00051363271421135345 -0.0026870778116149532 0.0032808642322052222 -0.0050802717761743036 0.0068891843713219519
leaf_weight=1095 1843 196 68 432 46 1687 762 880 2038 34330 6362 3984 36 5884 90 37 95 47 1078 297 40 39 1784 2469 374 12165 176 1176 217 73
leaf_count=1095 1843 196 68 432 46 1687 762 880 2038 34330 6362 3984 36 5884 90 37 95 47 1078 297 40 39 1784 2469 374 12165 176 1176 217 73
internal_value=1.06128e-06 -0.00123456 -0.00418887 -0.0088511 -0.024865 0.000282911 0.000623271 0.00552718 0.00794114 0.000224283 -0.00156137 0.000572063 -0.00329141 -1.45742e-05 -0.000803811 -0.00843108 -0.0154159 0.00695482 -0.000664912 -0.00308141 0.00126921 0.000616 -0.00463286 -0.000564645 1.69149e-05 -0.000301319 0.00315079 0.00249325 -0.00191581 0.0114212
internal_weight=79800 14817 4325 2330 478 64983 49487 3716 2918 45771 7457 38314 798 10492 15496 269 185 84 15227 1984 1995 1882 1852 8944 6258 13243 1548 1352 2686 113
internal_count=79800 14817 4325 2330 478 64983 49487 3716 2918 45771 7457 38314 798 10492 15496 269 185 84 15227 1984 1995 1882 1852 8944 6258 13243 1548 1352 2686 113
is_linear=0
shrinkage=0.0966648


Tree=94
num_leaves=24
num_cat=0
split_feature=14 8 14 28 10 14 25 14 25 24 25 25 25 14 14 24 25 39 14 10 14 12 14
split_gain=5.90694 9.47475 8.98686 11.9285 4.92339 4.56152 6.72352 7.4929 9.82911 4.74458 8.88192 17.2995 6.14892 19.655 17.6043 3.72346 4.71667 2.7842 2.11814 1.02412 1.40025 0.481954 0.467494
threshold=82.500000000000014 0.014350000000000002 87.500000000000014 0.38146000000000008 0.12750000000000003 17.500000000000004 22.550000000000004 25.500000000000004 27.31481481481482 39.500000000000007 6.3891891891891897 14.055555555555557 14.055555555555557 6.5000000000000009 5.5000000000000009 11.500000000000002 13.700467289719628 4.9824552759742433 25.500000000000004 0.10750000000000001 83.500000000000014 119.89950000000002 2.5000000000000004
decision_type=2 2 2 2 2 2 2 2 2 2 2 2 2 2 2 2 2 2 2 2 2 2 2
left_child=5 4 19 -4 -2 9 15 17 -9 12 22 -12 13 -1 -14 18 -17 -8 -7 21 -21 -3 -11
right_child=1 2 3 -5 -6 6 7 8 -10 10 11 -13 14 -15 -16 16 -18 -19 -20 20 -22 -23 -24
leaf_value=-0.0014564932849328667 0.013068073468160238 -0.0013662465503672709 -0.041512510223167473 0.021644722245815002 0.058783529432497074 0.0016449311976525138 -0.0041543764867495031 0.0059252222898289039 3.9751022210172604e-05 0.0017042692986716597 -0.029573386247256958 -0.00087658499861433187 0.00085944515967698737 0.0085614013228905057 -0.0092834396960624361 0.012394675044284183 0.0034499727367024165 0.0019144840958555569 -0.0052961788966699938 0.0049483159937570038 0.024118784460915442 0.011731209435244942 0.012175929312757711
leaf_weight=10100 49 54 69 38 43 1415 4955 2816 43492 517 340 452 3900 2227 2701 625 4377 819 570 59 105 41 36
leaf_count=10100 49 54 69 38 43 1415 4955 2816 43492 517 340 452 3900 2227 2701 625 4377 819 570 59 105 41 36
internal_value=1.18699e-06 0.0108569 0.00358386 -0.0191351 0.0373006 -6.25154e-05 0.000366892 -1.10247e-05 0.000398565 -0.00131334 -0.00684456 -0.0133606 -0.000917695 0.000357519 -0.00329675 0.00318087 0.00458479 -0.00329216 -0.000360882 0.0132487 0.0177487 0.00473826 0.0025424
internal_weight=79800 458 366 107 92 79342 59069 52082 46308 20273 1345 792 18928 12327 6601 6987 5002 5774 1985 259 164 95 553
internal_count=79800 458 366 107 92 79342 59069 52082 46308 20273 1345 792 18928 12327 6601 6987 5002 5774 1985 259 164 95 553
is_linear=0
shrinkage=0.0966648


Tree=95
num_leaves=16
num_cat=0
split_feature=14 14 25 25 14 25 14 25 14 25 25 25 25 14 14
split_gain=5.2348 4.32119 15.5867 8.0835 14.8822 9.45262 6.91762 8.6584 5.38188 7.46447 4.88993 4.77603 4.25885 3.85798 1.66865
threshold=92.500000000000014 46.500000000000007 45.346666666666671 50.090909090909101 54.500000000000007 54.526595744680854 69.500000000000014 45.589473684210539 40.500000000000007 40.654761904761912 54.526595744680854 62.083333333333336 42.755952380952387 66.500000000000014 45.500000000000007
decision_type=2 2 2 2 2 2 2 2 2 2 2 2 2 2 2
left_child=1 2 8 6 10 -6 13 -8 9 -1 -5 14 -10 -3 -4
right_child=-2 3 11 4 5 -7 7 -9 12 -11 -12 -13 -14 -15 -16
leaf_value=-0.00022451968327288067 0.032733595719528233 0.0037851425112814707 -0.0080429791102730533 -0.0036568564967294861 0.0095633578501285454 0.00038117483774753965 -0.0059939980962588606 0.025433044347017719 0.0045810628970328216 -0.0067796355116528026 -0.011825632162616307 -0.032390423855851953 -0.00051070656958883583 0.013906387951014095 -0.0027683345058714909
leaf_weight=44544 38 7961 2148 2459 1161 10123 1092 81 3805 1677 948 62 2567 362 772
leaf_count=44544 38 7961 2148 2459 1161 10123 1092 81 3805 1677 948 62 2567 362 772
internal_value=1.89889e-06 -1.68246e-05 -0.000486199 0.00106148 -0.000359453 0.00133174 0.00325829 -0.0036735 -0.000100244 -0.000463434 -0.00595117 -0.00727559 0.00253165 0.00423769 -0.0066593
internal_weight=79800 79762 55575 24187 14691 11284 9496 1173 52593 46221 3407 2982 6372 8323 2920
internal_count=79800 79762 55575 24187 14691 11284 9496 1173 52593 46221 3407 2982 6372 8323 2920
is_linear=0
shrinkage=0.0966648


Tree=96
num_leaves=24
num_cat=0
split_feature=14 25 25 14 14 25 14 14 14 25 0 14 25 25 25 14 14 25 14 14 14 25 14
split_gain=5.12829 6.5308 4.50032 10.013 5.72583 11.796 9.45565 4.98529 3.5517 7.17874 3.19423 5.94387 3.04131 3.02158 6.04016 3.74859 2.4206 2.15964 4.83569 2.80672 1.80393 0.914202 0.386
threshold=79.500000000000014 79.166666666666671 66.050000000000011 66.500000000000014 60.500000000000007 56.392307692307703 51.500000000000007 57.500000000000007 88.500000000000014 57.94444444444445 167293.50000000003 88.500000000000014 37.348484848484858 56.392307692307703 60.02272727272728 69.500000000000014 51.500000000000007 72.088235294117666 72.500000000000014 72.500000000000014 83.500000000000014 71.236111111111128 83.500000000000014
decision_type=2 2 2 2 2 2 2 2 2 2 2 2 2 2 2 2 2 2 2 2 2 2 2
left_child=2 8 4 16 5 6 -1 -7 9 12 -3 20 -2 15 -15 -6 -4 18 -5 -19 -12 -18 -11
right_child=1 10 3 17 13 7 -8 -9 -10 22 11 -13 -14 14 -16 -17 21 19 -20 -21 -22 -23 -24
leaf_value=-0.00027859502539040362 0.0080919508347370526 0.017206918282338318 -0.037307373530316545 -0.0015891442648658103 0.0031883287290742765 -0.0097913124598091317 0.0037543250147809358 -0.0021242627188294825 0.038255039174408867 0.020272529386565478 -0.0078350064450151621 -0.038262505170427022 -0.01165023193424454 0.013916230370170479 0.0029631973047151666 -0.0039268834470489377 -0.011546128919567071 -0.019393598054068793 0.012549106597135356 -0.0026254036182258552 0.010330669237424895 -0.024766498346796211 0.034160452480495339
leaf_weight=60973 219 47 39 1123 1942 1575 5956 1598 43 147 132 43 100 567 2635 1065 447 104 275 589 73 57 51
leaf_count=60973 219 47 39 1123 1942 1575 5956 1598 43 147 132 43 100 567 2635 1065 447 104 275 589 73 57 51
internal_value=1.88345e-06 0.00741469 -7.91085e-05 -0.00400162 5.66701e-05 -0.000192645 8.06809e-05 -0.00594436 0.0134848 0.0108982 -0.00415775 -0.00859944 0.0017756 0.00286832 0.0049312 0.000664748 -0.0155995 -0.000944084 0.00124501 -0.00532564 -0.00122767 -0.0133883 0.0249845
internal_weight=79800 855 78945 2634 76311 70102 66929 3173 560 517 295 248 319 6209 3202 3007 543 2091 1398 693 205 504 198
internal_count=79800 855 78945 2634 76311 70102 66929 3173 560 517 295 248 319 6209 3202 3007 543 2091 1398 693 205 504 198
is_linear=0
shrinkage=0.0966648


Tree=97
num_leaves=16
num_cat=0
split_feature=14 14 25 24 24 14 14 24 25 25 24 25 25 25 26
split_gain=4.7352 3.69322 12.0896 14.0048 19.3086 4.39203 3.88097 3.62823 9.97769 10.5349 2.71202 7.99453 3.19057 1.86781 0.22373
threshold=92.500000000000014 12.500000000000002 14.055555555555557 9.5000000000000018 39.500000000000007 87.500000000000014 83.500000000000014 39.500000000000007 6.3891891891891897 14.055555555555557 9.5000000000000018 1.8166666666666669 14.055555555555557 5.0192307692307701 37.970800070267217
decision_type=2 2 2 2 2 2 2 2 2 2 2 2 2 2 2
left_child=1 7 3 13 -5 6 -4 10 -9 -10 11 -1 -12 -3 -7
right_child=-2 2 5 4 -6 14 -8 8 9 -11 12 -13 -14 -15 -16
leaf_value=0.0081815706742768349 0.031132250931905799 0.0085427642161829461 9.805969778194757e-05 0.017682995503749233 -0.017338683180263929 -0.012561626019153121 0.013598364295143361 0.0022720528015447855 -0.028260770843511855 -0.00022607664181634109 0.00032745884508732795 -0.0097777133624538208 -0.0027723520949401712 -0.011709279704827545 -0.028639082707624958
leaf_weight=303 38 44 60327 1118 163 36 192 552 289 217 10963 913 4319 290 36
leaf_count=303 38 44 60327 1118 163 36 192 552 289 217 10963 913 4319 290 36
internal_value=1.64216e-06 -1.61654e-05 0.000333295 0.0085676 0.0131504 0.000112766 0.000142599 -0.00125401 -0.00672116 -0.0164199 -0.000900464 -0.00527955 -0.000549556 -0.00891013 -0.0225743
internal_weight=79800 79762 62206 1615 1281 60591 60519 17556 1058 506 16498 1216 15282 334 72
internal_count=79800 79762 62206 1615 1281 60591 60519 17556 1058 506 16498 1216 15282 334 72
is_linear=0
shrinkage=0.0966648


Tree=98
num_leaves=16
num_cat=0
split_feature=14 14 40 14 40 14 40 24 40 40 2 2 40 14 24
split_gain=4.0036 3.2202 4.08762 4.37763 2.63158 3.63939 2.31083 3.12602 9.7835 1.84209 1.27816 1.92302 0.748307 0.581752 0.550722
threshold=92.500000000000014 1.0000000180025095e-35 0.054514959236822993 2.5000000000000004 2.5882102206473303 77.500000000000014 0.4749874823150711 12.500000000000002 0.19172828708532044 0.4155715517045816 0.29750000000000004 0.22450000000000003 0.81966936671064128 56.500000000000007 10.500000000000002
decision_type=2 2 2 2 2 2 2 2 2 2 2 2 2 2 2
left_child=1 6 3 14 5 -4 7 8 -1 -9 11 -8 -12 -5 -3
right_child=-2 2 4 13 -6 -7 10 9 -10 -11 12 -13 -14 -15 -16
leaf_value=-0.00028492308015644265 0.028626080168556261 0.013075977730272482 7.6399904333101715e-05 0.02315963584379279 -0.0182418853983492 0.0056559101554084518 -0.0060026998748198505 -0.00036790193061554091 -0.021735834093322089 0.007599847657741683 -0.0029085877492524884 0.014749110133830522 -0.0062879873000293487 0.008294613453543041 0.0024379563397773554
leaf_weight=789 38 42 66491 134 65 1103 78 7264 258 274 1289 75 1203 44 653
leaf_count=789 38 42 66491 134 65 1103 78 7264 258 274 1289 75 1203 44 653
internal_value=1.21125e-06 -1.5163e-05 0.000233516 0.00677686 0.000148333 0.000168075 -0.00153188 -0.000760602 -0.00568983 -7.08888e-05 -0.00402585 0.00438715 -0.00455419 0.0199771 0.00321585
internal_weight=79800 79762 68532 873 67659 67594 11230 8585 1047 7538 2645 153 2492 178 695
internal_count=79800 79762 68532 873 67659 67594 11230 8585 1047 7538 2645 153 2492 178 695
is_linear=0
shrinkage=0.0966648


Tree=99
num_leaves=16
num_cat=0
split_feature=14 14 25 26 25 25 25 26 14 12 25 15 14 25 25
split_gain=3.38485 2.93641 8.1369 14.0978 6.8687 6.57651 6.22739 6.47027 4.55221 4.28919 10.5134 4.63851 3.98344 3.78324 3.05683
threshold=92.500000000000014 32.500000000000007 31.691576086956527 25.669940476190479 33.328759398496253 33.57777777777779 33.328759398496253 43.480826113590631 87.500000000000014 201.87900000000005 27.31481481481482 1.0000000180025095e-35 43.500000000000007 33.01315789473685 33.24038461538462
decision_type=2 2 2 2 2 2 2 2 2 2 2 2 2 2 2
left_child=1 2 9 4 -4 -5 7 13 12 11 -11 -1 -8 -3 -9
right_child=-2 6 3 5 -6 -7 8 14 -10 10 -12 -13 -14 -15 -16
leaf_value=-5.7093514946653424e-05 0.026321659324828058 0.0030298894517518048 0.013172793377898166 -0.011022474899851876 -0.0033512600722563897 -0.0030760324723825387 -0.0015072923551998994 0.0030788988818214501 -0.024138893940221447 -0.0030068391471946539 0.050507999393380541 -0.012979526526527419 0.00074983784239995637 0.0086921029328843897 -0.0075549628152366578
leaf_weight=32707 38 3954 548 1867 403 2041 10340 398 65 93 46 254 24848 1530 668
leaf_count=32707 38 3954 548 1867 403 2041 10340 398 65 93 46 254 24848 1530 668
internal_value=1.53635e-06 -1.35195e-05 -0.00062895 -0.00431955 0.00619955 -0.00688643 0.000545331 0.00328062 3.6516e-05 -8.63081e-05 0.0164098 -0.000159656 8.63968e-05 0.00461949 -0.00359106
internal_weight=79800 79762 37959 4859 951 3908 41803 6550 35253 33100 139 32961 35188 5484 1066
internal_count=79800 79762 37959 4859 951 3908 41803 6550 35253 33100 139 32961 35188 5484 1066
is_linear=0
shrinkage=0.0966648


Tree=100
num_leaves=24
num_cat=0
split_feature=14 8 14 25 5 25 14 14 25 25 14 25 14 25 14 14 25 25 14 14 14 14 22
split_gain=3.28429 5.85321 6.14914 5.96674 8.79845 3.992 8.19773 4.2142 6.97447 5.77179 5.28838 4.70544 4.61229 3.00218 6.28127 2.58037 2.07506 1.81908 3.8999 2.29344 1.78348 0.639905 0.492237
threshold=79.500000000000014 0.014350000000000002 84.500000000000014 86.250000000000014 -5.4154999999999989 66.050000000000011 66.500000000000014 64.500000000000014 59.775000000000006 56.392307692307703 56.500000000000007 39.604347826086965 59.500000000000007 33.328759398496253 87.500000000000014 84.500000000000014 71.236111111111128 72.088235294117666 72.500000000000014 72.500000000000014 66.500000000000014 62.500000000000007 13.500000000000002
decision_type=2 2 2 2 2 2 2 2 2 2 2 2 2 2 2 2 2 2 2 2 2 2 2
left_child=5 2 22 13 -5 7 16 8 10 11 -1 -9 -10 15 -15 -3 21 18 -8 -19 -11 -7 -2
right_child=1 3 -4 4 -6 6 17 9 12 20 -12 -13 -14 14 -16 -17 -18 19 -20 -21 -22 -23 -24
leaf_value=-0.00012533443273412726 0.013139829984764378 0.0074184475845297361 0.049911771205492755 -0.05067400720939199 0.0078114463777007462 -0.015640617315964035 -0.0015253107014746527 0.003689050323428329 -0.010880402108916203 0.0038351615013861619 0.0033974762261534735 -0.0058955564782953145 -0.0021632708204014938 0.005008443600586868 -0.031758677164914935 0.033463772485407245 -0.02976115311727618 -0.017730297268609464 0.011171182027677145 -0.0025675554353225992 0.010447331045898404 -0.0080627319483227468 6.2274990485239543e-05
leaf_weight=65953 85 116 44 39 46 215 1123 1178 839 678 4230 795 1734 398 41 48 66 104 275 589 904 262 38
leaf_count=65953 85 116 44 39 46 215 1123 1178 839 678 4230 795 1734 398 41 48 66 104 275 589 904 262 38
internal_value=1.74696e-06 0.00593396 0.0217427 0.00190026 -0.0209868 -6.30681e-05 -0.00375742 6.48114e-05 -9.41292e-05 0.0033109 8.73352e-05 -0.000180802 -0.00502951 0.00534838 0.00109072 0.0161903 -0.0142516 -0.000990344 0.00101929 -0.00501137 0.00764555 -0.0116708 0.00933924
internal_weight=79800 855 167 688 85 78945 2634 76311 72756 3555 70183 1973 2573 603 439 164 543 2091 1398 693 1582 477 123
internal_count=79800 855 167 688 85 78945 2634 76311 72756 3555 70183 1973 2573 603 439 164 543 2091 1398 693 1582 477 123
is_linear=0
shrinkage=0.0966648


Tree=101
num_leaves=17
num_cat=0
split_feature=14 26 14 25 39 14 25 39 14 25 25 14 26 14 39 14
split_gain=3.09239 2.73447 5.53191 5.29582 6.01644 3.95892 5.32389 10.28 9.22781 3.21814 4.28392 4.1941 3.05384 4.81009 3.03534 1.55609
threshold=92.500000000000014 43.219479548524028 45.500000000000007 31.691576086956527 -16.490557610030312 21.500000000000004 40.654761904761912 11.184591138788221 41.500000000000007 41.550000000000004 45.839743589743598 69.500000000000014 14.904888066053799 14.500000000000002 -1.7307570293194414 29.500000000000004
decision_type=2 2 2 2 2 2 2 2 2 2 2 2 2 2 2 2
left_child=1 5 3 15 -5 12 7 -7 -8 11 -11 -4 13 -1 -14 -3
right_child=-2 2 9 4 -6 6 8 -9 -10 10 -12 -13 14 -15 -16 -17
leaf_value=0.00058222534100321266 0.025158729177278055 -0.00047503654833844824 -0.0024584677013350449 -0.029683694486989754 -0.0053769680219039259 0.0013654475436276434 -0.0059184962234055437 0.011294005825402374 0.00046576708273662854 0.0085644539694644077 0.00018537571667716867 -0.020225849972973914 -0.00062487610979696363 0.011801701867596813 -0.003587213570763637 0.0089664243534543098
leaf_weight=4057 38 1521 1088 91 3144 22111 2453 1012 15077 606 8051 133 15802 384 4057 175
leaf_count=4057 38 1521 1088 91 3144 22111 2453 1012 15077 606 8051 133 15802 384 4057 175
internal_value=1.3246e-06 -1.30662e-05 -0.00119806 -0.00383964 -0.00612895 0.000257216 0.000840622 0.00180356 -0.000429779 0.000122536 0.000778946 -0.00450741 -0.000718759 0.00157092 -0.0012312 0.000534966
internal_weight=79800 79762 14809 4931 3235 64953 40653 23123 17530 9878 8657 1221 24300 4441 19859 1696
internal_count=79800 79762 14809 4931 3235 64953 40653 23123 17530 9878 8657 1221 24300 4441 19859 1696
is_linear=0
shrinkage=0.0966648


Tree=102
num_leaves=18
num_cat=0
split_feature=14 8 14 28 0 25 24 39 25 25 14 14 14 25 25 25 14
split_gain=2.7419 6.21561 6.25643 9.59068 4.88364 4.50871 2.41675 4.10003 5.35051 2.45944 13.746 8.19967 1.90286 0.870265 1.4561 1.33562 0.423393
threshold=82.500000000000014 0.014350000000000002 87.500000000000014 0.38146000000000008 199000.50000000003 79.166666666666671 13.500000000000002 -9.9352535496578351 6.3891891891891897 27.31481481481482 24.500000000000004 30.500000000000004 79.500000000000014 57.94444444444445 25.508928571428573 79.166666666666671 80.500000000000014
decision_type=2 2 2 2 2 2 2 2 2 2 2 2 2 2 2 2 2
left_child=5 4 13 -4 -2 6 7 8 -1 10 -8 -11 -9 14 -3 -15 -7
right_child=1 2 3 -5 -6 16 9 12 -10 11 -12 -13 -14 15 -16 -17 -18
leaf_value=0.0027431984597414941 0.053223152543552074 0.013937803901794331 -0.037439174286621128 0.019208888938069178 0.0086103831911687433 -0.021441938889455985 0.00015374461159860497 -0.00030181062012860646 -0.005500130800756532 -0.0038433199216368332 0.0068886514778618039 0.00054716331390189876 0.013017852020327026 0.024348436998528695 -0.0081778228443392734 0.0061864679425365941 -0.0092535351180322266
leaf_weight=958 36 44 69 38 56 79 19269 24785 3108 4803 3312 22868 93 61 53 101 67
leaf_count=958 36 44 69 38 56 79 19269 24785 3108 4803 3312 22868 93 61 53 101 67
internal_value=1.19686e-06 0.00739731 0.00153734 -0.0173817 0.0288067 -4.22043e-05 -1.01104e-05 -0.000713609 -0.0035564 0.000395136 0.00114356 -0.000215765 -0.000248042 0.00962705 0.00213885 0.0138128 -0.016586
internal_weight=79800 458 366 107 92 79342 79196 28944 4066 50252 22581 27671 24878 259 97 162 146
internal_count=79800 458 366 107 92 79342 79196 28944 4066 50252 22581 27671 24878 259 97 162 146
is_linear=0
shrinkage=0.0966648


Tree=103
num_leaves=17
num_cat=0
split_feature=14 26 14 25 39 14 25 14 39 25 14 14 25 25 14 14
split_gain=2.78289 2.15965 4.35675 3.41235 5.31536 3.19017 8.26608 8.4769 8.29887 3.67357 11.0668 5.30965 2.52436 6.02981 4.06236 1.12422
threshold=92.500000000000014 43.219479548524028 47.500000000000007 31.691576086956527 -16.490557610030312 31.500000000000004 40.654761904761912 41.500000000000007 14.789299227618129 27.31481481481482 5.5000000000000009 26.500000000000004 42.755952380952387 50.090909090909101 69.500000000000014 29.500000000000004
decision_type=2 2 2 2 2 2 2 2 2 2 2 2 2 2 2 2
left_child=1 5 3 15 -5 9 8 -8 -7 11 -11 -1 14 -14 -4 -3
right_child=-2 2 12 4 -6 6 7 -9 -10 10 -12 -13 13 -15 -16 -17
leaf_value=-0.00023225188208693152 0.023866938793788386 -0.00034824275471646062 -0.001749132639772315 -0.025216213597272316 -0.0039891612691076925 0.0024090096532871615 -0.0059795873011422463 0.00040487025384391165 0.017474198438479947 0.0046211859857765089 -0.0045466489745318818 0.0055731783024826828 0.0064416240743686891 -0.00039727982715698202 -0.019117623585235017 0.007365767009907943
leaf_weight=26506 38 1521 1033 106 4112 12398 2223 15077 344 1599 5255 1551 1486 6223 136 192
leaf_count=26506 38 1521 1033 106 4112 12398 2223 15077 344 1599 5255 1551 1486 6223 136 192
internal_value=1.66255e-06 -1.19891e-05 -0.00106509 -0.00309181 -0.00456717 0.00022821 0.000958375 -0.000417789 0.00282594 -0.000400191 -0.00240508 9.01021e-05 0.00029036 0.000926065 -0.00388063 0.000545204
internal_weight=79800 79762 14809 5931 4218 64953 30042 17300 12742 34911 6854 28057 8878 7709 1169 1713
internal_count=79800 79762 14809 5931 4218 64953 30042 17300 12742 34911 6854 28057 8878 7709 1169 1713
is_linear=0
shrinkage=0.0966648


Tree=104
num_leaves=15
num_cat=0
split_feature=25 14 22 14 25 25 25 25 14 14 2 12 2 0
split_gain=2.45427 6.51619 3.61895 3.26271 5.60038 3.53495 12.0779 5.38502 3.11001 2.65958 2.63584 2.11219 0.774289 0.224187
threshold=79.166666666666671 88.500000000000014 12.500000000000002 74.500000000000014 71.236111111111128 45.346666666666671 40.654761904761912 50.510869565217398 84.500000000000014 71.500000000000014 0.75550000000000017 201.87900000000005 0.63550000000000006 212126.50000000003
decision_type=2 2 2 2 2 2 2 2 2 2 2 2 2 2
left_child=1 3 10 4 11 6 -5 -7 13 -6 12 -1 -2 -4
right_child=2 -3 8 5 9 7 -8 -9 -10 -11 -12 -13 -14 -15
leaf_value=-4.430658307002372e-05 -0.017406021978903386 0.034703532822730095 -0.011555982368987121 0.0029991446258849767 -0.019448707392805093 0.038502357053342283 -0.041126805496138071 0.0060508691153550323 0.017005668578957227 -0.004497174705897041 -0.036782280848454744 0.0079814454640173855 0.00065778685771605719 -0.0031689508531587696
leaf_weight=77017 36 43 72 555 182 43 57 998 61 284 48 300 44 60
leaf_count=77017 36 43 72 555 182 43 57 998 61 284 48 300 44 60
internal_value=1.56266e-06 3.60287e-05 -0.00833487 1.39313e-05 -7.65765e-05 0.00425362 -0.00156645 0.00766173 0.000162389 -0.0105559 -0.0204355 -1.23811e-05 -0.00827872 -0.00812519
internal_weight=79800 79479 321 79436 77783 1653 612 1041 193 466 128 77317 80 132
internal_count=79800 79479 321 79436 77783 1653 612 1041 193 466 128 77317 80 132
is_linear=0
shrinkage=0.0966648


Tree=105
num_leaves=17
num_cat=0
split_feature=14 14 25 14 24 25 26 25 24 25 14 26 25 25 14 25
split_gain=2.29274 2.18282 3.31049 3.38709 2.17223 7.74845 2.42619 1.60023 2.76981 15.1133 1.05368 0.984718 1.08672 0.850875 0.692887 0.598991
threshold=92.500000000000014 1.0000000180025095e-35 1.8166666666666669 3.5000000000000004 9.5000000000000018 8.3030303030303063 14.911371673909358 15.828571428571431 9.5000000000000018 1.8166666666666669 44.500000000000007 36.143519915392638 40.654761904761912 13.848583877995646 1.5000000000000002 31.691576086956527
decision_type=2 2 2 2 2 2 2 2 2 2 2 2 2 2 2 2
left_child=1 7 3 14 5 -4 -6 8 9 -1 -5 12 -9 -10 -3 -13
right_child=-2 2 4 10 6 -7 -8 11 13 -11 -12 15 -14 -15 -16 -17
leaf_value=0.0047744116419299442 0.021663028742164234 0.0016625505669893856 -0.0212485656452258 0.027061157769203564 0.0032063038638734274 -0.00065440828212560498 0.00026086801598435228 -0.00083554903783906857 -0.00043620121289194707 -0.034739115398520655 0.0085183578493752479 -0.0035177460786785068 -0.0094945046852456978 0.0045337393150481822 0.0084383039059456998 -0.0080680237554897824
leaf_weight=267 38 555 165 75 2752 15469 49273 1364 7862 128 59 659 143 328 184 479
leaf_count=267 38 555 165 75 2752 15469 49273 1364 7862 128 59 659 143 328 184 479
internal_value=1.17013e-06 -1.12211e-05 0.000193521 0.0060821 0.000116864 -0.000882017 0.000417122 -0.00125996 -0.000618153 -0.00844565 0.0197956 -0.00333533 -0.00170089 -0.000233126 0.00341861 -0.005474
internal_weight=79800 79762 68532 873 67659 15634 52025 11230 8585 395 134 2645 1507 8190 739 1138
internal_count=79800 79762 68532 873 67659 15634 52025 11230 8585 395 134 2645 1507 8190 739 1138
is_linear=0
shrinkage=0.0966648


Tree=106
num_leaves=19
num_cat=0
split_feature=25 14 14 14 14 14 25 14 25 25 14 25 25 25 14 25 18 25
split_gain=2.26282 11.0895 6.78327 4.50116 3.8019 3.65663 8.48009 8.23627 4.32806 9.49596 4.10348 3.54919 3.04156 2.27303 1.40755 0.654185 0.618053 0.2432
threshold=62.083333333333336 62.500000000000007 91.500000000000014 87.500000000000014 70.500000000000014 56.500000000000007 50.090909090909101 48.500000000000007 45.589473684210539 40.654761904761912 53.500000000000007 71.236111111111128 54.526595744680854 72.088235294117666 49.500000000000007 65.535714285714292 36.500000000000007 63.071428571428577
decision_type=2 2 2 2 2 2 2 2 2 2 2 2 2 2 2 2 2 2
left_child=3 14 4 5 13 6 7 -1 9 -7 -8 -6 -10 -3 15 -2 17 -16
right_child=1 2 -4 -5 11 8 10 -9 12 -11 -12 -13 -14 -15 16 -17 -18 -19
leaf_value=-9.0641973153372801e-05 -0.012845902828172709 -0.0015276086942360939 -0.037085948997044642 0.026251069843630889 0.0083354515986013029 0.0012156182101919033 -0.0058369918643059156 0.0044917812218028619 0.007734792311278672 -0.014859136755707242 -0.00036512483948664164 8.6315816829354864e-08 0.0023554501138548004 -0.016301300456866338 -0.0072780756050706613 -0.033376363260592734 0.0011942717785198946 -0.012266411856055114
leaf_weight=56837 46 2374 38 54 827 2552 3390 3910 1296 389 2057 1115 4034 94 161 36 38 552
leaf_count=56837 46 2374 38 54 827 2552 3390 3910 1296 389 2057 1115 4034 94 161 36 38 552
internal_value=1.06741e-06 -0.00193105 -6.7383e-06 0.000138176 0.000376268 0.000116552 -0.000122975 0.000204834 0.00203187 -0.000943505 -0.003774 0.00356843 0.00367263 -0.00213881 -0.0121131 -0.0239333 -0.0105947 -0.011229
internal_weight=79800 5281 4448 74519 4410 74465 66194 60747 8271 2941 5447 1942 5330 2468 833 82 751 713
internal_count=79800 5281 4448 74519 4410 74465 66194 60747 8271 2941 5447 1942 5330 2468 833 82 751 713
is_linear=0
shrinkage=0.0966648


Tree=107
num_leaves=17
num_cat=0
split_feature=14 14 40 14 14 24 24 40 40 40 15 40 40 14 28 14
split_gain=2.41536 1.90321 8.22723 8.57734 8.49263 4.57943 4.17077 7.96444 9.43129 4.09803 3.22105 2.71992 2.34003 1.45872 0.326413 0.305835
threshold=92.500000000000014 15.500000000000002 0.53764753375765795 18.500000000000004 22.500000000000004 9.5000000000000018 39.500000000000007 0.19172828708532044 0.43663496680924946 0.67668568667359186 1.0000000180025095e-35 0.4749874823150711 0.42178240632771308 17.500000000000004 0.39263250000000011 2.5000000000000004
decision_type=2 2 2 2 2 2 2 2 2 2 2 2 2 2 2 2
left_child=1 6 4 13 11 -6 10 15 -9 -5 12 -3 -1 -4 -12 -8
right_child=-2 2 3 9 5 -7 7 8 -10 -11 14 -13 -14 -15 -16 -17
leaf_value=0.00036354091480349628 0.022233704563381612 0.01659989121907644 -0.01063415487908319 0.0029586313504674521 -0.010897991250246115 0.0028875832242683617 0.0014439885859760645 -0.024521479888686634 -0.0011240713600228671 -4.5551790753016043e-05 -0.020347059081214831 0.0074866491557114626 -0.0020591196952446725 -0.0044956614212403852 -0.0070754450904896987 0.0099168292415785456
leaf_weight=12135 38 485 648 4611 278 1056 517 339 302 52148 71 879 5367 853 37 36
leaf_count=12135 38 485 648 4611 278 1056 517 339 302 52148 71 879 5367 853 37 36
internal_value=1.30108e-07 -1.2588e-05 0.00024968 7.68638e-06 0.00546047 -3.09132e-05 -0.000862553 -0.00637276 -0.0136409 0.000198868 -0.00048635 0.0108014 -0.000379943 -0.0071861 -0.0165672 0.00212303
internal_weight=79800 79762 60958 58260 2698 1334 18804 1194 641 56759 17610 1364 17502 1501 108 553
internal_count=79800 79762 60958 58260 2698 1334 18804 1194 641 56759 17610 1364 17502 1501 108 553
is_linear=0
shrinkage=0.0966648


Tree=108
num_leaves=19
num_cat=0
split_feature=25 14 22 8 32 14 14 25 14 25 14 14 25 25 12 14 14 39
split_gain=2.06277 4.83612 3.09706 2.85435 2.67321 7.0286 5.42745 2.50124 2.28972 2.2389 6.09851 2.7538 5.31802 4.84438 2.14059 1.65335 1.42172 1.11525
threshold=79.166666666666671 79.500000000000014 11.500000000000002 0.080050000000000024 0.50196750000000001 85.500000000000014 87.500000000000014 62.775000000000006 83.500000000000014 66.050000000000011 66.500000000000014 64.500000000000014 59.775000000000006 56.392307692307703 113.96450000000002 53.500000000000007 72.500000000000014 7.241488156249118
decision_type=2 2 2 2 2 2 2 2 2 2 2 2 2 2 2 2 2 2
left_child=1 9 3 -2 6 17 7 -3 -4 11 15 12 -1 -13 -10 -11 -12 -6
right_child=2 4 8 -5 5 -7 -8 -9 14 10 16 13 -14 -15 -16 -17 -18 -19
leaf_value=9.289463647449596e-05 -0.036050324119364707 0.002604019127905601 -0.0089640242249745331 -0.0057296341710111791 -0.003017613618685923 0.052079427495474041 -0.025052377432308124 0.019856928751689592 -0.0035537199973073442 -0.027572973548879068 -0.002497095333998015 -0.00051067802251841745 -0.0043751868315152721 0.0066582053512984638 0.024883476498127218 -0.0098340315601904739 0.0026452771533477929 0.014222540963899983
leaf_weight=70183 48 233 117 68 56 37 44 113 46 51 1226 1973 2573 1582 42 491 840 77
leaf_count=70183 48 233 117 68 56 37 44 113 46 51 1226 1973 2573 1582 42 491 840 77
internal_value=-4.24353e-08 3.15554e-05 -0.0076427 -0.0197267 0.00892209 0.0187804 0.00434698 0.00854551 -0.000342396 -3.23872e-05 -0.00281325 6.29232e-05 -6.55603e-05 0.00268695 0.0109211 -0.0118628 -0.000404255 0.00719365
internal_weight=79800 79479 321 116 560 170 390 346 205 78919 2608 76311 72756 3555 88 542 2066 133
internal_count=79800 79479 321 116 560 170 390 346 205 78919 2608 76311 72756 3555 88 542 2066 133
is_linear=0
shrinkage=0.0966648


Tree=109
num_leaves=16
num_cat=0
split_feature=14 39 25 14 14 14 14 25 14 24 14 14 14 25 15
split_gain=2.04437 1.76846 6.83628 5.69478 5.3792 3.74516 3.53459 3.01303 8.43894 9.38404 5.28297 29.1386 20.8504 3.15368 2.06543
threshold=92.500000000000014 -7.0325360258019414 31.691576086956527 28.500000000000004 70.500000000000014 31.500000000000004 43.500000000000007 14.055555555555557 8.5000000000000018 39.500000000000007 5.5000000000000009 10.500000000000002 1.5000000000000002 7.1478696741854648 1.0000000180025095e-35
decision_type=2 2 2 2 2 2 2 2 2 2 2 2 2 2 2
left_child=1 2 3 14 5 -4 -5 8 13 -10 12 -12 -9 -3 -1
right_child=-2 7 4 6 -6 -7 -8 10 9 -11 11 -13 -14 -15 -16
leaf_value=-0.00065475912893884645 0.020454855904501256 0.0019783695799565283 -0.012406474744339681 0.0078671784155625469 -0.030153584275207337 -0.0028697165517295141 0.00068984812920226484 0.00044089636026897554 0.0096464742182100667 -0.014986943482149098 -0.026394914549134656 7.1476773223249607e-05 0.025549961040547898 -0.0051484907035167877 -0.013150859045883822
leaf_weight=15277 38 1336 448 1234 70 2533 1329 1812 1711 151 384 51981 365 1014 117
leaf_count=15277 38 1336 448 1234 70 2533 1329 1812 1711 151 384 51981 365 1014 117
internal_value=-7.63657e-08 -1.17771e-05 -0.000772807 -5.32461e-05 -0.00499716 -0.00433096 0.00415859 0.000260401 0.00274898 0.0075958 6.78628e-05 -0.000126422 0.00472526 -0.0011035 -0.000756202
internal_weight=79800 79762 21008 17957 3051 2981 2563 58754 4212 1862 54542 52365 2177 2350 15394
internal_count=79800 79762 21008 17957 3051 2981 2563 58754 4212 1862 54542 52365 2177 2350 15394
is_linear=0
shrinkage=0.0966648


Tree=110
num_leaves=25
num_cat=0
split_feature=24 39 25 25 14 26 24 25 25 14 12 25 25 25 14 25 14 25 14 14 25 39 14 14
split_gain=1.90177 2.90405 4.74573 13.521 3.8762 3.4178 2.35533 12.2529 4.91612 2.33977 1.99547 3.97502 10.7874 2.14291 9.75774 6.85161 1.09661 2.88883 2.5015 2.27426 1.96973 3.55859 3.46196 0.431506
threshold=13.500000000000002 -9.9352535496578351 6.3891891891891897 15.535714285714286 7.5000000000000009 49.180509084086438 9.5000000000000018 1.8166666666666669 1.8166666666666669 90.500000000000014 201.87900000000005 31.894444444444449 27.31481481481482 27.31481481481482 24.500000000000004 28.53365384615385 33.500000000000007 22.550000000000004 5.5000000000000009 21.500000000000004 40.654761904761912 6.3955877335961491 41.500000000000007 41.500000000000007
decision_type=2 2 2 2 2 2 2 2 2 2 2 2 2 2 2 2 2 2 2 2 2 2 2 2
left_child=1 2 6 4 -4 -5 7 -1 -8 10 13 12 -12 14 -2 -15 17 19 -19 -3 21 -18 -22 -13
right_child=9 16 3 5 -6 -7 8 -9 -10 -11 11 23 -14 15 -16 -17 20 18 -20 -21 22 -23 -24 -25
leaf_value=0.0075971488354524231 0.0001585270185529082 -0.00016106811171500169 -0.023362201247652752 -6.8464845146953357e-05 -0.0089687205508028299 -0.011706303662494047 0.00069274057314261807 -0.035746136308708619 0.018708153169185091 0.022481955128040271 -0.0030894911247977409 -0.012945937244634545 0.051633737191414009 -0.0087912966831533487 0.005815598000409151 8.7311184028071637e-08 0.00076876907312837378 0.0043314772862370291 -0.0033851241287783623 0.0063378655776219076 -0.0060712963560992312 0.0082513411681814173 5.5000788878604722e-05 -3.9822912839984482e-05
leaf_weight=218 19199 2924 362 2165 361 257 477 76 194 37 79 37 50 847 3338 26940 3681 425 4339 600 924 701 11516 53
leaf_count=218 19199 2924 362 2165 361 257 477 76 194 37 79 37 50 847 3338 26940 3681 425 4339 600 924 701 11516 53
internal_value=-4.3003e-07 -0.000621199 -0.00300065 -0.0048176 -0.0163441 -0.00133625 0.00291225 -0.00422805 0.00605315 0.000358227 0.00033864 0.00938897 0.0198201 0.000297838 0.000998092 -0.00027023 -0.000230938 -0.00114049 -0.00269089 0.00095675 0.000217501 0.00197804 -0.000403482 -0.00594277
internal_weight=79800 29220 4110 3145 723 2422 965 294 671 50580 50543 219 129 50324 22537 27787 25110 8288 4764 3524 16822 4382 12440 90
internal_count=79800 29220 4110 3145 723 2422 965 294 671 50580 50543 219 129 50324 22537 27787 25110 8288 4764 3524 16822 4382 12440 90
is_linear=0
shrinkage=0.0966648


Tree=111
num_leaves=14
num_cat=0
split_feature=25 14 2 14 25 25 14 25 14 14 0 14 14
split_gain=1.91173 4.44013 2.38345 2.13992 3.25452 2.72479 2.81925 2.40154 1.94649 1.9002 3.65153 1.80848 0.226699
threshold=79.166666666666671 88.500000000000014 0.85250000000000015 77.500000000000014 63.071428571428577 71.236111111111128 71.500000000000014 9.3062500000000021 79.500000000000014 83.500000000000014 212682.00000000003 66.500000000000014 80.500000000000014
decision_type=2 2 2 2 2 2 2 2 2 2 2 2 2
left_child=1 3 9 5 7 11 -7 -5 -6 12 -11 -1 -2
right_child=2 -3 -4 4 8 6 -8 -9 -10 10 -12 -13 -14
leaf_value=-8.5685040109168906e-05 -0.01458872922295378 0.02864710892685628 -0.028457599726103511 0.020923332664748152 0.0050103155384586687 -0.016023655412586085 -0.0023682042162321555 -0.0025734245225396009 0.019076124977241458 0.018700429494474598 -0.013436064805917016 0.0021659395217757129 -0.006477525460946992
leaf_weight=74341 73 43 36 37 213 182 568 448 165 69 51 3482 92
leaf_count=74341 73 43 36 37 213 182 568 448 165 69 51 3482 92
internal_value=-2.72968e-07 3.01461e-05 -0.00735781 1.19054e-05 0.00477794 -4.09009e-05 -0.00580993 -0.000484579 0.0114061 -0.00402006 0.00505569 1.52609e-05 -0.0105523
internal_weight=79800 79479 321 79436 863 78573 750 485 378 285 120 77823 165
internal_count=79800 79479 321 79436 863 78573 750 485 378 285 120 77823 165
is_linear=0
shrinkage=0.0966648


Tree=112
num_leaves=23
num_cat=0
split_feature=25 39 25 25 39 15 25 25 22 25 26 25 18 25 12 25 25 25 25 25 25 25
split_gain=1.87826 2.29891 8.18407 29.074 4.60859 1.94705 3.7944 1.57068 5.48433 1.34371 10.7392 4.05674 1.2099 1.85016 1.18542 0.869455 0.611226 0.498601 0.46399 1.76505 0.769498 0.188451
threshold=53.033333333333339 5.7515112262521599 33.328759398496253 31.691576086956527 7.6568017265385704 1.0000000180025095e-35 25.961538461538463 86.250000000000014 12.500000000000002 31.691576086956527 28.154592444336373 30.984375000000004 57.500000000000007 63.071428571428577 184.99850000000001 20.978260869565222 52.724747474747481 42.520270270270281 62.083333333333336 61.95454545454546 64.062500000000014 41.038461538461547
decision_type=2 2 2 2 2 2 2 2 2 2 2 2 2 2 2 2 2 2 2 2 2 2
left_child=1 5 3 14 -5 9 15 12 -9 11 -11 -1 18 -14 -3 -7 17 -4 19 -2 -20 -8
right_child=7 2 16 4 -6 6 21 8 -10 10 -12 -13 13 -15 -16 -17 -18 -19 20 -21 -22 -23
leaf_value=0.0002195031950990819 -0.00090097950828918732 -0.003889304715305832 0.0010880972064483271 0.0099558826430814155 0.022717243528951644 -0.0099326151457401392 -0.0017111939153977743 -0.030693510275357831 0.013735474681960293 0.023880384812349123 -0.00083979027593863716 0.0074081957989637556 -0.0016116469738889359 0.02086267544027676 0.012373863156294839 -0.022909530030888695 0.0039293855556897534 -0.00049266509868144993 -0.0041951549017920347 0.0065222480516447332 -0.001200762223335556 0.0017107945698008832
leaf_weight=34179 7039 1286 2617 463 677 179 419 56 38 158 19250 742 78 52 36 75 371 6430 991 305 4134 225
leaf_count=34179 7039 1286 2617 463 677 179 419 56 38 158 19250 742 78 52 36 75 371 6430 991 305 4134 225
internal_value=-1.4943e-07 0.00020384 0.00142325 0.00637626 0.017635 -5.86296e-05 -0.00450383 -0.0010781 -0.0130501 1.5467e-05 -0.000629238 0.000373833 -0.000980936 0.00803631 -0.00337797 -0.0143208 0.000124346 -3.48709e-05 -0.00107981 -0.00058624 -0.00178515 -0.00050959
internal_weight=79800 67107 11880 2462 1140 55227 898 12693 94 54329 19408 34921 12599 130 1322 254 9418 9047 12469 7344 5125 644
internal_count=79800 67107 11880 2462 1140 55227 898 12693 94 54329 19408 34921 12599 130 1322 254 9418 9047 12469 7344 5125 644
is_linear=0
shrinkage=0.0966648


Tree=113
num_leaves=27
num_cat=0
split_feature=14 25 14 14 25 25 26 25 14 14 25 14 26 39 14 14 14 25 39 14 25 25 12 25 25 14
split_gain=1.95391 5.20023 11.3417 5.75424 5.12659 5.06185 10.3182 10.5992 9.84117 8.70922 7.86831 10.4143 7.24454 4.56441 4.47685 6.18184 5.7598 5.35416 2.35757 3.14881 2.93419 1.80665 0.994349 0.826519 0.799196 0.338722
threshold=39.500000000000007 47.675438596491233 49.500000000000007 91.500000000000014 50.090909090909101 31.691576086956527 28.154592444336373 33.328759398496253 22.500000000000004 30.500000000000004 33.328759398496253 23.500000000000004 28.154592444336373 -14.335458649331887 87.500000000000014 69.500000000000014 65.500000000000014 45.589473684210539 -0.20731165475770649 3.5000000000000004 29.964285714285719 40.654761904761912 179.99950000000004 22.679487179487186 62.083333333333336 47.500000000000007
decision_type=2 2 2 2 2 2 2 2 2 2 2 2 2 2 2 2 2 2 2 2 2 2 2 2 2 2
left_child=5 14 24 4 -4 9 7 8 -7 18 11 -8 23 -12 15 16 -2 -17 19 -1 -20 -9 -14 -11 25 -3
right_child=1 2 3 -5 -6 6 10 21 -10 12 13 -13 22 -15 -16 17 -18 -19 20 -21 -22 -23 -24 -25 -26 -27
leaf_value=-0.0010253970889696734 0.0018655138347420891 -0.0076652621874586865 0.0067898132860392179 -0.033157802929857601 -5.5714536876077743e-06 0.0027574321538745513 -0.020803265901888759 -0.00042706290610167337 0.021753984774686586 -0.0047837882646827217 -0.028124051790262592 -0.0050310163454796086 0.010570887063680118 -0.001692643126359883 0.029431992821036292 -0.006685428038855459 0.012505500553531251 0.026855376341306206 -0.0013815214662785235 0.0010692026677153921 -0.0094177677493479453 -0.0093560182239736302 0.025853952071616376 0.0015969501788419792 -0.018598221644686403 -0.0052622436257807612
leaf_weight=11989 14704 1117 1112 40 14121 603 491 830 437 271 54 1855 1132 6961 47 1050 484 39 4566 15200 461 277 38 587 46 1288
leaf_count=11989 14704 1117 1112 40 14121 603 491 830 437 271 54 1855 1132 6961 47 1050 484 39 4566 15200 461 277 38 587 46 1288
internal_value=2.90381e-07 0.000554692 -0.000591704 0.000388993 0.000493639 -0.000412311 -0.00216551 0.00386866 0.0108399 0.000177218 -0.00355151 -0.00838877 0.00630925 -0.00192644 0.0017991 0.00170556 0.00221069 -0.00530575 -0.000210196 0.00014556 -0.00213164 -0.00271007 0.0112316 -0.000442814 -0.006685 -0.00639904
internal_weight=79800 34048 17724 15273 15233 45752 11508 2147 1040 34244 9361 2346 2028 7015 16324 16277 15188 1089 32216 27189 5027 1107 1170 858 2451 2405
internal_count=79800 34048 17724 15273 15233 45752 11508 2147 1040 34244 9361 2346 2028 7015 16324 16277 15188 1089 32216 27189 5027 1107 1170 858 2451 2405
is_linear=0
shrinkage=0.0966648


Tree=114
num_leaves=11
num_cat=0
split_feature=14 14 14 25 14 10 10 0 25 14
split_gain=1.98095 1.98944 2.64592 2.16678 1.66845 1.57035 1.42619 0.766283 0.664357 0.473309
threshold=92.500000000000014 87.500000000000014 83.500000000000014 79.166666666666671 73.500000000000014 0.10250000000000001 0.10750000000000001 173873.50000000003 54.031250000000007 80.500000000000014
decision_type=2 2 2 2 2 2 2 2 2 2
left_child=1 2 3 4 -1 -3 8 -8 -4 -5
right_child=-2 5 6 9 -6 -7 7 -9 -10 -11
leaf_value=-6.8052988727225274e-05 0.020135315768525688 0.0006059793523992969 -0.0075105998870451792 -0.015721521234672207 0.002873531244717344 -0.024672103711529846 0.003814034412412768 0.021020744804786273 0.0080955744000287145 -0.0054167144514913499
leaf_weight=77438 38 39 41 79 1837 47 37 93 46 105
leaf_count=77438 38 39 41 79 1837 47 37 93 46 105
internal_value=1.48021e-07 -1.13698e-05 5.17822e-06 -2.4436e-05 3.80861e-07 -0.0140936 0.0104815 0.0166064 0.000728364 -0.0102909
internal_weight=79800 79762 79676 79459 79275 86 217 130 87 184
internal_count=79800 79762 79676 79459 79275 86 217 130 87 184
is_linear=0
shrinkage=0.0966648


Tree=115
num_leaves=8
num_cat=0
split_feature=14 14 14 24 39 12 10
split_gain=1.67485 1.67212 2.32785 1.53801 2.6125 1.63255 1.32021
threshold=92.500000000000014 87.500000000000014 86.500000000000014 13.500000000000002 -9.9352535496578351 201.87900000000005 0.10250000000000001
decision_type=2 2 2 2 2 2 2
left_child=1 2 3 4 -1 -5 -3
right_child=-2 6 -4 5 -6 -7 -8
leaf_value=-0.0028269586073631911 0.01851440638752392 0.00055698757193775302 0.022326792725504477 0.00027839513715109085 -0.00019603424866641207 0.0085013859254474515 -0.022620279485752889
leaf_weight=4097 38 39 36 50263 25061 219 47
leaf_count=4097 38 39 36 50263 25061 219 47
internal_value=1.62882e-07 -1.04277e-05 4.74327e-06 -7.48497e-06 -0.000566349 0.000315347 -0.0129208
internal_weight=79800 79762 79676 79640 29158 50482 86
internal_count=79800 79762 79676 79640 29158 50482 86
is_linear=0
shrinkage=0.0966648


Tree=116
num_leaves=23
num_cat=0
split_feature=25 14 14 14 25 14 14 25 25 25 14 25 14 14 25 14 25 25 25 14 14 25
split_gain=1.62626 5.7597 5.70473 3.01211 5.77837 5.28669 5.08362 7.36141 3.12499 2.8004 4.52969 4.16325 3.70635 2.90044 2.66499 2.44468 2.42124 1.57904 1.42015 1.31458 0.935735 0.33655
threshold=66.050000000000011 91.500000000000014 66.500000000000014 62.500000000000007 56.392307692307703 58.500000000000007 51.500000000000007 47.675438596491233 59.775000000000006 56.392307692307703 87.500000000000014 62.083333333333336 75.500000000000014 66.500000000000014 37.873015873015881 82.500000000000014 43.811011904761912 79.166666666666671 79.166666666666671 51.500000000000007 4.5000000000000009 72.088235294117666
decision_type=2 2 2 2 2 2 2 2 2 2 2 2 2 2 2 2 2 2 2 2 2 2
left_child=3 2 19 4 6 20 7 -1 -7 10 14 12 -11 -13 -5 17 -8 -4 -17 -2 -6 -21
right_child=1 -3 15 9 5 8 16 -9 -10 11 -12 13 -14 -15 -16 18 -18 -19 -20 21 -22 -23
leaf_value=0.00014262825782853766 -0.026482494312661666 -0.036268624349246832 3.954772145437023e-05 0.0022718128064218132 0.0055902023592693433 0.0052635664020042223 -0.00014049547706734467 -0.0041579981921434136 -0.0028703925856524283 0.012338027938720977 0.027551956393350327 -0.0010980984460206751 -0.0095942346874594176 0.0075444992036301896 -0.0037915684564331707 0.020274243807650704 0.0039261607184374213 -0.010136191812503928 0.003904859380496548 -0.0080028522219185074 -0.007265630584924819 -0.017588148300204592
leaf_weight=57002 39 38 2145 1585 49 684 1955 3971 1212 747 48 1063 74 542 1171 73 4545 145 141 467 2067 37
leaf_count=57002 39 38 2145 1585 49 684 1955 3971 1212 747 48 1063 74 542 1171 73 4545 145 141 467 2067 37
internal_value=3.73878e-07 -0.00217292 -0.00165817 8.79777e-05 -7.59608e-05 -0.00363648 0.000136138 -0.000137945 7.3346e-05 0.00232558 0.000242571 0.00472483 0.010291 0.00184235 -0.000307819 0.00029986 0.00270431 -0.000636289 0.00999456 -0.0105665 -0.00694891 -0.00895834
internal_weight=79800 3085 3047 76715 71485 4012 67473 60973 1896 5230 2804 2426 821 1605 2756 2504 6500 2290 214 543 2116 504
internal_count=79800 3085 3047 76715 71485 4012 67473 60973 1896 5230 2804 2426 821 1605 2756 2504 6500 2290 214 543 2116 504
is_linear=0
shrinkage=0.0966648


Tree=117
num_leaves=8
num_cat=0
split_feature=14 14 14 14 25 25 14
split_gain=1.81393 1.70036 1.9111 1.57556 4.61341 2.88296 1.40964
threshold=92.500000000000014 87.500000000000014 86.500000000000014 33.500000000000007 31.691576086956527 45.346666666666671 89.500000000000014
decision_type=2 2 2 2 2 2 2
left_child=1 2 3 4 -1 -5 -3
right_child=-2 6 -4 5 -6 -7 -8
leaf_value=-1.7955359500049724e-05 0.019267634456932626 -0.023274528554475763 0.020229704737970242 0.0012402859497948394 -0.003030871571758016 -0.00038539699536566081 0.00059243125889263198
leaf_weight=33338 38 46 36 20020 5530 20752 40
leaf_count=33338 38 46 36 20020 5530 20752 40
internal_value=-1.85217e-08 -1.10401e-05 4.25853e-06 -6.82116e-06 -0.000447133 0.000412934 -0.01303
internal_weight=79800 79762 79676 79640 38868 40772 86
internal_count=79800 79762 79676 79640 38868 40772 86
is_linear=0
shrinkage=0.0966648


Tree=118
num_leaves=11
num_cat=0
split_feature=14 14 14 25 14 14 14 39 25 25
split_gain=1.53362 1.42999 1.79565 2.29949 2.45424 1.48805 1.18571 1.113 1.84825 1.48081
threshold=92.500000000000014 87.500000000000014 79.500000000000014 72.088235294117666 72.500000000000014 39.500000000000007 89.500000000000014 7.241488156249118 79.166666666666671 27.97058823529412
decision_type=2 2 2 2 2 2 2 2 2 2
left_child=1 2 3 5 -5 -1 -3 9 -9 -4
right_child=-2 6 7 4 -6 -7 -8 8 -10 -11
leaf_value=-0.00034467435333373597 0.017716572655140147 -0.021344790850780202 0.0057684239962098585 -0.016240084046696308 -0.0025094380290047813 0.00051096440846380145 0.00054433802675768646 0.012269362215169716 0.00073762974983473159 -0.010007426676280613
leaf_weight=45746 38 46 120 147 589 32463 40 284 236 91
leaf_count=45746 38 46 120 147 589 32463 40 284 236 91
internal_value=1.18392e-07 -1.00159e-05 4.01382e-06 -4.03682e-05 -0.00539033 1.04995e-05 -0.0119491 0.004748 0.00712208 -0.00114718
internal_weight=79800 79762 79676 78945 736 78209 86 731 520 211
internal_count=79800 79762 79676 78945 736 78209 86 731 520 211
is_linear=0
shrinkage=0.0966648


Tree=119
num_leaves=11
num_cat=0
split_feature=25 27 14 39 25 14 14 25 14 14
split_gain=1.53962 6.33171 2.83907 1.3653 4.73241 4.37449 3.14629 2.42928 6.61783 4.88062
threshold=86.250000000000014 -3.6431679999999993 88.500000000000014 -7.0325360258019414 31.691576086956527 70.500000000000014 29.500000000000004 14.055555555555557 8.5000000000000018 5.5000000000000009
decision_type=2 2 2 2 2 2 2 2 2 2
left_child=2 -2 3 4 6 -6 -1 8 -5 -9
right_child=1 -3 -4 7 5 -7 -8 9 -10 -11
leaf_value=-0.00056198409241474899 -0.031689555728560762 0.015633666373963028 0.022458907181105322 -0.00093672061141832476 -0.0035831776386013999 -0.026863639544201762 0.0032528798214379357 0.0045429959635909086 0.0067682052580627034 -0.00012044567398852678
leaf_weight=15638 54 40 45 2350 2981 70 2312 2177 1861 52272
leaf_count=15638 54 40 45 2350 2981 70 2312 2177 1861 52272
internal_value=-1.2259e-08 -0.0118902 1.5147e-05 3.1887e-07 -0.00066836 -0.00418299 -6.94478e-05 0.00023977 0.00247446 6.66202e-05
internal_weight=79800 94 79706 79661 21001 3051 17950 58660 4211 54449
internal_count=79800 94 79706 79661 21001 3051 17950 58660 4211 54449
is_linear=0
shrinkage=0.0966648


Tree=120
num_leaves=8
num_cat=0
split_feature=14 14 14 14 25 24 14
split_gain=1.38014 1.35918 1.68802 1.30597 3.82184 2.85498 0.932566
threshold=92.500000000000014 87.500000000000014 86.500000000000014 16.500000000000004 17.916666666666668 39.500000000000007 89.500000000000014
decision_type=2 2 2 2 2 2 2
left_child=1 2 3 5 -5 -1 -3
right_child=-2 6 -4 4 -6 -7 -8
leaf_value=-0.00038655721144000596 0.016806501322829469 -0.019981746620489481 0.01901231764691131 0.0041073659627335994 6.3689172642287218e-05 -0.0051452970349026884 -0.00040142495155973107
leaf_weight=18216 38 46 36 2262 57910 1252 40
leaf_count=18216 38 46 36 2262 57910 1252 40
internal_value=-1.13647e-07 -9.72742e-06 3.95051e-06 -6.46246e-06 0.000216202 -0.000694491 -0.0116495
internal_weight=79800 79762 79676 79640 60172 19468 86
internal_count=79800 79762 79676 79640 60172 19468 86
is_linear=0
shrinkage=0.0966648


Tree=121
num_leaves=11
num_cat=0
split_feature=25 27 14 24 25 25 12 25 14 25
split_gain=1.44673 5.37046 2.44786 1.33194 5.99464 12.1629 1.5029 3.53341 1.38176 0.757309
threshold=86.250000000000014 -3.6431679999999993 88.500000000000014 9.5000000000000018 14.055555555555557 1.8166666666666669 201.87900000000005 31.894444444444449 82.500000000000014 17.916666666666668
decision_type=2 2 2 2 2 2 2 2 2 2
left_child=2 -2 3 4 5 -1 8 -8 -5 -6
right_child=1 -3 -4 6 9 -7 7 -9 -10 -11
leaf_value=0.0078517317394324916 -0.029737378245069869 0.013885031497735491 0.020854870787125654 0.00014362183316721637 0.0034765773283773251 -0.014016533546561939 0.017321151868765979 -0.0048025292491470292 0.007772542412653822 -0.00039580053236798918
leaf_weight=332 54 40 45 62918 480 794 142 118 215 14662
leaf_count=332 54 40 45 62918 480 794 142 118 215 14662
internal_value=2.74184e-08 -0.0115258 1.47222e-05 9.53526e-07 -0.000779101 -0.00755925 0.000201202 0.00742975 0.000170538 -0.000271357
internal_weight=79800 94 79706 79661 16268 1126 63393 260 63133 15142
internal_count=79800 94 79706 79661 16268 1126 63393 260 63133 15142
is_linear=0
shrinkage=0.0966648


Tree=122
num_leaves=18
num_cat=0
split_feature=25 14 14 14 14 25 14 25 14 25 25 14 14 25 14 14 14
split_gain=1.35971 10.9625 5.48098 4.01188 3.43882 6.96744 6.17554 4.6085 4.91732 3.30361 2.35201 4.77669 2.6629 1.43275 1.72887 2.67473 1.19479
threshold=53.033333333333339 55.500000000000007 91.500000000000014 87.500000000000014 48.500000000000007 45.346666666666671 44.500000000000007 44.047619047619058 69.500000000000014 47.675438596491233 59.775000000000006 63.500000000000007 75.500000000000014 66.579069767441879 3.5000000000000004 25.500000000000004 47.500000000000007
decision_type=2 2 2 2 2 2 2 2 2 2 2 2 2 2 2 2 2
left_child=3 13 10 4 5 6 -1 8 -6 -9 12 -12 -3 14 -2 -16 -7
right_child=1 2 -4 -5 7 16 -8 9 -10 -11 11 -13 -14 -15 15 -17 -18
leaf_value=-6.8285647119835461e-05 0.0059666152161099942 0.0032071130741433253 -0.032170961130989689 0.026358670585955278 0.0013331448646137086 -0.0048391432145138942 0.004914926766876564 0.0084212557243899394 -0.0062078816681575364 0.002511168766100903 -0.0041131470701524613 0.0014386829714670916 -0.012848540314681292 -0.022242342301860122 -0.030186228092475367 -0.0061517328227549016 -0.0005086129382304164
leaf_weight=51029 101 3336 40 47 3583 3226 2427 1141 1035 3887 2141 4434 92 46 37 2466 732
leaf_count=51029 101 3336 40 47 3583 3226 2427 1141 1035 3887 2141 4434 92 46 37 2466 732
internal_value=2.31345e-07 -0.000916929 0.000543593 0.000173793 0.000152444 -0.000131366 0.00015863 0.00184048 -0.000364425 0.00386307 0.000698834 -0.000371817 0.00274864 -0.0064377 -0.00609434 -0.00659768 -0.00404077
internal_weight=79800 12693 10043 67107 67060 57414 53456 9646 4618 5028 10003 6575 3428 2650 2604 2503 3958
internal_count=79800 12693 10043 67107 67060 57414 53456 9646 4618 5028 10003 6575 3428 2650 2604 2503 3958
is_linear=0
shrinkage=0.0966648


Tree=123
num_leaves=11
num_cat=0
split_feature=14 14 14 25 14 10 10 0 25 14
split_gain=1.57063 1.52184 1.49594 1.55395 1.28941 1.02696 0.901423 0.591553 0.436932 0.341115
threshold=92.500000000000014 87.500000000000014 83.500000000000014 79.166666666666671 74.500000000000014 0.10750000000000001 0.10250000000000001 173873.50000000003 54.031250000000007 80.500000000000014
decision_type=2 2 2 2 2 2 2 2 2 2
left_child=1 2 3 4 -1 8 -3 -7 -4 -5
right_child=-2 6 5 9 -6 7 -8 -9 -10 -11
leaf_value=-5.155048183714697e-05 0.017928571119757743 -0.0009170889064830241 -0.0069252255078741587 -0.013321879325631034 0.0028101118410778607 0.0021444062682207748 -0.020344708395091306 0.016935358616030263 0.0057282081844979571 -0.0045772401546332504
leaf_weight=77783 38 39 41 79 1492 37 47 93 46 105
leaf_count=77783 38 39 41 79 1492 37 47 93 46 105
internal_value=-3.93446e-07 -1.06492e-05 3.82406e-06 -1.84433e-05 2.57287e-06 0.00788114 -0.0123272 0.0130779 -0.000312479 -0.00871268
internal_weight=79800 79762 79676 79459 79275 217 86 130 87 184
internal_count=79800 79762 79676 79459 79275 217 86 130 87 184
is_linear=0
shrinkage=0.0966648


Tree=124
num_leaves=23
num_cat=0
split_feature=40 14 14 14 40 14 40 40 14 40 14 40 14 40 14 14 40 14 40 14 40 40
split_gain=1.39856 5.0948 4.30782 2.18958 6.51901 3.85151 5.65674 4.09612 2.42481 2.03881 3.47176 3.2819 2.98878 2.89493 2.16113 1.4882 1.40718 1.33288 1.25982 0.804059 0.582322 0.428271
threshold=1.9820438849131148 91.500000000000014 68.500000000000014 60.500000000000007 1.6922335899724039 52.500000000000007 1.4306557385424092 1.314691116391961 57.500000000000007 1.6922335899724039 87.500000000000014 1.8630112216253729 66.500000000000014 1.2199776264334898 75.500000000000014 83.500000000000014 2.3756518933477913 53.500000000000007 1.7937422137877583 4.5000000000000009 2.1632406652366947 2.3756518933477913
decision_type=2 2 2 2 2 2 2 2 2 2 2 2 2 2 2 2 2 2 2 2 2 2
left_child=3 2 17 4 5 6 -1 -7 19 10 13 14 -13 -5 -11 16 -4 -2 -10 -6 -19 -17
right_child=1 -3 15 9 8 7 -8 -9 18 11 -12 12 -14 -15 -16 21 -18 20 -20 -21 -22 -23
leaf_value=0.00017912015696723165 -0.020981577735947231 -0.034082900609553136 0.0011505460054869944 0.0020679390531472713 0.0045878280815241637 -0.0015825378214920595 -0.003339540204572191 0.0044907648057257998 0.00062372897047683999 0.0076311176520814043 0.02403159861059603 -0.0020085203674334367 0.0065665407434387186 -0.0037377429376950879 -0.0086779637685582313 0.017851871480387832 -0.0076022815828408891 -0.0049992797838722056 -0.0048531924507270148 -0.007431127041895233 -0.013876236741359595 0.0060670044046553968
leaf_weight=57336 51 38 1715 1945 49 1465 4605 3523 927 1427 48 1222 542 1355 74 42 183 882 671 1526 71 103
leaf_count=57336 51 38 1715 1945 49 1465 4605 3523 927 1427 48 1222 542 1355 74 42 183 882 671 1526 71 103
internal_value=-3.60873e-07 -0.00201577 -0.00153172 8.08788e-05 -7.78108e-05 0.000125373 -8.28535e-05 0.00270731 -0.00435365 0.00176124 8.39306e-05 0.00347698 0.000643154 -0.000319032 0.00678725 0.00101916 0.000279562 -0.00669094 -0.00168816 -0.00703689 -0.00576559 0.0102023
internal_weight=79800 3085 3047 76715 70102 66929 61941 4988 3173 6613 3348 3265 1764 3300 1501 2043 1898 1004 1598 1575 953 145
internal_count=79800 3085 3047 76715 70102 66929 61941 4988 3173 6613 3348 3265 1764 3300 1501 2043 1898 1004 1598 1575 953 145
is_linear=0
shrinkage=0.0966648


Tree=125
num_leaves=32
num_cat=0
split_feature=24 39 25 25 24 25 25 26 25 39 15 25 24 25 26 25 26 18 8 25 25 25 25 12 25 25 25 26 26 25 26
split_gain=1.23106 2.13349 3.66583 11.185 2.23561 9.6676 4.00803 2.21102 1.38609 3.6338 3.16485 2.794 2.88614 2.13658 3.07239 1.42306 1.09229 1.04304 0.946167 0.833482 3.51227 1.3547 1.12653 0.762556 0.74448 1.22739 0.821647 0.731727 0.47937 0.456511 0.178443
threshold=13.500000000000002 -9.0795030706881832 6.3891891891891897 15.535714285714286 9.5000000000000018 1.8166666666666669 2.4233766233766239 49.180509084086438 27.31481481481482 -14.541754992195735 1.0000000180025095e-35 23.973684210526319 39.500000000000007 28.313725490196081 25.669940476190479 33.24038461538462 49.180509084086438 14.500000000000002 0.95750000000000013 27.046875000000004 22.550000000000004 21.710084033613452 53.033333333333339 174.01750000000001 15.828571428571431 20.978260869565222 8.5500000000000025 25.669940476190479 27.680295263293285 72.088235294117666 27.680295263293285
decision_type=2 2 2 2 2 2 2 2 2 2 2 2 2 2 2 2 2 2 2 2 2 2 2 2 2 2 2 2 2 2 2
left_child=1 2 4 18 5 -1 -6 -5 10 15 11 12 -2 23 -15 17 -17 -10 -4 20 21 -3 27 -11 26 -26 -12 -21 -13 -24 -22
right_child=8 19 3 7 6 -7 -8 -9 9 13 24 28 -14 14 -16 16 -18 -19 -20 22 30 -23 29 -25 25 -27 -28 -29 -30 -31 -32
leaf_value=0.0064349485946736257 0.00093257852482313633 -4.3180607770160279e-05 -0.015048149920673336 -3.7853807122726366e-05 0.0012837765050424364 -0.031740891811296176 0.01793916044690692 -0.0089771192306796633 -0.0092784026816045851 -0.0066537718616956724 -0.0059398751878067257 0.0023777089476598682 -0.0028918073460347678 0.0034903799516653347 -0.00019692329561403588 -0.0010676324367033952 -0.016078626608124411 0.0017738061440813722 0.00018804362687646202 0.0029558885187863171 -0.0050155774881216067 0.0055816245813529973 -0.0006698365324246296 0.0065662706513620085 0.0064230711740264007 -0.012803239415961521 -0.025221827815987884 0.00043210046548856597 0.004775262232678718 -0.0035988462800407048 -0.0031485769329247836
leaf_weight=218 17180 3134 717 2409 500 78 178 282 136 551 43 1546 2058 2303 24497 59 205 175 40 1173 1268 451 5487 38 46 69 47 11880 1627 540 865
leaf_count=218 17180 3134 717 2409 500 78 178 282 136 551 43 1546 2058 2303 24497 59 205 175 40 1173 1268 451 5487 38 46 69 47 11880 1627 540 865
internal_value=-6.76483e-07 -0.000500124 -0.00245421 -0.00393182 0.00276649 -0.00416974 0.00580741 -0.000997366 0.000287886 -0.00016719 0.000850439 0.00096149 0.000522478 -6.4947e-06 0.00012084 -0.00772127 -0.0128481 -0.00316576 -0.0142492 -0.000151022 -0.0011739 0.000674782 0.000155866 -0.0057278 -0.0108886 -0.00519158 -0.0171936 0.000660494 0.00361559 -0.000936485 -0.00427237
internal_weight=79800 29220 4422 3448 974 296 678 2691 50580 27964 22616 22411 19238 27389 26800 575 264 311 757 24798 5718 3585 19080 589 205 115 90 13053 3173 6027 2133
internal_count=79800 29220 4422 3448 974 296 678 2691 50580 27964 22616 22411 19238 27389 26800 575 264 311 757 24798 5718 3585 19080 589 205 115 90 13053 3173 6027 2133
is_linear=0
shrinkage=0.0966648


Tree=126
num_leaves=11
num_cat=0
split_feature=14 14 14 25 14 14 14 14 14 14
split_gain=1.68718 1.49182 1.40013 1.86778 1.72009 1.31669 0.868265 0.841379 2.24681 0.871938
threshold=92.500000000000014 87.500000000000014 79.500000000000014 72.088235294117666 72.500000000000014 39.500000000000007 89.500000000000014 81.500000000000014 82.500000000000014 80.500000000000014
decision_type=2 2 2 2 2 2 2 2 2 2
left_child=1 2 3 5 -5 -1 -3 9 -9 -4
right_child=-2 6 7 4 -6 -7 -8 8 -10 -11
leaf_value=-0.00032515947943009956 0.018580844372100967 -0.02025212613056869 0.0035139869335881046 -0.013945093050409956 -0.0024414671108633143 0.00047970369327751113 -0.0011920172320577689 -0.0098440777111730542 0.0055081113567605295 0.014433774521100054
leaf_weight=45746 38 46 168 147 589 32463 40 113 334 116
leaf_count=45746 38 46 168 147 589 32463 40 113 334 116
internal_value=-1.41751e-06 -1.20469e-05 2.2831e-06 -3.69073e-05 -0.00485858 8.93742e-06 -0.0122065 0.00419135 0.00152705 0.00823513
internal_weight=79800 79762 79676 78945 736 78209 86 731 447 284
internal_count=79800 79762 79676 78945 736 78209 86 731 447 284
is_linear=0
shrinkage=0.0966648


Tree=127
num_leaves=8
num_cat=0
split_feature=14 14 14 26 14 14 14
split_gain=1.42648 1.25492 1.25386 1.15845 2.74079 1.98117 0.730042
threshold=92.500000000000014 87.500000000000014 86.500000000000014 14.911371673909358 7.5000000000000009 20.500000000000004 89.500000000000014
decision_type=2 2 2 2 2 2 2
left_child=1 2 3 4 -1 -5 -3
right_child=-2 6 -4 5 -6 -7 -8
leaf_value=-0.00043935617125022235 0.017085070496533586 -0.018572982035921577 0.016384584550864043 -0.00095892020008625024 0.0039215437935414335 0.00018560987311672439 -0.0010952492418892174
leaf_weight=3304 38 46 36 19002 2264 55070 40
leaf_count=3304 38 46 36 19002 2264 55070 40
internal_value=-1.33116e-06 -1.11049e-05 2.03815e-06 -6.93623e-06 0.00133677 -0.00010807 -0.0111955
internal_weight=79800 79762 79676 79640 5568 74072 86
internal_count=79800 79762 79676 79640 5568 74072 86
is_linear=0
shrinkage=0.0966648


Tree=128
num_leaves=11
num_cat=0
split_feature=14 14 14 40 14 14 39 39 40 10
split_gain=1.20603 1.05568 1.09216 1.55755 2.77012 1.29796 0.768888 1.36982 1.06441 0.728908
threshold=92.500000000000014 87.500000000000014 79.500000000000014 1.9820438849131148 63.500000000000007 60.500000000000007 7.241488156249118 14.789299227618129 0.83934796925340527 0.10250000000000001
decision_type=2 2 2 2 2 2 2 2 2 2
left_child=1 2 3 5 -5 -1 8 -8 -4 -3
right_child=-2 9 6 4 -6 -7 7 -9 -10 -11
leaf_value=-7.1422747509161904e-05 0.015709708466001098 -0.00014527284128637525 0.0046807460695348999 -0.010885801664643448 -0.001189209065628784 0.001385947936698196 0.018255120373974081 0.0036701252160796592 -0.0086967084934089622 -0.017474662835605739
leaf_weight=70102 38 39 120 305 2329 6209 63 457 91 47
leaf_count=70102 38 39 120 305 2329 6209 63 457 91 47
internal_value=-1.0499e-06 -1.00367e-05 2.01787e-06 -3.25951e-05 -0.00234021 4.72821e-05 0.0037018 0.00567559 -0.00119084 -0.0102682
internal_weight=79800 79762 79676 78945 2634 76311 731 520 211 86
internal_count=79800 79762 79676 78945 2634 76311 731 520 211 86
is_linear=0
shrinkage=0.0966648


Tree=129
num_leaves=11
num_cat=0
split_feature=25 22 14 24 25 25 26 14 14 14
split_gain=1.17529 4.92905 1.84382 1.02429 4.38415 9.02285 1.0667 2.37148 1.6408 0.765832
threshold=86.250000000000014 12.500000000000002 88.500000000000014 9.5000000000000018 14.055555555555557 1.8166666666666669 14.904888066053799 8.5000000000000018 20.500000000000004 5.5000000000000009
decision_type=2 2 2 2 2 2 2 2 2 2
left_child=2 -2 3 4 5 -1 7 -5 -8 -6
right_child=1 -3 -4 6 9 -7 8 -9 -10 -11
leaf_value=0.0067910881312979688 -0.027194388851523258 0.014782074894486975 0.018099347781081018 -8.2447623987954194e-05 0.0046999802524710843 -0.012043716559240122 -0.00071342082787961879 0.0046425311215054889 0.00040054950103462713 -0.00034470918280629225
leaf_weight=332 56 38 45 2705 279 794 17574 1560 41554 14863
leaf_count=332 56 38 45 2705 279 794 17574 1560 41554 14863
internal_value=-9.00002e-07 -0.0103894 1.23448e-05 3.95087e-07 -0.000683662 -0.00648196 0.000176 0.001651 6.94064e-05 -0.000249438
internal_weight=79800 94 79706 79661 16268 1126 63393 4265 59128 15142
internal_count=79800 94 79706 79661 16268 1126 63393 4265 59128 15142
is_linear=0
shrinkage=0.0966648


Tree=130
num_leaves=18
num_cat=0
split_feature=40 14 14 14 14 40 14 40 39 14 14 40 14 14 40 14 14
split_gain=1.16292 8.25633 5.01047 3.42003 2.49137 5.32494 5.23165 4.20647 4.1721 3.84326 1.91031 1.77362 3.97815 1.4616 0.851641 1.40299 2.2262
threshold=1.5914366999226675 55.500000000000007 91.500000000000014 87.500000000000014 46.500000000000007 1.2965700724385674 40.500000000000007 0.97556770171877927 -13.538988668669022 64.500000000000014 44.500000000000007 1.6922335899724039 58.500000000000007 64.500000000000014 1.9979203345308367 3.5000000000000004 25.500000000000004
decision_type=2 2 2 2 2 2 2 2 2 2 2 2 2 2 2 2 2
left_child=3 14 11 4 5 6 -1 9 -9 -6 -7 13 -13 -3 15 -2 -17
right_child=1 2 -4 -5 7 10 -8 8 -10 -11 -12 12 -14 -15 -16 16 -18
leaf_value=-0.00014812799953342078 0.0054880899934507251 0.0054116366803195976 -0.030859934539430887 0.024336164996396899 -0.0067031960317677827 -0.0046763129630524166 0.0033111214748941607 -0.0088145379486104306 0.0025343187156575916 0.0020511427796964404 -0.00071209426204090973 -0.0048408181895804522 0.00092669199632480792 -0.0018199753916199196 -0.017863977948443976 -0.027337896567159986 -0.005420049629753892
leaf_weight=45755 101 1095 40 47 1038 3028 4478 305 9792 844 1820 1313 7257 338 46 37 2466
leaf_count=45755 101 1095 40 47 1038 3028 4478 305 9792 844 1820 1313 7257 338 46 37 2466
internal_value=-7.29487e-07 -0.000848926 0.000418608 0.000159781 0.00014007 -0.000134751 0.000160701 0.00140302 0.00218511 -0.0027848 -0.00319155 0.000567111 3.95382e-05 0.00370532 -0.00564005 -0.00537255 -0.00582614
internal_weight=79800 12693 10043 67107 67060 55081 50233 11979 10097 1882 4848 10003 8570 1433 2650 2604 2503
internal_count=79800 12693 10043 67107 67060 55081 50233 11979 10097 1882 4848 10003 8570 1433 2650 2604 2503
is_linear=0
shrinkage=0.0966648


Tree=131
num_leaves=8
num_cat=0
split_feature=14 14 14 24 25 25 14
split_gain=1.33274 1.18925 1.11224 0.93326 1.73004 1.59385 0.628487
threshold=92.500000000000014 87.500000000000014 86.500000000000014 13.500000000000002 6.3891891891891897 27.31481481481482 89.500000000000014
decision_type=2 2 2 2 2 2 2
left_child=1 2 3 4 -1 -5 -3
right_child=-2 6 -4 5 -6 -7 -8
leaf_value=0.0029839566408766246 0.016514243357695513 -0.017749155627085633 0.015431696536553258 0.00084812467162584772 -0.00060336728312205602 -0.00024400030165311353 -0.0014390693510160152
leaf_weight=1308 38 46 36 22606 27850 27876 40
leaf_count=1308 38 46 36 22606 27850 27876 40
internal_value=-1.26096e-06 -1.07081e-05 2.08639e-06 -6.36599e-06 -0.000441705 0.000245111 -0.0108986
internal_weight=79800 79762 79676 79640 29158 50482 86
internal_count=79800 79762 79676 79640 29158 50482 86
is_linear=0
shrinkage=0.0966648


Tree=132
num_leaves=8
num_cat=0
split_feature=14 14 14 25 14 26 14
split_gain=1.12678 1.0005 0.941871 0.870334 1.1449 0.611866 0.488138
threshold=92.500000000000014 87.500000000000014 86.500000000000014 79.166666666666671 77.500000000000014 37.649131789363608 80.500000000000014
decision_type=2 2 2 2 2 2 2
left_child=1 2 3 4 -1 -3 -5
right_child=-2 5 -4 6 -6 -7 -8
leaf_value=-2.5764781272352964e-05 0.015184833980548797 -0.0015876732039087117 0.014200866651659226 -0.011614049453172969 0.0035712460223630933 -0.017527935270312607 -0.0024418219172192457
leaf_weight=78573 38 45 36 79 828 41 160
leaf_count=78573 38 45 36 79 828 41 160
internal_value=-9.9358e-07 -9.68014e-06 2.05518e-06 -5.72298e-06 1.20847e-05 -0.0099962 -0.00573916
internal_weight=79800 79762 79676 79640 79401 86 239
internal_count=79800 79762 79676 79640 79401 86 239
is_linear=0
shrinkage=0.0966648


Tree=133
num_leaves=17
num_cat=0
split_feature=25 14 14 14 14 25 14 25 14 25 25 25 14 18 14 18
split_gain=1.06346 5.23779 4.65668 2.29219 1.7985 2.0524 1.47113 4.63943 4.93105 3.87928 3.66783 3.12913 2.17547 0.988484 1.38539 0.985722
threshold=62.083333333333336 91.500000000000014 62.500000000000007 87.500000000000014 71.500000000000014 71.236111111111128 56.500000000000007 50.090909090909101 50.500000000000007 48.726708074534166 40.654761904761912 53.033333333333339 53.500000000000007 44.500000000000007 44.500000000000007 53.500000000000007
decision_type=2 2 2 2 2 2 2 2 2 2 2 2 2 2 2 2
left_child=3 2 13 6 15 -6 7 8 -1 10 -8 -11 -9 14 -2 -4
right_child=1 -3 4 -5 5 -7 9 12 -10 11 -12 -13 -14 -15 -16 -17
leaf_value=5.7021487242228818e-07 -0.024985070836505575 -0.033937019090563507 -0.0015520017430841462 0.018727585614076767 0.007231220666830151 0.00019364415942061631 0.00046118572787690569 -0.0042768830518125373 0.0046924327372597106 0.0093487051458651729 -0.0072403908620261494 0.00206560662728115 -0.00029262555649342369 0.0066007585130052615 -0.0072953121537543218 0.012785570552404212
leaf_weight=58584 38 38 2688 54 593 1091 2552 3390 2163 625 739 4355 2057 38 757 38
leaf_count=58584 38 38 2688 54 593 1091 2552 3390 2163 625 739 4355 2057 38 757 38
internal_value=-8.99755e-07 -0.00132545 -0.00104012 9.30945e-05 0.000216364 0.00269328 7.76639e-05 -7.42653e-05 0.0001682 0.00129252 -0.00128096 0.00299255 -0.00277479 -0.00763367 -0.00837034 -0.00131701
internal_weight=79800 5281 5243 74519 4410 1684 74465 66194 60747 8271 3291 4980 5447 833 795 2726
internal_count=79800 5281 5243 74519 4410 1684 74465 66194 60747 8271 3291 4980 5447 833 795 2726
is_linear=0
shrinkage=0.0966648


Tree=134
num_leaves=11
num_cat=0
split_feature=14 14 39 25 14 14 25 14 14 3
split_gain=1.27244 0.997333 0.849355 5.24447 3.47984 2.35332 1.90737 5.11539 4.11069 0.58717
threshold=92.500000000000014 87.500000000000014 -9.3245123350545036 31.691576086956527 70.500000000000014 27.500000000000004 14.055555555555557 6.5000000000000009 5.5000000000000009 0.6665000000000002
decision_type=2 2 2 2 2 2 2 2 2 2
left_child=1 2 3 5 -5 -1 7 -4 -8 -3
right_child=-2 9 6 4 -6 -7 8 -9 -10 -11
leaf_value=-0.00053801543779755838 0.016136566414169693 -0.017861269747173159 -0.0014910335888558808 -0.0048429438511844707 -0.030409723194984181 0.0027847845811474928 0.003905709626275415 0.0049832194396063076 -0.00015404220864621984 -0.0021481362823820589
leaf_weight=13064 38 38 2074 1696 44 2342 2425 2518 55513 48
leaf_count=13064 38 38 2074 1696 44 2342 2425 2518 55513 48
internal_value=-9.74255e-07 -1.02052e-05 1.51156e-06 -0.000601049 -0.00561941 -3.17592e-05 0.000166789 0.00206147 1.6371e-05 -0.0099809
internal_weight=79800 79762 79676 17146 1740 15406 62530 4592 57938 86
internal_count=79800 79762 79676 17146 1740 15406 62530 4592 57938 86
is_linear=0
shrinkage=0.0966648


Tree=135
num_leaves=17
num_cat=0
split_feature=14 14 25 14 14 14 25 25 25 14 14 14 14 25 25 14
split_gain=1.07586 0.982193 3.4191 9.43282 4.22362 3.83077 2.66939 1.4404 1.43087 20.451 22.9271 20.0117 6.43113 5.27959 4.03853 0.738248
threshold=92.500000000000014 16.500000000000004 17.916666666666668 22.500000000000004 18.500000000000004 29.500000000000004 22.550000000000004 11.178118393234675 14.055555555555557 5.5000000000000009 1.5000000000000002 8.5000000000000018 6.5000000000000009 6.3891891891891897 6.3891891891891897 17.500000000000004
decision_type=2 2 2 2 2 2 2 2 2 2 2 2 2 2 2 2
left_child=1 8 3 7 15 -5 -6 -3 12 10 -10 -11 14 -14 -1 -4
right_child=-2 2 4 5 6 -7 -8 -9 9 11 -12 -13 13 -15 -16 -17
leaf_value=5.6735487768703566e-05 0.01483755759460054 0.023106968378310107 -0.0088836163570723079 -0.0097999881306673319 0.002388996595013558 0.0017709566591592072 -3.5628225358556094e-05 0.0098575591771380023 -0.00068804060220740428 -0.037927415659493875 0.019939189053222738 -0.0062554892778130082 0.029633260994074127 0.0036458771542164461 -0.0042229079829353483 -0.0038203668219940565
leaf_weight=8003 38 83 403 360 4611 974 52148 862 3444 198 582 2062 68 2344 2767 853
leaf_count=8003 38 83 403 360 4611 974 52148 862 3444 198 582 2062 68 2344 2767 853
internal_value=-1.15396e-06 -9.64195e-06 0.000183115 0.00384945 3.86035e-05 -0.00138961 0.000161639 0.011197 -0.000606465 -0.00180558 0.00232592 -0.00914857 -3.39356e-05 0.00446966 -0.00104499 -0.00548879
internal_weight=79800 79762 60294 2279 58015 1334 56759 945 19468 6286 4026 2260 13182 2412 10770 1256
internal_count=79800 79762 60294 2279 58015 1334 56759 945 19468 6286 4026 2260 13182 2412 10770 1256
is_linear=0
shrinkage=0.0966648


Tree=136
num_leaves=16
num_cat=0
split_feature=25 14 14 14 14 25 14 14 25 14 39 14 25 14 25
split_gain=0.942112 4.65186 3.69745 2.60893 0.98794 2.96502 7.68934 3.26838 1.63319 7.41417 6.35818 0.938575 0.786186 0.606884 0.227206
threshold=72.088235294117666 88.500000000000014 91.500000000000014 75.500000000000014 32.500000000000007 27.31481481481482 4.5000000000000009 26.500000000000004 40.654761904761912 43.500000000000007 7.4750656639141377 86.500000000000014 79.166666666666671 66.500000000000014 76.187500000000014
decision_type=2 2 2 2 2 2 2 2 2 2 2 2 2 2 2
left_child=1 4 3 13 5 7 -7 -1 10 -10 -6 12 -5 -2 -15
right_child=2 -3 -4 11 8 6 -8 -9 9 -11 -12 -13 -14 14 -16
leaf_value=-0.00013944040353467272 -0.017675581243628734 0.0315940497853444 -0.030048575603279958 0.0036652357003627511 0.00051812538058165682 0.00356968696406123 -0.0034752732411525511 0.0040533257739705465 -0.0036799876059202437 0.00063189533414524646 0.0074405666279762101 0.013426240882138573 -0.0034195156096532772 -0.0049901720655740629 -0.012548131951990314
leaf_weight=27670 43 36 37 377 12656 1848 6589 1846 4470 22196 1367 55 229 341 40
leaf_count=27670 43 36 37 377 12656 1848 6589 1846 4470 22196 1367 55 229 341 40
internal_value=-7.31852e-07 3.90604e-05 -0.0027725 -0.001639 2.15517e-05 -0.000333163 -0.00193035 0.000123765 0.000352415 -9.1748e-05 0.00119662 0.00215588 0.000978765 -0.00748861 -0.00601444
internal_weight=79800 78678 1122 1085 78642 37953 8437 29516 40689 26666 14023 661 606 424 381
internal_count=79800 78678 1122 1085 78642 37953 8437 29516 40689 26666 14023 661 606 424 381
is_linear=0
shrinkage=0.0966648


Tree=137
num_leaves=11
num_cat=0
split_feature=14 14 14 25 14 14 24 25 25 10
split_gain=1.1407 1.09182 0.922901 4.39535 7.35712 6.78084 2.3689 6.72704 1.55289 0.534508
threshold=92.500000000000014 87.500000000000014 14.500000000000002 17.916666666666668 22.500000000000004 17.500000000000004 39.500000000000007 6.3891891891891897 14.055555555555557 0.10250000000000001
decision_type=2 2 2 2 2 2 2 2 2 2
left_child=1 2 6 4 -4 -5 8 -8 -1 -3
right_child=-2 9 3 5 -6 -7 7 -9 -10 -11
leaf_value=0.0002835707911819834 0.015278540419996619 -0.0014889036332387012 0.0080939662056963776 -0.0090271375256315463 -0.001570521942279431 0.00011845126758839986 0.0028638322382007015 -0.01182739378938925 -0.0017225512269302332 -0.016625277702189308
leaf_weight=12129 38 39 1650 760 1320 57540 553 602 5122 47
leaf_count=12129 38 39 1650 760 1320 57540 553 602 5122 47
internal_value=-7.63487e-07 -9.50354e-06 2.75558e-06 0.000183082 0.00380562 -1.9365e-06 -0.000597342 -0.00482078 -0.000312566 -0.0104418
internal_weight=79800 79762 79676 61270 2970 58300 18406 1155 17251 86
internal_count=79800 79762 79676 61270 2970 58300 18406 1155 17251 86
is_linear=0
shrinkage=0.0966648


Tree=138
num_leaves=11
num_cat=0
split_feature=14 14 12 25 25 15 25 14 14 3
split_gain=0.964453 0.91807 0.851085 2.81272 11.4362 0.856219 3.95097 0.882084 0.653358 0.505589
threshold=92.500000000000014 87.500000000000014 201.87900000000005 31.691576086956527 27.31481481481482 1.0000000180025095e-35 25.961538461538463 79.500000000000014 34.500000000000007 0.6665000000000002
decision_type=2 2 2 2 2 2 2 2 2 2
left_child=1 2 5 4 -4 7 -7 -1 -5 -3
right_child=-2 9 3 8 -6 6 -8 -9 -10 -11
leaf_value=1.788806856729958e-06 0.014048604787603378 -0.016895238161420342 -0.0054438409293745063 -0.013808341310691334 0.047591839988288788 -0.01300140403086316 -0.00027880818712860029 0.0034996346314561037 -0.00021152546599140389 -0.0022576093498514289
leaf_weight=76787 38 38 101 39 52 257 1654 672 114 48
leaf_count=76787 38 38 101 39 52 257 1654 672 114 48
internal_value=-8.34069e-07 -8.87061e-06 2.37085e-06 0.00502799 0.0139858 -1.74862e-05 -0.0020347 3.24763e-05 -0.00416866 -0.00957516
internal_weight=79800 79762 79676 306 153 79370 1911 77459 153 86
internal_count=79800 79762 79676 306 153 79370 1911 77459 153 86
is_linear=0
shrinkage=0.0966648


Tree=139
num_leaves=17
num_cat=0
split_feature=25 14 14 14 14 25 14 25 39 14 25 25 39 18 18 14
split_gain=0.931401 4.92939 3.82991 1.97179 1.45147 1.626 1.15319 3.19453 6.20869 5.93898 2.53053 3.74852 3.11685 0.832511 0.830207 1.18168
threshold=62.083333333333336 91.500000000000014 62.500000000000007 87.500000000000014 71.500000000000014 71.236111111111128 39.500000000000007 33.24038461538462 -15.173702717058305 33.500000000000007 32.510000000000012 43.207142857142863 -2.2430838396276207 53.500000000000007 44.500000000000007 43.500000000000007
decision_type=2 2 2 2 2 2 2 2 2 2 2 2 2 2 2 2
left_child=3 2 14 6 13 -6 7 9 -9 -1 12 -12 -8 -4 15 -2
right_child=1 -3 4 -5 5 -7 10 8 -10 -11 11 -13 -14 -15 -16 -17
leaf_value=-4.1447746457067522e-05 -0.023325266338586486 -0.032876914987837506 -0.0014174165382104475 0.017370506100472131 0.0064403646598566091 0.00017631715541631073 -0.00046069185565258047 -0.033141900502170377 -0.0015847051228025104 0.0067652264548388958 0.0025546331029411423 5.8029005270377799e-05 -0.0084167170459911768 0.011758742524559291 0.0060970988463621657 -0.0066487405301730055
leaf_weight=34680 36 38 2688 54 593 1091 1919 51 9752 1233 8145 18087 598 38 38 759
leaf_count=34680 36 38 2688 54 593 1091 1919 51 9752 1233 8145 18087 598 38 38 759
internal_value=-6.31033e-07 -0.00124022 -0.000963483 8.7334e-05 0.000176046 0.00240123 7.30223e-05 -0.000228631 -0.00177453 0.000193633 0.000552637 0.000833739 -0.00237064 -0.00120143 -0.00694312 -0.00761847
internal_weight=79800 5281 5243 74519 4410 1684 74465 45716 9803 35913 28749 26232 2517 2726 833 795
internal_count=79800 5281 5243 74519 4410 1684 74465 45716 9803 35913 28749 26232 2517 2726 833 795
is_linear=0
shrinkage=0.0966648


Tree=140
num_leaves=11
num_cat=0
split_feature=14 14 24 25 25 14 25 14 14 14
split_gain=1.10424 0.910165 0.776852 2.12581 5.6897 3.10721 1.21643 5.4298 3.34564 0.526116
threshold=92.500000000000014 87.500000000000014 13.500000000000002 18.016129032258068 6.3891891891891897 5.5000000000000009 27.31481481481482 21.500000000000004 29.500000000000004 89.500000000000014
decision_type=2 2 2 2 2 2 2 2 2 2
left_child=1 2 3 4 -1 -5 7 -4 -8 -3
right_child=-2 9 6 5 -6 -7 8 -9 -10 -11
leaf_value=0.0027073226748660353 0.015032066381288471 -0.015797856191458532 -9.6924693105987137e-05 0.0063340813775585062 -0.0050864915236047501 -0.00024948214813731267 -0.0026509609996944101 0.0033824444261763061 0.0002601771141213222 -0.00095516623274754717
leaf_weight=1308 38 46 17061 681 2614 24572 4367 5548 23525 40
leaf_count=1308 38 46 17061 681 2614 24572 4367 5548 23525 40
internal_value=-1.09398e-06 -9.69321e-06 1.49984e-06 -0.000395557 -0.00248702 -7.00829e-05 0.000230909 0.000757727 -0.000196215 -0.00953471
internal_weight=79800 79762 79676 29175 3922 25253 50501 22609 27892 86
internal_count=79800 79762 79676 29175 3922 25253 50501 22609 27892 86
is_linear=0
shrinkage=0.0966648


Tree=141
num_leaves=11
num_cat=0
split_feature=14 14 39 25 26 14 25 24 14 26
split_gain=0.933606 0.765646 0.737759 3.1935 2.85957 1.79868 1.73541 5.34882 3.38245 0.457594
threshold=92.500000000000014 87.500000000000014 -7.0325360258019414 31.691576086956527 49.180509084086438 28.500000000000004 14.055555555555557 39.500000000000007 5.5000000000000009 37.649131789363608
decision_type=2 2 2 2 2 2 2 2 2 2
left_child=1 2 3 5 -5 -1 7 -4 -8 -3
right_child=-2 9 6 4 -6 -7 8 -9 -10 -11
leaf_value=-0.00039246282619507763 0.013821974144240972 -0.0014573370660215313 0.0033219745674616498 -0.0015915586309326075 -0.0082895856773547716 0.0023766048948921314 0.0037576117130900121 -0.0073325543632944941 -0.00012461230220822466 -0.015260009340505089
leaf_weight=15394 38 45 3719 2242 806 2548 2177 492 52298 41
leaf_count=15394 38 45 3719 2242 806 2548 2177 492 52298 41
internal_value=-9.61623e-07 -8.86858e-06 1.39743e-06 -0.000490337 -0.00337903 1.62431e-06 0.000177315 0.00206612 3.10386e-05 -0.00874501
internal_weight=79800 79762 79676 20990 3048 17942 58686 4211 54475 86
internal_count=79800 79762 79676 20990 3048 17942 58686 4211 54475 86
is_linear=0
shrinkage=0.0966648


Tree=142
num_leaves=17
num_cat=0
split_feature=40 14 14 14 14 14 40 14 14 40 39 14 40 40 14 14
split_gain=0.833922 4.63304 2.41915 1.75193 1.18865 0.901048 2.50411 6.37098 5.16129 1.7376 11.8486 4.91266 0.895529 0.707349 0.454304 0.254234
threshold=1.9820438849131148 91.500000000000014 68.500000000000014 87.500000000000014 85.500000000000014 27.500000000000004 0.67668568667359186 5.5000000000000009 21.500000000000004 1.0001372257006811 7.4750656639141377 35.500000000000007 2.3756518933477913 2.1376699229790916 64.500000000000014 66.500000000000014
decision_type=2 2 2 2 2 2 2 2 2 2 2 2 2 2 2 2
left_child=3 2 13 5 12 6 8 -8 -1 10 -7 -11 -4 15 -15 -2
right_child=1 -3 4 -5 -6 9 7 -9 -10 11 -12 -13 -14 14 -16 -17
leaf_value=-0.00018433966763029715 -0.00548290348137639 -0.032134169613514028 0.0010893404302990853 0.015970151140802181 0.012318934253314144 0.00064024967274260551 0.0027549611352345451 -0.0027987187447778912 0.0051482239967330186 -0.0043516165290606182 0.014929186479582475 0.00031419529615181956 -0.0052942058022237472 -0.020015562136359466 -0.0066212225368222546 -0.0021522274030681856
leaf_weight=20535 477 38 1745 57 73 9932 2496 8429 1841 2257 566 30602 225 37 78 412
leaf_count=20535 477 38 1745 57 73 9932 2496 8429 1841 2257 566 30602 225 37 78 412
internal_value=-9.719e-07 -0.00155725 -0.0010966 6.17604e-05 0.000814821 4.83432e-05 -0.000329765 -0.00152885 0.000256006 0.000338762 0.00142092 -7.22313e-06 0.000342642 -0.00496287 -0.011908 -0.00397078
internal_weight=79800 3085 3047 76715 2043 76658 33301 10925 22376 43357 10498 32859 1970 1004 115 889
internal_count=79800 3085 3047 76715 2043 76658 33301 10925 22376 43357 10498 32859 1970 1004 115 889
is_linear=0
shrinkage=0.0966648


Tree=143
num_leaves=11
num_cat=0
split_feature=14 14 14 25 14 14 15 24 14 26
split_gain=1.06848 0.827488 0.818372 3.42043 6.7364 5.22453 2.20436 1.49608 0.464383 0.217983
threshold=92.500000000000014 87.500000000000014 14.500000000000002 17.916666666666668 22.500000000000004 18.500000000000004 1.0000000180025095e-35 39.500000000000007 89.500000000000014 21.047557606089047
decision_type=2 2 2 2 2 2 2 2 2 2
left_child=1 2 6 4 -4 -5 7 -1 -3 -8
right_child=-2 8 3 5 -6 -7 9 -9 -10 -11
leaf_value=-0.00025275432298490689 0.014786589646761085 -0.014977214927561348 0.0074702174383114144 -0.0054039637593067315 -0.0017765204924756473 0.0001623812030984668 -0.0085428326717870619 -0.0038462508269188887 -0.0010082846963227756 -0.019209421021060803
leaf_weight=17150 38 46 1650 1613 1320 56687 64 1148 40 44
leaf_count=17150 38 46 1650 1613 1320 56687 64 1148 40 44
internal_value=-1.11704e-06 -9.57585e-06 1.09674e-06 0.000170904 0.00336653 7.6888e-06 -0.000563996 -0.000479716 -0.00909168 -0.0138693
internal_weight=79800 79762 79676 61270 2970 58300 18406 18298 86 108
internal_count=79800 79762 79676 61270 2970 58300 18406 18298 86 108
is_linear=0
shrinkage=0.0966648


Tree=144
num_leaves=11
num_cat=0
split_feature=14 12 25 25 14 15 25 14 14 10
split_gain=0.903412 0.71899 2.35444 9.52919 0.693016 0.684765 3.06318 0.668757 0.529474 0.433924
threshold=92.500000000000014 201.87900000000005 31.691576086956527 27.31481481481482 87.500000000000014 1.0000000180025095e-35 25.961538461538463 79.500000000000014 33.500000000000007 0.10250000000000001
decision_type=2 2 2 2 2 2 2 2 2 2
left_child=1 4 3 -3 5 7 -7 -1 -4 -6
right_child=-2 2 8 -5 9 6 -8 -9 -10 -11
leaf_value=4.4875687759030658e-07 0.013596256520497478 -0.0049326889677048158 -0.012615519167557291 0.04348152873919333 -0.00045871032939396304 -0.011477804368058248 -0.00027526525862755889 0.0030460967105139093 -0.00028912993351000904 -0.013900185899895884
leaf_weight=76787 38 101 38 52 39 257 1654 672 115 47
leaf_count=76787 38 101 38 52 39 257 1654 672 115 47
internal_value=-1.31032e-06 -9.08833e-06 0.0046101 0.0128056 -2.73187e-05 -1.75122e-05 -0.00182149 2.71689e-05 -0.00380442 -0.00833876
internal_weight=79800 79762 306 153 79456 79370 1911 77459 153 86
internal_count=79800 79762 306 153 79456 79370 1911 77459 153 86
is_linear=0
shrinkage=0.0966648


Tree=145
num_leaves=18
num_cat=0
split_feature=25 14 14 14 14 25 25 14 25 25 14 25 14 14 25 14 14
split_gain=0.83732 5.86659 4.10537 2.63693 2.50511 7.07804 9.41697 3.80044 3.88783 2.62619 1.96796 1.40422 2.85911 2.17805 0.46436 0.937734 1.71682
threshold=53.033333333333339 55.500000000000007 91.500000000000014 87.500000000000014 69.500000000000014 45.589473684210539 40.654761904761912 50.500000000000007 46.045454545454554 32.267857142857146 74.500000000000014 59.775000000000006 63.500000000000007 75.500000000000014 66.579069767441879 3.5000000000000004 25.500000000000004
decision_type=2 2 2 2 2 2 2 2 2 2 2 2 2 2 2 2 2
left_child=3 14 11 4 7 6 -6 8 -1 -9 -7 13 -13 -3 15 -2 -17
right_child=1 2 -4 -5 5 10 -8 9 -10 -11 -12 12 -14 -15 -16 16 -18
leaf_value=0.00017653079341152647 0.0043258856974428906 0.0024814280633423027 -0.027965054039579725 0.0213639694477884 -0.0039651878050694315 0.0051784772210088786 -0.034186845374396625 -0.002104221308024538 -0.0028143444887370065 0.0032636012840687816 0.027608639535986381 -0.0032395358573378604 0.0010557326407618815 -0.012033966637689849 -0.013824737313648859 -0.02381328575253517 -0.0045740375308422603
leaf_weight=55038 101 3336 40 47 950 91 100 1004 4377 5441 59 2141 4434 92 46 37 2466
leaf_count=55038 101 3336 40 47 950 91 100 1004 4377 5441 59 2141 4434 92 46 37 2466
internal_value=-1.03417e-06 -0.00072076 0.000347706 0.000135165 0.000117858 -0.00424501 -0.00706931 0.000197834 -4.41349e-05 0.0024259 0.0149104 0.000482152 -0.000345058 0.00206601 -0.00475942 -0.00455935 -0.00492994
internal_weight=79800 12693 10043 67107 67060 1200 1050 65860 59415 6445 150 10003 6575 3428 2650 2604 2503
internal_count=79800 12693 10043 67107 67060 1200 1050 65860 59415 6445 150 10003 6575 3428 2650 2604 2503
is_linear=0
shrinkage=0.0966648


Tree=146
num_leaves=11
num_cat=0
split_feature=14 14 14 25 14 14 15 24 3 3
split_gain=0.989677 0.696642 0.72295 2.52124 5.79076 3.38252 1.58313 1.29177 0.453598 0.192159
threshold=92.500000000000014 87.500000000000014 15.500000000000002 17.916666666666668 21.500000000000004 17.500000000000004 1.0000000180025095e-35 39.500000000000007 0.6665000000000002 0.7835000000000002
decision_type=2 2 2 2 2 2 2 2 2 2
left_child=1 2 6 4 -4 -5 7 -1 -3 -8
right_child=-2 8 3 5 -6 -7 9 -9 -10 -11
leaf_value=-0.00024158543449203333 0.014230453149217845 -0.015260208567252517 0.0076916148541710614 -0.0068758018328719007 -0.0012747172936613364 0.00010683400279914801 -0.015014342706781723 -0.0035271086291063227 -0.0015246208952417236 -0.0058073212394761037
leaf_weight=17502 38 38 1293 648 1391 57540 63 1187 48 52
leaf_count=17502 38 38 1293 648 1391 57540 63 1187 48 52
internal_value=-1.51706e-06 -9.65794e-06 1.34656e-07 0.000161978 0.00305432 2.81819e-05 -0.000523635 -0.000451614 -0.00834283 -0.0114715
internal_weight=79800 79762 79676 60872 2684 58188 18804 18689 86 115
internal_count=79800 79762 79676 60872 2684 58188 18804 18689 86 115
is_linear=0
shrinkage=0.0966648


Tree=147
num_leaves=17
num_cat=0
split_feature=14 24 25 25 14 14 25 14 24 25 24 25 14 25 25 14
split_gain=0.83678 0.680825 4.01378 6.98187 7.57739 1.59582 1.01253 9.81554 14.5996 2.76054 2.90634 2.57377 2.25887 0.596842 0.679583 0.600107
threshold=92.500000000000014 9.5000000000000018 14.055555555555557 1.8166666666666669 4.5000000000000009 1.0000000180025095e-35 14.055555555555557 8.5000000000000018 39.500000000000007 16.708333333333339 13.500000000000002 8.0060975609756113 1.0000000180025095e-35 17.916666666666668 33.24038461538462 23.500000000000004
decision_type=2 2 2 2 2 2 2 2 2 2 2 2 2 2 2 2
left_child=1 2 3 5 -5 -1 7 11 -9 10 -8 -3 -11 15 -15 -4
right_child=-2 6 13 4 -6 -7 9 8 -10 12 -12 -13 -14 14 -16 -17
leaf_value=0.0020762254651346657 0.01308489166653838 0.00046807439719319681 0.0048170820667355879 -0.030242001927202649 -0.0063189481982538053 0.018314186702604648 -0.010932929656388082 0.0093038662021206406 -0.014399401610715647 -0.0028607254410491297 -0.0017432266386668005 -0.0030927496662467593 0.00023408605760226971 -0.0013249542535524938 0.00014520676559424947 -0.0036653029573163547
leaf_weight=267 38 8293 389 147 653 65 391 2073 268 2307 1686 2451 45994 4051 10636 91
leaf_count=267 38 8293 389 147 653 65 391 2073 268 2307 1686 2451 45994 4051 10636 91
internal_value=-1.62453e-06 -9.11018e-06 -0.000566232 -0.00609887 -0.010959 0.00559537 0.000134025 0.00089137 0.00655233 -6.27909e-05 -0.00350689 -0.000345865 8.58401e-05 -0.000150441 -0.000260774 0.00317677
internal_weight=79800 79762 16299 1132 800 332 63463 13085 2341 50378 2077 10744 48301 15167 14687 480
internal_count=79800 79762 16299 1132 800 332 63463 13085 2341 50378 2077 10744 48301 15167 14687 480
is_linear=0
shrinkage=0.0966648


Tree=148
num_leaves=16
num_cat=0
split_feature=25 14 14 14 14 14 25 26 25 25 25 14 25 15 14
split_gain=0.859612 3.52948 3.09039 2.10471 1.08507 1.51137 0.92952 0.636789 2.69493 4.3138 1.42273 0.907896 1.77948 1.15006 0.512512
threshold=72.088235294117666 88.500000000000014 91.500000000000014 77.500000000000014 78.500000000000014 79.500000000000014 77.437500000000014 43.219479548524028 42.018518518518526 33.24038461538462 45.346666666666671 22.500000000000004 42.520270270270281 1.0000000180025095e-35 72.500000000000014
decision_type=2 2 2 2 2 2 2 2 2 2 2 2 2 2 2
left_child=1 7 3 6 -5 -6 14 11 9 -9 -10 13 -13 -1 -2
right_child=2 -3 -4 4 5 -7 -8 8 10 -11 -12 12 -14 -15 -16
leaf_value=-0.00022883395380312297 -0.0091952794402241998 0.027522196294571494 -0.027587129305101727 0.013356272059857888 -0.011872667220996214 0.0036093525056480956 -0.018329658446391089 0.00054004667179239805 0.0032032568215287715 -0.0054466356758438783 -0.00013485523165172994 0.00096039260160282161 -0.00040705084322784687 -0.0072222777625881402 -0.0024651072653884719
leaf_weight=25701 138 36 37 73 63 349 41 2196 1373 2295 8777 23951 14135 214 421
leaf_count=25701 138 36 37 73 63 349 41 2196 1373 2295 8777 23951 14135 214 421
internal_value=-1.70904e-06 3.63011e-05 -0.00264933 -0.00161221 0.00309675 0.00106912 -0.00540971 2.105e-05 -0.000553886 -0.00252333 0.000318761 0.000152624 0.000452908 -0.000288693 -0.00422803
internal_weight=79800 78678 1122 1085 485 412 600 78642 14641 4491 10150 64001 38086 25915 559
internal_count=79800 78678 1122 1085 485 412 600 78642 14641 4491 10150 64001 38086 25915 559
is_linear=0
shrinkage=0.0966648


Tree=149
num_leaves=11
num_cat=0
split_feature=14 14 12 25 25 26 39 14 14 3
split_gain=0.897594 0.720069 0.609239 1.97443 8.01776 0.590446 1.43903 0.667571 0.448874 0.392987
threshold=92.500000000000014 87.500000000000014 201.87900000000005 31.691576086956527 27.31481481481482 6.8064491605955029 17.492926475370879 16.500000000000004 34.500000000000007 0.6665000000000002
decision_type=2 2 2 2 2 2 2 2 2 2
left_child=1 2 5 4 -4 6 -1 -7 -5 -3
right_child=-2 9 3 8 -6 7 -8 -9 -10 -11
leaf_value=0.0013758543462081007 0.013551857023242813 -0.014936435988880078 -0.0045144568045516727 -0.011444365930976726 0.039895110965649461 -0.0005690238034561511 0.01922096567381746 0.00010259360100445074 -0.00017443293040327555 -0.00202398353219703
leaf_weight=1394 38 38 101 39 52 17965 36 59975 114 48
leaf_count=1394 38 38 101 39 52 17965 36 59975 114 48
internal_value=-1.85527e-06 -9.60814e-06 3.47727e-07 0.00425238 0.0117571 -1.64526e-05 0.00192473 -5.22533e-05 -0.00345433 -0.00848174
internal_weight=79800 79762 79676 306 153 79370 1430 77940 153 86
internal_count=79800 79762 79676 306 153 79370 1430 77940 153 86
is_linear=0
shrinkage=0.0966648


Tree=150
num_leaves=17
num_cat=0
split_feature=14 24 25 14 25 39 14 14 39 25 25 14 15 25 25 25
split_gain=0.758847 0.612043 1.29119 3.82631 3.00943 2.73103 2.33347 1.30392 1.26524 1.83943 6.27124 2.08107 1.14741 0.46533 1.90765 0.88621
threshold=92.500000000000014 14.500000000000002 27.31481481481482 25.500000000000004 22.679487179487186 -13.981928662672079 4.5000000000000009 27.500000000000004 -7.0325360258019414 6.3891891891891897 15.031250000000002 3.5000000000000004 1.0000000180025095e-35 27.31481481481482 22.550000000000004 40.654761904761912
decision_type=2 2 2 2 2 2 2 2 2 2 2 2 2 2 2 2
left_child=1 8 3 12 -5 7 -7 -4 9 11 -11 -1 -3 14 -10 -15
right_child=-2 2 5 4 -6 6 -8 -9 13 10 -12 -13 -14 15 -16 -17
leaf_value=0.00043283767228236968 0.012460920775474962 0.0003557695325161201 -0.013813638370862575 0.00058488791941127322 0.0071813975718220333 0.0040262695933766315 -0.0002939810249279253 -0.0037953899469278501 0.00058810408542295744 -0.0096721276555406382 -0.00083293806490809753 0.013112700096018092 -0.0080331988122626131 0.0011529527747748565 -0.0030156268595304624 -0.000233742690085592
leaf_weight=1196 38 18391 161 1170 1440 1220 24129 469 3602 891 4546 127 146 6247 2208 13819
leaf_count=1196 38 18391 161 1170 1440 1220 24129 469 3602 891 4546 127 146 6247 2208 13819
internal_value=-1.30179e-06 -8.43036e-06 0.00021439 0.00077507 0.00423467 -0.000242099 -8.49064e-05 -0.00649027 -0.000330155 -0.00150691 -0.002293 0.00171824 0.000286419 -2.23792e-05 -0.000783597 0.000198241
internal_weight=79800 79762 47126 21147 2610 25979 25349 630 32636 6760 5437 1323 18537 25876 5810 20066
internal_count=79800 79762 47126 21147 2610 25979 25349 630 32636 6760 5437 1323 18537 25876 5810 20066
is_linear=0
shrinkage=0.0966648


Tree=151
num_leaves=11
num_cat=0
split_feature=25 27 14 12 25 25 14 25 25 14
split_gain=0.760331 4.60777 0.695873 0.523514 1.69366 6.84533 0.534436 3.1442 2.62855 0.388845
threshold=86.250000000000014 -3.7271594999999995 88.500000000000014 201.87900000000005 31.691576086956527 27.31481481481482 40.500000000000007 40.654761904761912 32.510000000000012 33.500000000000007
decision_type=2 2 2 2 2 2 2 2 2 2
left_child=2 -2 3 6 5 -5 7 -1 -8 -6
right_child=1 -3 -4 4 9 -7 8 -9 -10 -11
leaf_value=-3.2492460665948198e-05 -0.027376036245676322 0.012560552102078727 0.011120978187299142 -0.0041425126573134945 -0.010744892395487123 0.036893363322150353 -0.0027799091042415331 -0.0035252182213216347 0.00053444857400119789 -0.00018595509288486974
leaf_weight=44352 48 46 45 101 38 52 2408 2539 30056 115
leaf_count=44352 48 46 45 101 38 52 2408 2539 30056 115
internal_value=-1.17406e-06 -0.00835686 9.47905e-06 2.13774e-06 0.00394369 0.0108943 -1.34389e-05 -0.000222155 0.000288012 -0.00319426
internal_weight=79800 94 79706 79661 306 153 79355 46891 32464 153
internal_count=79800 94 79706 79661 306 153 79355 46891 32464 153
is_linear=0
shrinkage=0.0966648


Tree=152
num_leaves=16
num_cat=0
split_feature=25 14 14 25 14 14 25 25 14 25 14 25 18 25 14
split_gain=0.751208 4.12293 1.94343 1.33308 1.29264 1.26801 0.812157 0.768856 0.880764 0.76808 0.997992 0.997427 0.745515 0.613936 0.258099
threshold=66.050000000000011 91.500000000000014 72.500000000000014 72.088235294117666 86.500000000000014 87.500000000000014 72.088235294117666 65.053191489361708 63.500000000000007 62.083333333333336 66.500000000000014 61.95454545454546 49.500000000000007 70.100000000000009 66.500000000000014
decision_type=2 2 2 2 2 2 2 2 2 2 2 2 2 2 2
left_child=5 2 6 13 -5 7 12 9 -9 11 -11 -1 -2 -4 -10
right_child=1 -3 3 4 -6 -7 -8 8 14 10 -12 -13 -14 -15 -16
leaf_value=4.0672737845335394e-05 -0.0027989247868125686 -0.030322639379020529 0.0035101392294373005 -0.0010114001698213919 0.013355853095544788 0.01359268946768582 -0.0098258073714536636 -0.002081717035391686 0.0031618738722469109 -0.0033188823131173779 0.0027343825151540059 0.0055034948163046951 0.0097738982952321023 0.01203299605245192 0.0079782055255856171
leaf_weight=74159 1585 38 210 883 55 57 147 189 217 1248 313 306 38 129 226
leaf_count=74159 1585 38 210 883 55 57 147 189 217 1248 313 306 38 129 226
internal_value=-9.46685e-07 -0.00147802 -0.00104345 0.0018244 -6.80017e-05 5.85933e-05 -0.00311146 4.7178e-05 0.00338457 1.90976e-05 -0.00209773 6.36827e-05 -0.00246019 0.00694683 0.00571245
internal_weight=79800 3085 3047 1277 938 76715 1770 76658 632 76026 1561 74465 1623 339 443
internal_count=79800 3085 3047 1277 938 76715 1770 76658 632 76026 1561 74465 1623 339 443
is_linear=0
shrinkage=0.0966648


Tree=153
num_leaves=11
num_cat=0
split_feature=14 14 24 25 25 25 14 25 25 14
split_gain=0.908399 0.807244 0.533824 3.21154 5.5717 0.908081 8.20162 2.13863 0.528595 0.38931
threshold=92.500000000000014 87.500000000000014 9.5000000000000018 14.055555555555557 1.8166666666666669 14.055555555555557 4.5000000000000009 16.708333333333339 17.916666666666668 89.500000000000014
decision_type=2 2 2 2 2 2 2 2 2 2
left_child=1 2 3 4 -1 6 -4 -7 -5 -3
right_child=-2 9 5 8 -6 7 -8 -9 -10 -11
leaf_value=0.0049642206952242975 0.013634402513636876 -0.01437625717643899 -0.00057111460743915329 0.0030102483624801059 -0.0098517502809619129 -0.0030890356863554512 0.0049763508975541057 7.3286368637555637e-05 -0.00022483660174657337 -0.0014629992065766208
leaf_weight=332 38 46 9744 480 790 2077 3337 48244 14672 40
leaf_count=332 38 46 9744 480 790 2077 3337 48244 14672 40
internal_value=-6.48854e-07 -8.44837e-06 2.09278e-06 -0.000491639 -0.00546378 0.000128868 0.000846136 -5.7687e-05 -0.000120889 -0.00897877
internal_weight=79800 79762 79676 16274 1122 63402 13081 50321 15152 86
internal_count=79800 79762 79676 16274 1122 63402 13081 50321 15152 86
is_linear=0
shrinkage=0.0966648


Tree=154
num_leaves=8
num_cat=0
split_feature=14 14 14 25 14 14 14
split_gain=0.768034 0.67914 0.5246 0.681763 0.526156 0.331233 0.327251
threshold=92.500000000000014 87.500000000000014 86.500000000000014 79.166666666666671 76.500000000000014 80.500000000000014 89.500000000000014
decision_type=2 2 2 2 2 2 2
left_child=1 2 3 4 -1 -5 -3
right_child=-2 6 -4 5 -6 -7 -8
leaf_value=-1.7137028732459919e-05 0.012536822243283837 -0.013184292914925174 0.010598579396358528 -0.0099266927742286994 0.0021483721687391905 -0.0023416301106687324 -0.0013442337644124763
leaf_weight=78346 38 46 36 79 1055 160 40
leaf_count=78346 38 46 36 79 1055 160 40
internal_value=-6.13088e-07 -7.78474e-06 1.88389e-06 -3.92105e-06 1.18397e-05 -0.00507837 -0.00823561
internal_weight=79800 79762 79676 79640 79401 239 86
internal_count=79800 79762 79676 79640 79401 239 86
is_linear=0
shrinkage=0.0966648


Tree=155
num_leaves=21
num_cat=0
split_feature=25 14 14 14 14 25 25 14 25 25 14 25 14 14 25 25 14 14 25 14
split_gain=0.679508 4.76195 3.62223 1.97908 2.0899 5.85283 7.93171 3.08797 3.19531 2.05977 1.63107 1.1173 3.33243 1.18 0.383102 0.6253 0.486901 0.794863 0.326139 0.21489
threshold=53.033333333333339 55.500000000000007 91.500000000000014 87.500000000000014 69.500000000000014 45.589473684210539 39.604347826086965 50.500000000000007 47.675438596491233 32.267857142857146 74.500000000000014 56.392307692307703 58.500000000000007 64.500000000000014 56.392307692307703 57.071428571428577 46.500000000000007 53.500000000000007 66.579069767441879 28.500000000000004
decision_type=2 2 2 2 2 2 2 2 2 2 2 2 2 2 2 2 2 2 2 2
left_child=3 14 11 4 7 6 -6 8 -1 -9 -7 13 -13 -3 16 -16 19 -18 -17 -2
right_child=1 2 -4 -5 5 10 -8 9 -10 -11 -12 12 -14 -15 15 18 17 -19 -20 -21
leaf_value=0.00011946292277053952 -0.0037961505028838412 0.0044647162049101172 -0.026280886872186018 0.018513264376949383 -0.003220541167583493 0.0046845399170033471 -0.028376474913197756 -0.0018235775410674227 -0.0032299555639716971 0.00293043374045616 0.025100755283800465 -0.004445465954828782 0.00083325428136694912 -0.0020274859132670435 -0.011774731375783528 -0.0041511337968392313 -0.0068543567383487995 -0.0022253723761807443 -0.012173979058285361 0.0018023263522309214
leaf_weight=56630 83 1095 40 47 923 91 127 1004 2785 5441 59 1313 7257 338 139 728 590 853 46 211
leaf_count=56630 83 1095 40 47 923 91 127 1004 2785 5441 59 1313 7257 338 139 728 590 853 46 211
internal_value=-5.67969e-07 -0.000648932 0.000313699 0.000122127 0.000107133 -0.00387781 -0.00644598 0.000180181 -3.79312e-05 0.00218857 0.0135412 0.000439996 2.12725e-05 0.00293078 -0.00428755 -0.00590153 -0.00341711 -0.00414413 -0.00474213 0.000165756
internal_weight=79800 12693 10043 67107 67060 1200 1050 65860 59415 6445 150 10003 8570 1433 2650 913 1737 1443 774 294
internal_count=79800 12693 10043 67107 67060 1200 1050 65860 59415 6445 150 10003 8570 1433 2650 913 1737 1443 774 294
is_linear=0
shrinkage=0.0966648


Tree=156
num_leaves=11
num_cat=0
split_feature=14 14 26 25 25 25 25 14 14 10
split_gain=0.847459 0.672441 0.462365 2.10007 3.50207 1.32088 0.878765 4.45241 3.58548 0.30205
threshold=92.500000000000014 87.500000000000014 43.219479548524028 42.520270270270281 33.24038461538462 45.346666666666671 42.520270270270281 44.500000000000007 36.500000000000007 0.10250000000000001
decision_type=2 2 2 2 2 2 2 2 2 2
left_child=1 2 6 4 -4 -5 8 -8 -1 -3
right_child=-2 9 3 5 -6 -7 7 -9 -10 -11
leaf_value=-0.0001261065465574271 0.013168762413290399 -0.0014025702084481293 0.00057338992135328251 0.0031575967407464563 -0.0047811063107468009 -0.00013638296760666888 -0.0037951314350441294 0.00029922533406180271 0.0018604698758791143 -0.012849314329180342
leaf_weight=38586 38 39 2194 1296 2368 8923 3099 12334 10876 47
leaf_count=38586 38 39 2194 1296 2368 8923 3099 12334 10876 47
internal_value=-9.93005e-07 -8.52633e-06 1.09458e-06 -0.000486684 -0.00220931 0.000283412 0.000112239 -0.000524405 0.000310933 -0.00819567
internal_weight=79800 79762 79676 14781 4562 10219 64895 15433 49462 86
internal_count=79800 79762 79676 14781 4562 10219 64895 15433 49462 86
is_linear=0
shrinkage=0.0966648


Tree=157
num_leaves=11
num_cat=0
split_feature=14 14 25 14 25 14 25 14 14 3
split_gain=0.716511 0.565483 0.45311 5.43955 3.60746 2.24599 5.02758 3.30584 0.713251 0.332702
threshold=92.500000000000014 87.500000000000014 50.090909090909101 53.500000000000007 53.807971014492757 69.500000000000014 45.589473684210539 46.500000000000007 3.5000000000000004 0.6665000000000002
decision_type=2 2 2 2 2 2 2 2 2 2
left_child=1 2 5 8 -5 7 -7 -1 -4 -3
right_child=-2 9 3 4 -6 6 -8 -9 -10 -11
leaf_value=-8.1991797232325601e-05 0.012108665634166784 -0.013447649421867559 0.0025116269174700625 0.0058070567528779211 -1.2693189544138767e-05 -0.0059689018503092774 0.018032222339330158 0.0019850199679979515 -0.00407487880294861 -0.0016192407669168214
leaf_weight=54714 38 38 156 1088 10862 1050 81 8323 3402 48
leaf_count=54714 38 38 156 1088 10862 1050 81 8323 3402 48
internal_value=-9.34271e-07 -7.86116e-06 9.61484e-07 -0.000467814 0.000520539 0.000114297 -0.00414067 0.00019113 -0.00378134 -0.00751571
internal_weight=79800 79762 79676 15508 11950 64168 1131 63037 3558 86
internal_count=79800 79762 79676 15508 11950 64168 1131 63037 3558 86
is_linear=0
shrinkage=0.0966648


Tree=158
num_leaves=17
num_cat=0
split_feature=25 14 14 14 25 14 25 14 25 25 25 25 14 14 18 25
split_gain=0.664092 3.82685 1.58646 1.24224 1.03131 1.2065 0.672587 0.654933 2.68534 4.35978 2.47856 1.9108 1.83 1.29001 0.629879 0.509035
threshold=66.050000000000011 91.500000000000014 72.500000000000014 87.500000000000014 72.088235294117666 86.500000000000014 72.088235294117666 62.500000000000007 54.031250000000007 40.654761904761912 56.392307692307703 62.083333333333336 58.500000000000007 50.500000000000007 49.500000000000007 70.100000000000009
decision_type=2 2 2 2 2 2 2 2 2 2 2 2 2 2 2 2
left_child=3 2 6 7 15 -6 14 10 9 -9 13 -10 -12 -1 -2 -4
right_child=1 -3 4 -5 5 -7 -8 8 11 -11 12 -13 -14 -15 -16 -17
leaf_value=-4.2833936969644688e-05 -0.0025580079891182744 -0.02917891523665497 0.0030062656217609454 0.013451133457525242 -0.00095588299173427046 0.012924353965515724 -0.0089496817284385171 0.0013606520200612614 0.0061089588673010056 -0.0076785835193430609 -0.0043128511157626984 0.00096799712351786104 -0.00018039624502591781 0.0013003050591191877 0.0089981879152740505 0.01075263889777011
leaf_weight=59961 1585 38 210 57 883 55 147 1711 1165 695 2116 1602 1896 7512 38 129
leaf_count=59961 1585 38 210 57 883 55 147 1711 1165 695 2116 1602 1896 7512 38 129
internal_value=-7.03128e-07 -0.0013895 -0.000970906 5.52781e-05 0.00162031 -4.42921e-05 -0.00283932 4.39797e-05 0.00109348 -0.00126645 -3.20759e-05 0.00314336 -0.00236398 0.000106832 -0.0022466 0.00612581
internal_weight=79800 3085 3047 76715 1277 938 1770 76658 5173 2406 71485 2767 4012 67473 1623 339
internal_count=79800 3085 3047 76715 1277 938 1770 76658 5173 2406 71485 2767 4012 67473 1623 339
is_linear=0
shrinkage=0.0966648


Tree=159
num_leaves=11
num_cat=0
split_feature=14 14 12 25 25 14 14 14 14 14
split_gain=0.829807 0.619508 0.44691 1.4163 5.71764 0.484881 1.12244 0.824468 0.33047 0.317058
threshold=92.500000000000014 87.500000000000014 201.87900000000005 31.691576086956527 27.31481481481482 79.500000000000014 78.500000000000014 81.500000000000014 34.500000000000007 89.500000000000014
decision_type=2 2 2 2 2 2 2 2 2 2
left_child=1 2 5 4 -4 6 -1 -7 -5 -3
right_child=-2 9 3 8 -6 7 -8 -9 -10 -11
leaf_value=-1.8426289941844035e-05 0.013031287411246246 -0.012733756552767603 -0.0037465730594524885 -0.0097413039992841031 0.033759295068766758 0.0064957409623408466 -0.0075038685929744026 -0.00013664926315165062 -7.6444929505398257e-05 -0.0011256412687481658
leaf_weight=78463 38 46 101 39 52 280 180 447 114 40
leaf_count=78463 38 46 101 39 52 280 180 447 114 40
internal_value=-5.88825e-07 -8.04332e-06 1.19115e-06 0.00364297 0.00999863 -1.3198e-05 -3.62855e-05 0.00245871 -0.00288574 -0.00786635
internal_weight=79800 79762 79676 306 153 79370 78643 727 153 86
internal_count=79800 79762 79676 306 153 79370 78643 727 153 86
is_linear=0
shrinkage=0.0966648


Tree=160
num_leaves=11
num_cat=0
split_feature=14 14 24 25 25 25 14 14 25 26
split_gain=0.701563 0.521204 0.432226 2.59963 4.54696 0.776675 6.70033 1.92042 0.467996 0.279681
threshold=92.500000000000014 87.500000000000014 9.5000000000000018 14.055555555555557 1.8166666666666669 14.055555555555557 4.5000000000000009 5.5000000000000009 15.828571428571431 37.649131789363608
decision_type=2 2 2 2 2 2 2 2 2 2
left_child=1 2 3 4 -1 6 -4 -7 -5 -3
right_child=-2 9 5 8 -6 7 -8 -9 -10 -11
leaf_value=0.0045036033694660733 0.011982258457784082 -0.0014562549113461361 -0.00050232639671702228 0.0047953556530312942 -0.0088804993549241647 0.0020458608764159529 0.0045117808289213066 -0.00022670640834285125 -0.00016818216392588229 -0.012315625956392382
leaf_weight=332 38 45 9744 172 790 3747 3337 46574 14980 41
leaf_count=332 38 45 9744 172 790 3747 3337 46574 14980 41
internal_value=-3.63672e-07 -7.21799e-06 1.25217e-06 -0.000443018 -0.00491647 0.000115327 0.000778671 -5.72021e-05 -0.000109453 -0.00721513
internal_weight=79800 79762 79676 16274 1122 63402 13081 50321 15152 86
internal_count=79800 79762 79676 16274 1122 63402 13081 50321 15152 86
is_linear=0
shrinkage=0.0966648


Tree=161
num_leaves=11
num_cat=0
split_feature=25 22 14 32 24 14 14 14 25 25
split_gain=0.59514 4.37113 0.610373 2.94095 2.97246 2.9706 1.1538 1.5831 0.554586 0.336994
threshold=86.250000000000014 12.500000000000002 82.500000000000014 0.5221960000000001 12.500000000000002 87.500000000000014 81.500000000000014 80.500000000000014 66.050000000000011 57.94444444444445
decision_type=2 2 2 2 2 2 2 2 2 2
left_child=2 -2 6 5 -5 9 7 8 -1 -4
right_child=1 -3 3 4 -6 -7 -8 -9 -10 -11
leaf_value=3.6301444882667466e-05 -0.023327073672152893 0.016063431658129984 -0.00095493683465059959 0.0013962720626489291 0.032864937028636645 -0.021612614835002784 -0.0094953973392457643 0.0109795573098008 -0.0013671855025773729 0.0065561808705451845
leaf_weight=76391 56 38 95 58 48 48 112 115 2717 122
leaf_count=76391 56 38 95 58 48 48 112 115 2717 122
internal_value=-2.88872e-07 -0.00739277 9.13613e-06 0.00388104 0.0168962 -0.0016522 -9.34183e-06 4.98204e-06 -1.20292e-05 0.00334716
internal_weight=79800 94 79706 371 106 265 79335 79223 79108 217
internal_count=79800 94 79706 371 106 265 79335 79223 79108 217
is_linear=0
shrinkage=0.0966648


Tree=162
num_leaves=17
num_cat=0
split_feature=14 14 25 14 14 14 25 25 25 14 25 25 14 25 14 25
split_gain=0.625738 0.428982 1.93841 3.65543 3.28619 3.01321 2.50661 2.15574 2.05389 1.23318 20.1669 9.24728 5.40223 3.66003 23.695 2.14204
threshold=92.500000000000014 16.500000000000004 20.377976190476193 23.500000000000004 20.500000000000004 34.500000000000007 26.97727272727273 22.550000000000004 17.916666666666668 5.5000000000000009 30.027777777777782 6.3891891891891897 9.5000000000000018 19.965909090909097 1.0000000180025095e-35 1.8166666666666669
decision_type=2 2 2 2 2 2 2 2 2 2 2 2 2 2 2 2
left_child=1 9 3 8 6 -5 -4 -6 -3 13 11 -11 -12 15 -15 -1
right_child=-2 2 4 5 7 -7 -8 -9 -10 10 12 -13 -14 14 -16 -17
leaf_value=0.00047955956409711457 0.01131640426352622 0.0076442256305084061 -0.0061001181915454989 -0.0069235934213597826 0.0029168901598438861 0.0015707070632707074 0.0010027091204508403 -2.1854303253179215e-05 0.0022070483929647979 0.024088674549906278 -0.046946684856607676 -0.00091136716853462501 -0.017011799574977116 -0.0021956094271269799 0.01719210552130172 -0.0021578222475522931
leaf_weight=6273 38 1009 1412 607 2436 1063 687 51257 1823 135 78 4496 216 2164 801 5305
leaf_count=6273 38 1009 1412 607 2436 1063 687 51257 1823 135 78 4496 216 2164 801 5305
internal_value=-1.58004e-07 -6.63133e-06 0.000120758 0.00204847 -3.50531e-05 -0.00153419 -0.00378016 0.000111869 0.00415957 -0.000401058 -0.00172182 -0.000144157 -0.0259404 4.68865e-05 0.0030727 -0.000729505
internal_weight=79800 79762 60294 4502 55792 1670 2099 53693 2832 19468 4925 4631 294 14543 2965 11578
internal_count=79800 79762 60294 4502 55792 1670 2099 53693 2832 19468 4925 4631 294 14543 2965 11578
is_linear=0
shrinkage=0.0966648


Tree=163
num_leaves=11
num_cat=0
split_feature=40 27 14 14 40 14 14 40 39 14
split_gain=0.539952 3.79538 0.522908 0.411971 2.37692 4.79537 2.5257 1.08119 13.1483 1.97923
threshold=2.5882102206473303 -3.7271594999999995 88.500000000000014 31.500000000000004 0.76547790894300438 4.5000000000000009 22.500000000000004 1.0001372257006811 3.9304635459439736 39.500000000000007
decision_type=2 2 2 2 2 2 2 2 2 2
left_child=2 -2 3 4 6 -6 -1 8 -5 -9
right_child=1 -3 -4 7 5 -7 -8 9 -10 -11
leaf_value=-0.00015900073158799072 -0.024326899560973558 0.011890036631486592 0.0096407956461545298 -0.00027285683089154044 0.0026678335432662515 -0.0026144356357229634 0.0024528668637159184 -0.001645237382509437 0.012164738943707764 0.00030676501088900478
leaf_weight=23168 48 46 45 6353 2017 7772 4059 5798 900 29594
leaf_count=23168 48 46 45 6353 2017 7772 4059 5798 900 29594
internal_value=-2.70736e-07 -0.00704166 8.70664e-06 2.34272e-06 -0.000233581 -0.00152481 0.000230954 0.00020713 0.00128164 -1.33023e-05
internal_weight=79800 94 79706 79661 37016 9789 27227 42645 7253 35392
internal_count=79800 94 79706 79661 37016 9789 27227 42645 7253 35392
is_linear=0
shrinkage=0.0966648


Tree=164
num_leaves=17
num_cat=0
split_feature=14 25 14 25 14 25 24 14 14 14 25 25 25 24 14 14
split_gain=0.545428 0.417879 10.2661 3.98984 3.39715 2.32528 7.58415 2.19917 1.34333 6.21456 13.0703 3.31067 1.78135 11.1692 1.84455 1.17044
threshold=92.500000000000014 8.0060975609756113 3.5000000000000004 6.3891891891891897 45.500000000000007 1.8166666666666669 9.5000000000000018 6.5000000000000009 11.500000000000002 5.5000000000000009 28.313725490196081 19.965909090909097 14.055555555555557 39.500000000000007 14.500000000000002 1.5000000000000002
decision_type=2 2 2 2 2 2 2 2 2 2 2 2 2 2 2 2
left_child=1 2 5 4 -4 15 -7 -5 9 11 -11 -3 13 -10 -14 -1
right_child=-2 8 3 7 -6 6 -8 -9 12 10 -12 -13 14 -15 -16 -17
leaf_value=0.00014504595169161693 0.010565278999234007 -0.0018785659854360908 0.01936920745220029 -0.0076214620961977649 0.0011471118588110532 -0.030934997121853429 -0.0021130405538734433 0.0072418326462011387 0.0059430644688277922 -0.0037166587789112405 -0.033973995819909279 0.0026132321565631809 -0.0049776444328842847 -0.019992471379255135 3.941594244176892e-05 0.0078183835991946227
leaf_weight=6061 38 3159 425 125 124 82 1811 307 1461 1923 136 2965 685 166 60148 184
leaf_count=6061 38 3159 425 125 124 82 1811 307 1461 1923 136 2965 685 166 60148 184
internal_value=-1.51177e-07 -6.19484e-06 0.000609347 0.00991105 0.0153256 -0.000520166 -0.00348071 0.00288348 -8.57097e-05 -0.00124969 -0.00583326 0.000296732 6.69193e-05 0.00321594 -1.7695e-05 0.000380395
internal_weight=79800 79762 9119 981 549 8138 1893 432 70643 8183 2059 6124 62460 1627 60833 6245
internal_count=79800 79762 9119 981 549 8138 1893 432 70643 8183 2059 6124 62460 1627 60833 6245
is_linear=0
shrinkage=0.0966648


Tree=165
num_leaves=16
num_cat=0
split_feature=25 14 14 14 14 14 25 26 25 25 14 25 14 39 14
split_gain=0.539314 2.70146 2.4117 1.49652 0.905274 1.07524 0.746248 0.414382 1.83281 2.91891 1.26335 0.617741 3.5632 2.7581 0.250602
threshold=72.088235294117666 91.500000000000014 88.500000000000014 77.500000000000014 78.500000000000014 79.500000000000014 77.437500000000014 43.219479548524028 42.520270270270281 33.24038461538462 45.500000000000007 42.520270270270281 44.500000000000007 7.241488156249118 73.500000000000014
decision_type=2 2 2 2 2 2 2 2 2 2 2 2 2 2 2
left_child=2 3 7 6 -5 -6 14 11 9 -9 -10 13 -13 -1 -2
right_child=1 -3 -4 4 5 -7 -8 8 10 -11 -12 12 -14 -15 -16
leaf_value=8.5345080503930958e-05 -0.005766027847945227 -0.025410000026715809 0.022749937207725435 0.012208796847713956 -0.0099326245133349259 0.0031266833306887861 -0.015887942881661558 0.00048766732417669455 -0.0021383913400777909 -0.0043986853294772175 0.00076475366781642332 -0.0033375103572261815 0.00035686277200372418 0.0028846151075447124 -0.0015699326344987866
leaf_weight=45938 221 37 36 73 63 349 41 2196 1673 2370 8402 3093 11435 3535 338
leaf_count=45938 221 37 36 73 63 349 41 2196 1673 2370 8402 3093 11435 3535 338
internal_value=-6.01672e-07 -0.00209774 2.95053e-05 -0.00113086 0.00283767 0.000985455 -0.00433411 1.68985e-05 -0.000446892 -0.00205172 0.00028142 0.000123037 -0.000431005 0.000285776 -0.00328416
internal_weight=79800 1122 78678 1085 485 412 600 78642 14641 4566 10075 64001 14528 49473 559
internal_count=79800 1122 78678 1085 485 412 600 78642 14641 4566 10075 64001 14528 49473 559
is_linear=0
shrinkage=0.0966648


Tree=166
num_leaves=8
num_cat=0
split_feature=14 14 14 25 14 25 14
split_gain=0.607337 0.494135 0.437489 0.676776 0.41071 0.279147 0.212596
threshold=92.500000000000014 87.500000000000014 86.500000000000014 79.166666666666671 73.500000000000014 62.775000000000006 80.500000000000014
decision_type=2 2 2 2 2 2 2
left_child=1 2 3 4 -1 -3 -5
right_child=-2 5 -4 6 -6 -7 -8
leaf_value=-2.357687346937807e-05 0.011148147529341068 -0.011292994155717273 0.0096780711026901271 -0.0089776442767412999 0.0013895781093736202 -0.00040926336825373641 -0.002805161844511044
leaf_weight=77438 38 49 36 79 1963 37 160
leaf_count=77438 38 49 36 79 1963 37 160
internal_value=-7.81728e-07 -7.15911e-06 1.08818e-06 -4.21288e-06 1.14902e-05 -0.0070254 -0.00506006
internal_weight=79800 79762 79676 79640 79401 86 239
internal_count=79800 79762 79676 79640 79401 86 239
is_linear=0
shrinkage=0.0966648


Tree=167
num_leaves=21
num_cat=0
split_feature=25 14 25 14 14 14 14 25 25 14 25 14 14 14 14 25 14 14 25 25
split_gain=0.544405 4.17995 3.14236 3.01899 2.79173 1.70034 2.13554 4.5674 6.14109 2.78648 4.73727 1.60775 1.60321 0.87796 0.677654 1.03548 0.688981 0.50585 0.27636 0.229604
threshold=50.090909090909101 53.500000000000007 53.033333333333339 91.500000000000014 60.500000000000007 87.500000000000014 69.500000000000014 45.589473684210539 40.654761904761912 66.500000000000014 40.654761904761912 59.500000000000007 42.500000000000007 73.500000000000014 43.500000000000007 62.083333333333336 25.500000000000004 56.500000000000007 50.94444444444445 53.033333333333339
decision_type=2 2 2 2 2 2 2 2 2 2 2 2 2 2 2 2 2 2 2 2
left_child=5 14 4 11 17 6 9 8 -8 12 -11 -4 -1 -6 15 16 -2 -3 -16 -20
right_child=1 2 3 -5 13 -7 7 -9 -10 10 -12 -13 -14 -15 18 -17 -18 -19 19 -21
leaf_value=-0.00011968178672506729 -0.0033632043316279905 0.0072095002750017807 -0.001571608164470262 -0.024365052887485888 -0.0045180210014988849 0.017170253476754799 -0.0032745422554666024 0.017095947043538864 -0.02768125671306235 0.014596867064794034 -0.010725381992673193 0.00086687747631392271 0.00107412462795265 0.009442235988385202 -0.0072713460079721461 -0.012768442099847011 0.0039543671321632242 0.013455016896422018 -0.002941373876386902 -0.0047578782447725851
leaf_weight=49325 189 341 3855 40 225 47 950 81 100 277 85 7296 13350 44 222 48 303 226 1641 1155
leaf_count=49325 189 341 3855 40 225 47 950 81 100 277 85 7296 13350 44 222 48 303 226 1641 1155
internal_value=-7.18114e-07 -0.000513073 0.000348471 -8.03401e-05 0.00603751 0.000123677 0.000109151 -0.00403987 -0.00578192 0.000184072 0.00855237 2.33731e-05 0.000134703 -0.0020371 -0.00341984 -0.000261622 0.00113492 0.0098445 -0.00398284 -0.00370266
internal_weight=79800 15585 12027 11191 836 64215 64168 1131 1050 63037 362 11151 62675 269 3558 540 492 567 3018 2796
internal_count=79800 15585 12027 11191 836 64215 64168 1131 1050 63037 362 11151 62675 269 3558 540 492 567 3018 2796
is_linear=0
shrinkage=0.0966648


Tree=168
num_leaves=11
num_cat=0
split_feature=14 14 15 25 25 26 14 10 25 25
split_gain=0.677231 0.496142 0.395269 2.13025 0.989037 0.884803 0.389388 0.651129 0.612387 0.305529
threshold=92.500000000000014 87.500000000000014 1.0000000180025095e-35 25.961538461538463 20.978260869565222 25.734456605222736 83.500000000000014 0.10750000000000001 79.166666666666671 62.775000000000006
decision_type=2 2 2 2 2 2 2 2 2 2
left_child=1 2 6 4 -4 -5 8 -8 -1 -3
right_child=-2 9 3 5 -6 -7 7 -9 -10 -11
leaf_value=3.6002421119767786e-05 0.01177216788628779 -0.011503628702731106 -0.0050737636059097506 0.0061725798046464034 -0.018060719028012109 -0.00087221174655812436 -0.0023569575406618653 0.0085610190049989019 -0.0058129119093449219 -0.00017268548914736894
leaf_weight=77401 38 49 179 180 78 1478 81 119 160 37
leaf_count=77401 38 49 179 180 78 1478 81 119 160 37
internal_value=-8.19601e-07 -7.55395e-06 7.10095e-07 -0.00136848 -0.00942243 -8.26245e-05 3.45597e-05 0.00421512 2.33661e-05 -0.00704003
internal_weight=79800 79762 79676 1915 257 1658 77761 200 77561 86
internal_count=79800 79762 79676 1915 257 1658 77761 200 77561 86
is_linear=0
shrinkage=0.0966648


Tree=169
num_leaves=10
num_cat=0
split_feature=14 14 24 25 25 25 25 14 25
split_gain=0.592705 0.663553 0.380172 1.00989 3.03224 1.79522 0.991518 2.87706 2.81969
threshold=90.500000000000014 87.500000000000014 14.500000000000002 18.979166666666668 6.3891891891891897 22.550000000000004 27.31481481481482 23.500000000000004 28.809090909090912
decision_type=2 2 2 2 2 2 2 2 2
left_child=1 2 3 4 -1 -5 7 -4 -8
right_child=-2 -3 6 5 -6 -7 8 -9 -10
leaf_value=0.0017938495752150062 0.0094750680167447476 -0.0089408603457877302 0.00014921642325317299 0.0025699489354337737 -0.0032436969190336321 -0.00025909767993364716 -0.0052609560635113739 0.0031208055054141042 -2.2678025953709768e-05
leaf_weight=1690 54 70 17460 2277 3260 25366 991 3680 24952
leaf_count=1690 54 70 17460 2277 3260 25366 991 3680 24952
internal_value=-9.00361e-07 -8.22289e-06 4.80332e-07 -0.00025327 -0.00152369 -2.54195e-05 0.000176151 0.000667443 -0.000224264
internal_weight=79800 79746 79676 32593 4950 27643 47083 21140 25943
internal_count=79800 79746 79676 32593 4950 27643 47083 21140 25943
is_linear=0
shrinkage=0.0966648


Tree=170
num_leaves=14
num_cat=0
split_feature=25 14 18 14 14 14 25 14 14 14 25 14 14
split_gain=0.544304 3.46712 2.05066 2.15346 1.29306 0.875863 0.756771 0.73128 0.633071 0.520159 4.28321 1.28094 0.273444
threshold=62.083333333333336 91.500000000000014 58.500000000000007 62.500000000000007 87.500000000000014 85.500000000000014 61.95454545454546 43.500000000000007 62.500000000000007 69.500000000000014 45.589473684210539 62.500000000000007 61.500000000000007
decision_type=2 2 2 2 2 2 2 2 2 2 2 2 2
left_child=4 2 3 7 6 -5 9 -2 12 11 -11 -1 -8
right_child=1 -3 -4 5 -6 -7 8 -9 -10 10 -12 -13 -14
leaf_value=5.3229768202373275e-06 -0.017385634067552787 -0.027480517738859248 0.016010030394120078 -0.00027493885077834845 0.014062372690822375 0.0095421773557754011 -0.0036347359425337915 -0.0047179494706524674 0.013108591208888539 -0.0052568092016236703 0.0053556387917694905 0.0025226881984898681 0.0040198495385775947
leaf_weight=70648 39 38 60 4293 54 79 49 772 60 1050 528 1933 197
leaf_count=70648 39 38 60 4293 54 79 49 772 60 1050 528 1933 197
internal_value=-8.19043e-07 -0.000948431 -0.000716478 -0.000933359 6.64264e-05 -8.12329e-05 5.48372e-05 -0.00548349 0.00479317 3.47944e-05 -0.00169719 7.26244e-05 0.00243168
internal_weight=79800 5281 5243 5183 74519 4372 74465 811 306 74159 1578 72581 246
internal_count=79800 5281 5243 5183 74519 4372 74465 811 306 74159 1578 72581 246
is_linear=0
shrinkage=0.0966648


Tree=171
num_leaves=11
num_cat=0
split_feature=14 14 12 2 40 2 15 40 14 40
split_gain=0.684338 0.469242 0.379947 1.21035 1.9169 0.669261 0.3604 1.72692 0.396706 0.276795
threshold=92.500000000000014 87.500000000000014 201.87900000000005 0.45150000000000007 0.96830142209311088 0.32650000000000007 1.0000000180025095e-35 0.77905993263632012 79.500000000000014 1.8837669171146219
decision_type=2 2 2 2 2 2 2 2 2 2
left_child=1 2 6 5 -5 -4 8 -8 -1 -3
right_child=-2 9 3 4 -6 -7 7 -9 -10 -11
leaf_value=-8.5029306779500054e-07 0.011833920564676069 -0.011095565257063528 0.0033833654123172734 0.024611946360926187 -0.00056689215304051607 -0.0075779778934435592 -0.0085717738066683445 -0.00016066750941654597 0.0023448915941635326 -0.00028474334892893485
leaf_weight=76787 38 49 121 46 59 80 257 1654 672 37
leaf_count=76787 38 49 121 46 59 80 257 1654 672 37
internal_value=-6.85566e-07 -7.45518e-06 5.81733e-07 0.00335846 0.0113839 -0.00109695 -1.26857e-05 -0.00132142 1.97293e-05 -0.00684664
internal_weight=79800 79762 79676 306 105 201 79370 1911 77459 86
internal_count=79800 79762 79676 306 105 201 79370 1911 77459 86
is_linear=0
shrinkage=0.0966648


Tree=172
num_leaves=10
num_cat=0
split_feature=14 14 40 14 40 14 14 14 14
split_gain=0.580428 0.616232 0.381671 3.65271 3.47242 1.80546 3.94206 3.90061 0.643968
threshold=90.500000000000014 87.500000000000014 1.4306557385424092 53.500000000000007 1.6146822090667297 69.500000000000014 74.500000000000014 65.500000000000014 49.500000000000007
decision_type=2 2 2 2 2 2 2 2 2
left_child=1 2 5 8 -5 7 -7 -1 -4
right_child=-2 -3 3 4 -6 6 -8 -9 -10
leaf_value=0.00011578647816278063 0.0093768194485836856 -0.0086159658595331892 -0.0033885434193087422 0.0048462718775307279 -6.1723961054815975e-05 -0.010285649351978614 0.0013697995279076075 0.0087612897719870613 -0.0013404579365617019
leaf_weight=59942 54 70 2965 1530 10862 477 612 484 2804
leaf_count=59942 54 70 2965 1530 10862 477 612 484 2804
internal_value=-4.90692e-07 -7.73702e-06 6.50106e-07 -0.000388631 0.00054686 0.000115611 -0.00377152 0.000186133 -0.00239616
internal_weight=79800 79746 79676 18161 12392 61515 1089 60426 5769
internal_count=79800 79746 79676 18161 12392 61515 1089 60426 5769
is_linear=0
shrinkage=0.0966648


Tree=173
num_leaves=17
num_cat=0
split_feature=14 14 25 14 25 14 14 14 25 39 25 14 14 25 39 25
split_gain=0.501088 0.343925 2.12873 3.14981 6.80684 3.11655 21.7485 9.66695 1.26688 7.85117 27.0134 4.65302 3.34965 4.34242 1.14983 1.05786
threshold=92.500000000000014 27.500000000000004 22.550000000000004 21.500000000000004 17.916666666666668 4.5000000000000009 1.5000000000000002 9.5000000000000018 33.328759398496253 7.4750656639141377 33.01315789473685 43.500000000000007 33.500000000000007 40.855400696864116 -13.268518007398463 15.828571428571431
decision_type=2 2 2 2 2 2 2 2 2 2 2 2 2 2 2 2
left_child=1 2 3 15 -5 6 -4 -7 9 11 -11 -3 13 -10 -14 -1
right_child=-2 8 5 4 -6 7 -8 -9 12 10 -12 -13 14 -15 -16 -17
leaf_value=0.00040089349162961585 0.01012643949552189 0.0019616261186770913 -0.0019509668426056373 -0.0077493783225708332 0.0069989778626253184 -0.024103835034723489 0.02439530073617914 -0.0017362707909960706 -0.0092131729017026556 -0.0044930437980723369 0.038444790297468591 -0.0024462371955452501 -0.0080145329612817933 0.006349658878975201 8.3029064202745829e-05 -0.0011209696542549754
leaf_weight=14495 38 6567 2116 357 1484 177 332 8312 740 352 215 3385 157 210 34823 6040
leaf_count=14495 38 6567 2116 357 1484 177 332 8312 740 352 215 3385 157 210 34823 6040
internal_value=-4.36071e-07 -6.22885e-06 -0.000243217 0.000297049 0.00411885 -0.00134798 0.00168684 -0.00222387 0.00016375 0.00109635 0.0120828 0.000461642 -0.000109458 -0.00574979 4.49451e-05 -4.69852e-05
internal_weight=79800 79762 33313 22376 1841 10937 2448 8489 46449 10519 567 9952 35930 950 34980 20535
internal_count=79800 79762 33313 22376 1841 10937 2448 8489 46449 10519 567 9952 35930 950 34980 20535
is_linear=0
shrinkage=0.0966648


Tree=174
num_leaves=15
num_cat=0
split_feature=25 14 14 14 14 25 25 25 14 14 14 25 14 14
split_gain=0.510545 3.43779 1.22347 1.19988 0.774113 0.641208 0.63027 0.619458 1.18491 0.546599 0.435874 0.317291 0.330015 0.144635
threshold=66.050000000000011 91.500000000000014 68.500000000000014 87.500000000000014 86.500000000000014 65.053191489361708 79.166666666666671 63.071428571428577 66.500000000000014 66.500000000000014 32.500000000000007 71.236111111111128 64.500000000000014 63.500000000000007
decision_type=2 2 2 2 2 2 2 2 2 2 2 2 2 2
left_child=3 2 11 5 6 7 -4 10 -9 13 -1 -2 -13 -7
right_child=1 -3 4 -5 -6 9 -8 8 -10 -11 -12 12 -14 -15
leaf_value=-0.00018668615977501004 -0.0029031752480639188 -0.027556236590117439 0.00084416485741133367 0.013214438833099716 0.011119737496811256 -0.001012365384371922 -0.0043834995216909464 -0.0041191148225293763 0.0041156602179137566 0.0068131393113477958 0.00027919164419001782 -0.014999975265353075 -0.0039686252544014642 0.0025863356380786684
leaf_weight=37939 889 38 1750 57 55 189 238 771 200 226 37116 37 78 217
leaf_count=37939 889 38 1750 57 55 189 238 771 200 226 37116 37 78 217
internal_value=-1.35772e-07 -0.00121784 -0.000821349 4.89488e-05 0.000538098 3.78452e-05 0.000203951 1.2202e-05 -0.00240411 0.00308563 4.37035e-05 -0.00357083 -0.00823032 0.000923306
internal_weight=79800 3085 3047 76715 2043 76658 1988 76026 971 632 75055 1004 115 406
internal_count=79800 3085 3047 76715 2043 76658 1988 76026 971 632 75055 1004 115 406
is_linear=0
shrinkage=0.0966648


Tree=175
num_leaves=11
num_cat=0
split_feature=14 14 25 14 25 14 14 25 14 25
split_gain=0.601802 0.448527 0.336014 3.04396 2.83904 1.46147 4.72554 2.64379 0.530779 0.239503
threshold=92.500000000000014 87.500000000000014 47.675438596491233 53.500000000000007 53.033333333333339 55.500000000000007 46.500000000000007 37.873015873015881 49.500000000000007 62.775000000000006
decision_type=2 2 2 2 2 2 2 2 2 2
left_child=1 2 5 8 -5 6 -1 -7 -4 -3
right_child=-2 9 3 4 -6 7 -8 -9 -10 -11
leaf_value=-1.1110778959691235e-05 0.01109769911532895 -0.010647253437018835 -0.0030976753198212596 0.0047905195753047075 -7.5354311916030943e-06 -0.00015570728121816368 0.0034625056512755594 -0.0061326494194003569 -0.0012381425321256747 -0.0005316434067700425
leaf_weight=54175 38 49 2965 1278 11114 2470 3917 953 2804 37
leaf_count=54175 38 49 2965 1278 11114 2470 3917 953 2804 37
internal_value=-3.08938e-07 -6.65724e-06 1.20022e-06 -0.000364057 0.000489936 0.000109066 0.000223531 -0.00182969 -0.00219669 -0.00669317
internal_weight=79800 79762 79676 18161 12392 61515 58092 3423 5769 86
internal_count=79800 79762 79676 18161 12392 61515 58092 3423 5769 86
is_linear=0
shrinkage=0.0966648


Tree=176
num_leaves=11
num_cat=0
split_feature=14 14 12 14 25 2 26 25 39 14
split_gain=0.508812 0.376739 0.324631 1.08787 3.20087 0.639312 0.334039 1.42753 0.512239 0.22928
threshold=92.500000000000014 87.500000000000014 201.87900000000005 21.500000000000004 31.691576086956527 0.27750000000000008 14.911371673909358 31.894444444444449 17.806857502359239 89.500000000000014
decision_type=2 2 2 2 2 2 2 2 2 2
left_child=1 2 6 5 -5 -4 7 -1 -8 -3
right_child=-2 9 3 4 -6 -7 8 -9 -10 -11
leaf_value=0.00022000494582043111 0.010204324365317964 -0.010267538984902073 0.0031700281324551155 0.027704571508296902 -9.0979773126420493e-05 -0.010195169089947286 2.3833008286954057e-05 0.0055979464562521666 -0.00079044093073405656 -0.00049758840281371173
leaf_weight=5051 38 46 59 46 139 62 65717 500 8102 40
leaf_count=5051 38 46 59 46 139 62 65717 500 8102 40
internal_value=-3.0191e-07 -6.13917e-06 1.06208e-06 0.00310489 0.00764397 -0.00387679 -1.12016e-05 0.000711436 -6.561e-05 -0.00613424
internal_weight=79800 79762 79676 306 185 121 79370 5551 73819 86
internal_count=79800 79762 79676 306 185 121 79370 5551 73819 86
is_linear=0
shrinkage=0.0966648


Tree=177
num_leaves=14
num_cat=0
split_feature=25 10 14 25 14 25 25 25 25 14 25 25 14
split_gain=0.496833 3.52606 0.429274 2.58594 1.16121 1.39835 1.10916 0.966911 0.461498 0.36962 2.55464 0.639852 0.182602
threshold=86.250000000000014 0.16550000000000004 77.500000000000014 9.3062500000000021 78.500000000000014 42.21320346320347 46.530000000000008 72.088235294117666 77.437500000000014 72.500000000000014 45.839743589743598 59.775000000000006 74.500000000000014
decision_type=2 2 2 2 2 2 2 2 2 2 2 2 2
left_child=2 -2 7 -4 6 -6 -5 9 12 11 -11 -1 -9
right_child=1 -3 3 4 5 -7 -8 8 -10 10 -12 -13 -14
leaf_value=6.3278978066445352e-05 -0.021060204134733519 0.014324089907903601 0.023689592218433891 -0.0056705281996424729 0.0051346274161899975 -0.0030144693131016996 0.012080735701218188 -0.0045655939608001328 -0.013071689206615566 -0.0037013283164795633 0.0060089301450886078 -0.0010353219392244767 -0.0010259789791912739
leaf_weight=71657 56 38 41 38 277 630 132 312 40 438 580 5314 247
leaf_count=71657 56 38 41 38 277 630 132 312 40 438 580 5314 247
internal_value=-4.09516e-08 -0.00675443 8.57049e-06 0.00188292 0.000891955 -0.000503643 0.00803967 -1.82744e-05 -0.00386257 1.1627e-05 0.00183458 -1.26624e-05 -0.00303645
internal_weight=79800 94 79706 1118 1077 907 170 78588 599 77989 1018 76971 559
internal_count=79800 94 79706 1118 1077 907 170 78588 599 77989 1018 76971 559
is_linear=0
shrinkage=0.0966648


Tree=178
num_leaves=17
num_cat=0
split_feature=25 22 24 25 25 25 25 39 25 25 26 24 25 24 25 25
split_gain=0.411956 3.41675 0.344009 0.879168 1.38821 1.46161 1.00964 0.913662 0.767163 1.82602 2.11928 1.53558 1.45481 1.38907 0.755729 0.329931
threshold=86.250000000000014 12.500000000000002 14.500000000000002 28.53365384615385 6.3891891891891897 10.849264705882355 5.9852941176470598 -16.679239639688522 27.31481481481482 28.809090909090912 25.669940476190479 57.500000000000007 24.211111111111112 39.500000000000007 29.964285714285719 26.550000000000004
decision_type=2 2 2 2 2 2 2 2 2 2 2 2 2 2 2 2
left_child=2 -2 3 4 6 -6 -1 -5 12 11 -11 -10 13 -4 -9 -14
right_child=1 -3 8 7 5 -7 -8 14 9 10 -12 -13 15 -15 -16 -17
leaf_value=0.0010590147070170339 -0.020257292097771176 0.014549778020212727 0.00061645286423715913 -0.0076122210152933202 -0.0054449436755279138 -0.0010329127504382981 0.011781258117442264 0.0036543500138732404 -0.005009902231373051 0.002958420634947047 -0.00028157976167599529 0.013417263604159688 0.0021701308127169139 -0.0019756649794399083 8.2571899906019284e-05 0.00481991203131795
leaf_weight=1612 56 38 16459 134 757 8617 79 561 956 2048 22907 37 1933 2181 20851 574
leaf_count=1612 56 38 16459 134 757 8617 79 561 956 2048 22907 37 1933 2181 20851 574
internal_value=3.83824e-08 -0.0061504 7.87982e-06 -0.00023342 -0.000933476 -0.00139335 0.00161061 0.000126298 0.000174979 -0.000177216 -1.48573e-05 -0.00422622 0.000607041 0.000312474 0.000177422 0.00278961
internal_weight=79800 94 79706 32611 11065 9374 1691 21546 47095 25948 24955 993 21147 18640 21412 2507
internal_count=79800 94 79706 32611 11065 9374 1691 21546 47095 25948 24955 993 21147 18640 21412 2507
is_linear=0
shrinkage=0.0966648


Tree=179
num_leaves=17
num_cat=0
split_feature=14 14 25 24 24 25 14 25 14 25 14 25 25 14 14 12
split_gain=0.497821 0.343543 2.66082 7.39039 6.35238 2.62686 1.47218 2.87267 1.22518 15.7499 7.15119 4.3334 2.34272 17.4395 2.15533 0.873643
threshold=92.500000000000014 11.500000000000002 14.055555555555557 39.500000000000007 9.5000000000000018 8.3030303030303063 15.500000000000002 31.041666666666668 5.5000000000000009 14.055555555555557 8.5000000000000018 6.3891891891891897 19.965909090909097 1.0000000180025095e-35 1.0000000180025095e-35 201.87900000000005
decision_type=2 2 2 2 2 2 2 2 2 2 2 2 2 2 2 2
left_child=1 8 3 4 -3 -5 7 -4 12 11 -11 -10 14 -14 -1 -8
right_child=-2 2 6 5 -6 -7 15 -9 9 10 -12 -13 13 -15 -16 -17
leaf_value=2.1252080117374502e-05 0.010093966863547296 -0.0051521448219266049 -0.0019793396985720801 0.0074701440517309647 0.0087777633525008818 -0.019601919736210806 2.6663743333825193e-05 -0.019540002981553225 0.019107040875229967 -0.029916083085648821 -0.0082122230194067378 0.0010644415733908328 -0.0021507163235836954 0.014481565225578955 -0.0031747427177802844 0.006369083256422511
leaf_weight=9066 38 390 905 38 1342 152 59643 89 127 198 488 1651 2164 801 2512 196
leaf_count=9066 38 390 905 38 1342 152 59643 89 127 198 488 1651 2164 801 2512 196
internal_value=1.59388e-07 -5.61453e-06 9.88292e-05 0.00363276 0.00563228 -0.0141081 -1.3266e-05 -0.00368855 -0.000390878 -0.0023806 -0.0147368 0.00242934 -5.26901e-05 0.00236816 -0.000673795 4.82474e-05
internal_weight=79800 79762 62755 1922 1732 190 60833 994 17007 2464 686 1778 14543 2965 11578 59839
internal_count=79800 79762 62755 1922 1732 190 60833 994 17007 2464 686 1778 14543 2965 11578 59839
is_linear=0
shrinkage=0.0966648


Tree=180
num_leaves=10
num_cat=0
split_feature=14 14 14 25 24 14 14 25 25
split_gain=0.423737 0.50159 0.29453 2.37277 6.59368 1.72207 1.34233 14.5806 1.91623
threshold=90.500000000000014 88.500000000000014 10.500000000000002 14.055555555555557 39.500000000000007 14.500000000000002 5.5000000000000009 14.055555555555557 19.965909090909097
decision_type=2 2 2 2 2 2 2 2 2
left_child=1 2 6 4 -4 -5 8 -8 -1
right_child=-2 -3 3 5 -6 -7 7 -9 -10
leaf_value=-0.00060886382331212948 0.0080121496756450847 -0.0099230693589273684 0.0048832418505598352 -0.0041773869620334112 -0.012793439630840838 4.4275100929746201e-05 0.0020108502098307867 -0.017573466909045706 0.0021423035681791304
leaf_weight=11578 54 40 2028 909 211 60100 1453 462 2965
leaf_count=11578 54 40 2028 909 211 60100 1453 462 2965
internal_value=-6.22494e-08 -6.25373e-06 -3.27682e-07 9.44674e-05 0.00317963 -1.91398e-05 -0.0003645 -0.00276492 -4.71316e-05
internal_weight=79800 79746 79706 63248 2239 61009 16458 1915 14543
internal_count=79800 79746 79706 63248 2239 61009 16458 1915 14543
is_linear=0
shrinkage=0.0966648


Tree=181
num_leaves=15
num_cat=0
split_feature=25 19 14 25 14 14 25 14 25 14 25 25 14 25
split_gain=0.405071 3.33758 0.382423 1.10349 3.98497 3.68166 1.03279 0.722484 1.54228 1.07655 0.827414 0.778391 0.658821 0.226448
threshold=86.250000000000014 2.5000000000000004 79.500000000000014 42.21320346320347 86.500000000000014 87.500000000000014 57.94444444444445 78.500000000000014 56.031250000000007 77.500000000000014 71.236111111111128 46.530000000000008 81.500000000000014 76.187500000000014
decision_type=2 2 2 2 2 2 2 2 2 2 2 2 2 2
left_child=2 -2 7 4 12 6 -5 9 -9 10 -1 -11 -4 -10
right_child=1 -3 3 5 -6 -7 -8 8 13 11 -12 -13 -14 -15
leaf_value=1.4769530345602961e-05 -0.020588368258004745 0.013625977976155843 0.0080613918373004176 -0.0087409998522269567 0.033166692783064208 -0.026753025938710064 0.0038691359762757309 0.0054328396901544814 -0.016217983271823177 -0.0035490378947858649 -0.003164219986197541 0.010931770178551426 -0.0022772507330151423 -0.0060635780346930132
leaf_weight=77823 54 40 87 64 38 38 398 65 65 42 765 132 141 48
leaf_count=77823 54 40 87 64 38 38 398 65 65 42 765 132 141 48
internal_value=-3.14848e-07 -0.00609914 7.46082e-06 0.00214619 0.00708176 -0.00054651 0.00200864 -1.34979e-05 -0.00603697 6.98434e-07 -1.64799e-05 0.00743415 0.00180105 -0.012561
internal_weight=79800 94 79706 766 266 500 462 78940 178 78762 78588 174 228 113
internal_count=79800 94 79706 766 266 500 462 78940 178 78762 78588 174 228 113
is_linear=0
shrinkage=0.0966648


Tree=182
num_leaves=8
num_cat=0
split_feature=14 14 24 26 25 25 39
split_gain=0.395117 0.435855 0.274342 0.289033 1.59132 0.540048 0.281019
threshold=90.500000000000014 87.500000000000014 88.500000000000014 43.219479548524028 41.038461538461547 42.520270270270281 -11.448013207618233
decision_type=2 2 2 2 2 2 2
left_child=1 2 3 5 -5 -1 -4
right_child=-2 -3 6 4 -6 -7 -8
leaf_value=0.00023645040417599172 0.0077365063832479687 -0.0072459499271245497 0.010493842520258631 -0.0019776367183658157 0.00024202968299307754 -0.0004188507151936547 0.0014324691649450097
leaf_weight=49340 54 70 37 4221 10537 15417 124
leaf_count=49340 54 70 37 4221 10537 15417 124
internal_value=-3.97644e-07 -6.37635e-06 6.77264e-07 -7.58188e-06 -0.000393521 8.04089e-05 0.0038955
internal_weight=79800 79746 79676 79515 14758 64757 161
internal_count=79800 79746 79676 79515 14758 64757 161
is_linear=0
shrinkage=0.0966648


Tree=183
num_leaves=11
num_cat=0
split_feature=25 27 14 32 24 14 14 14 25 25
split_gain=0.359342 3.04916 0.353135 2.18623 3.09717 1.9524 0.930993 1.16478 0.293243 0.282854
threshold=86.250000000000014 -3.6431679999999993 82.500000000000014 0.54039350000000008 14.500000000000002 87.500000000000014 81.500000000000014 80.500000000000014 65.053191489361708 50.090909090909101
decision_type=2 2 2 2 2 2 2 2 2 2
left_child=2 -2 6 5 -5 8 7 9 -4 -1
right_child=1 -3 3 4 -6 -7 -8 -9 -10 -11
leaf_value=8.0193498195882913e-05 -0.019597782866428052 0.013100873299633537 -0.00075845499275148246 -0.00036686273485773198 0.033789658492191246 -0.01732563827712498 -0.0085280563623592043 0.0094194683216478961 0.0060070285719304563 -0.00038441609482394698
leaf_weight=63974 54 40 121 54 38 50 112 115 108 15134
leaf_count=63974 54 40 121 54 38 50 112 115 108 15134
internal_value=-2.62176e-07 -0.00574453 7.06145e-06 0.00295215 0.0152486 -0.00140057 -6.99343e-06 5.87317e-06 0.00252307 -8.71857e-06
internal_weight=79800 94 79706 371 92 279 79335 79223 229 79108
internal_count=79800 94 79706 371 92 279 79335 79223 229 79108
is_linear=0
shrinkage=0.0966648


Tree=184
num_leaves=10
num_cat=0
split_feature=14 14 14 25 39 25 14 14 25
split_gain=0.366108 0.29732 0.288186 1.60965 1.94194 0.679937 4.08901 2.99769 0.566054
threshold=90.500000000000014 87.500000000000014 32.500000000000007 25.508928571428573 3.9304635459439736 45.346666666666671 47.500000000000007 54.500000000000007 24.389655172413796
decision_type=2 2 2 2 2 2 2 2 2
left_child=1 2 3 8 -5 7 -7 -4 -1
right_child=-2 -3 5 4 -6 6 -8 -9 -10
leaf_value=9.0352853239217268e-05 0.0074473777532390976 -0.0059851947670862176 0.0010714932251712338 -0.0020133640807223638 0.00089871830288952852 -0.0033368305807264351 0.00037207873889151641 -0.002076463915321266 0.0019671895848998723
leaf_weight=25744 54 70 17542 7666 2962 3293 17520 3362 1587
leaf_count=25744 54 70 17542 7666 2962 3293 17520 3362 1587
internal_value=-9.41785e-08 -5.84925e-06 -2.34376e-08 -0.000192729 -0.00120171 0.000175326 -0.000215747 0.000564633 0.000199852
internal_weight=79800 79746 79676 37959 10628 41717 20813 20904 27331
internal_count=79800 79746 79676 37959 10628 41717 20813 20904 27331
is_linear=0
shrinkage=0.0966648


Tree=185
num_leaves=11
num_cat=0
split_feature=25 19 14 14 25 39 25 26 25 25
split_gain=0.323954 2.82727 0.392457 0.294502 2.69988 3.17204 2.91227 2.16294 5.04032 2.30399
threshold=86.250000000000014 2.5000000000000004 88.500000000000014 40.500000000000007 32.510000000000012 -2.2430838396276207 43.207142857142863 49.180509084086438 31.894444444444449 40.654761904761912
decision_type=2 2 2 2 2 2 2 2 2 2
left_child=2 -2 3 7 5 -5 -6 9 -9 -1
right_child=1 -3 -4 4 6 -7 -8 8 -10 -11
leaf_value=8.3623271392348138e-05 -0.018797715364569565 0.012685163032723655 0.0083514212975232156 -0.00094964171746048597 0.0021825606642316116 -0.0092333854463737836 -5.3984231332844309e-05 0.00067341284946878445 -0.017202474441237885 -0.0029723221302677487
leaf_weight=44036 54 40 45 1858 7114 556 23040 410 222 2425
leaf_count=44036 54 40 45 1858 7114 556 23040 410 222 2425
internal_value=-9.95352e-08 -0.00545419 6.85411e-06 1.34092e-06 0.000224809 -0.00288066 0.000474085 -0.000153214 -0.00573608 -7.63416e-05
internal_weight=79800 94 79706 79661 32568 2414 30154 47093 632 46461
internal_count=79800 94 79706 79661 32568 2414 30154 47093 632 46461
is_linear=0
shrinkage=0.0966648


Tree=186
num_leaves=17
num_cat=0
split_feature=14 14 25 14 14 14 25 25 25 14 25 25 25 25 14 24
split_gain=0.324504 0.258941 1.78245 3.08441 2.85873 1.70783 1.50967 1.41519 0.935364 0.719454 10.8007 5.77725 2.58979 1.7562 14.6135 1.85
threshold=92.500000000000014 12.500000000000002 15.828571428571431 22.500000000000004 74.500000000000014 16.500000000000004 8.3030303030303063 31.691576086956527 20.377976190476193 5.5000000000000009 27.550000000000004 8.0060975609756113 33.763888888888893 19.965909090909097 1.5000000000000002 10.500000000000002
decision_type=2 2 2 2 2 2 2 2 2 2 2 2 2 2 2 2
left_child=1 9 3 6 -5 7 -3 -4 -7 13 11 -11 -12 15 -15 -1
right_child=-2 2 5 4 -6 8 -8 -9 -10 10 12 -13 -14 14 -16 -17
leaf_value=-0.0051837753713737875 0.0081491239269733985 0.020173235362448371 -0.0024925179821237136 -0.0034981800172639455 0.0099384753576205673 0.0016767465608310795 0.0050891462343866031 -0.013058981906889934 -3.802687315230185e-05 0.010196736109216033 -0.016039869380018709 -0.00204723217248678 -0.043722400787232919 -0.00071186828766485564 0.018693633609877306 -0.00026363450888155832
leaf_weight=757 38 59 859 856 171 3132 1206 131 55792 415 128 2426 44 2550 415 10821
leaf_count=757 38 59 859 856 171 3132 1206 131 55792 415 128 2426 44 2550 415 10821
internal_value=-3.23114e-07 -4.98476e-06 8.75481e-05 0.00272855 -0.00120412 -1.38177e-05 0.0059094 -0.00397989 5.33241e-05 -0.000332751 -0.00169026 -0.000236169 -0.0246778 -5.07658e-05 0.00204526 -0.000588528
internal_weight=79800 79762 62206 2292 1027 59914 1265 990 58924 17556 3013 2841 172 14543 2965 11578
internal_count=79800 79762 62206 2292 1027 59914 1265 990 58924 17556 3013 2841 172 14543 2965 11578
is_linear=0
shrinkage=0.0966648


Tree=187
num_leaves=23
num_cat=0
split_feature=25 32 8 8 19 32 7 25 24 39 22 26 25 25 24 25 25 32 7 8 39 26
split_gain=0.305729 0.635093 1.0459 2.22658 2.86915 0.694503 0.635715 0.712432 0.268795 0.345872 0.266312 1.25698 3.37558 0.480957 0.321577 4.72589 0.481004 0.25453 0.225604 0.189573 0.155528 0.304386
threshold=72.088235294117666 0.35016900000000001 0.080050000000000024 0.048150000000000005 2.5000000000000004 0.30568200000000006 0.034850000000000006 86.250000000000014 66.500000000000014 -19.532554228763612 21.500000000000004 25.463421828908558 31.894444444444449 31.691576086956527 39.500000000000007 14.055555555555557 14.055555555555557 0.46253650000000007 0.045850000000000009 0.75450000000000006 6.9146494671369547 25.734456605222736
decision_type=2 2 2 2 2 2 2 2 2 2 2 2 2 2 2 2 2 2 2 2 2 2
left_child=8 5 3 18 -5 19 17 -8 10 -10 14 12 -12 -13 16 -16 -1 -4 -3 -2 -11 -22
right_child=1 2 6 4 -6 -7 7 -9 9 20 11 13 -14 -15 15 -17 -18 -19 -20 -21 21 -23
leaf_value=0.00059285965674406933 0.0010968359052841044 0.0011416583722497688 -0.0012958946681982007 -0.035733338323518257 -0.0032763668342578236 0.010674760642810236 0.00033323048359960302 0.012115714199368922 0.0089434896591601594 0.00040256210455896964 0.00055204777501126746 0.00072137057461574858 0.0079376192415334113 -0.00060740709615834682 -0.0081483668375852449 0.00054826389493617574 -0.00015040821415572583 -0.012330842139583017 -0.0041002142504958468 -0.0059154763494195925 0.0095503123693606844 0.00097948102844032901
leaf_weight=9767 164 117 39 41 57 64 316 49 51 565 3364 3839 691 7517 693 3499 48514 36 201 38 49 129
leaf_count=9767 164 117 39 41 57 64 316 49 51 565 3364 3839 691 7517 693 3499 48514 36 201 38 49 129
internal_value=-4.13311e-07 -0.00157938 -0.00285664 -0.00628523 -0.0184556 0.00249593 0.00043682 0.00213069 2.22548e-05 0.00178329 4.12872e-06 0.000363916 0.00182314 -0.000158019 -8.46582e-05 -0.000901611 -2.57866e-05 -0.0072422 -0.00219004 -0.000389609 0.0012059 0.00363444
internal_weight=79800 1122 856 416 98 266 440 365 78678 794 77884 15411 4055 11356 62473 4192 58281 75 318 202 743 178
internal_count=79800 1122 856 416 98 266 440 365 78678 794 77884 15411 4055 11356 62473 4192 58281 75 318 202 743 178
is_linear=0
shrinkage=0.0966648


Tree=188
num_leaves=17
num_cat=0
split_feature=25 22 24 25 25 25 25 39 25 25 39 25 25 39 25 25
split_gain=0.304433 2.64686 0.246321 0.769966 1.24878 1.40723 0.73019 0.696203 0.66857 0.594934 1.55052 1.13718 1.03035 0.876862 0.327084 0.319884
threshold=86.250000000000014 12.500000000000002 14.500000000000002 28.53365384615385 6.3891891891891897 10.849264705882355 3.8166666666666669 -16.679239639688522 29.964285714285719 27.31481481481482 -14.541754992195735 24.389655172413796 28.950000000000003 -2.1758451139738848 33.24038461538462 26.550000000000004
decision_type=2 2 2 2 2 2 2 2 2 2 2 2 2 2 2 2
left_child=2 -2 3 4 6 -6 -1 -5 -9 11 14 13 -12 -4 -11 -13
right_child=1 -3 9 7 5 -7 -8 8 -10 10 12 15 -14 -15 -16 -17
leaf_value=0.00057479590213288664 -0.017710293470028834 0.012919446256540753 0.00058972268839722485 -0.0066164904271675054 -0.0052646259475377438 -0.00093570272222190799 0.0056526055502812518 0.0034535769730397936 9.406456672470216e-05 -0.0028931935152814734 -0.0031960951744789928 0.0018728155759962098 6.5689474360172047e-05 -0.0011143251438411853 -0.0078365670124664923 0.0045029987415431093
leaf_weight=1370 56 38 15339 134 757 8617 321 561 20851 271 932 1784 24495 3450 250 574
leaf_count=1370 56 38 15339 134 757 8617 321 561 20851 271 932 1784 24495 3450 250 574
internal_value=-5.20931e-07 -0.00528772 6.21999e-06 -0.000197965 -0.000853104 -0.00128928 0.00155977 0.000138667 0.000183284 0.000147617 -0.000162533 0.000528102 -5.47907e-05 0.000276503 -0.00534413 0.00252553
internal_weight=79800 94 79706 32611 11065 9374 1691 21546 21412 47095 25948 21147 25427 18789 521 2358
internal_count=79800 94 79706 32611 11065 9374 1691 21546 21412 47095 25948 21147 25427 18789 521 2358
is_linear=0
shrinkage=0.0966648


Tree=189
num_leaves=32
num_cat=0
split_feature=14 25 14 25 25 39 25 25 14 14 14 14 25 39 25 25 26 39 14 25 14 25 39 14 14 25 14 14 14 26 25
split_gain=0.319042 1.79999 2.48299 5.70362 2.18563 4.603 8.51041 5.12227 2.68589 5.72582 2.09872 2.01567 1.14914 6.77352 28.2305 6.28277 5.2002 3.42692 2.6624 4.5835 1.49807 1.45016 1.11399 2.33117 1.44954 0.764035 3.96442 3.15333 0.69729 0.523116 0.266297
threshold=27.500000000000004 22.550000000000004 21.500000000000004 17.916666666666668 33.328759398496253 7.6568017265385704 33.24038461538462 33.01315789473685 1.0000000180025095e-35 3.5000000000000004 24.500000000000004 22.500000000000004 33.328759398496253 3.9304635459439736 31.691576086956527 31.691576086956527 28.154592444336373 7.9019061386404905 34.500000000000007 40.855400696864116 35.500000000000007 32.510000000000012 3.8042654258155228 71.500000000000014 88.500000000000014 20.377976190476193 13.500000000000002 14.500000000000002 31.500000000000004 26.480588721183455 42.21320346320347
decision_type=2 2 2 2 2 2 2 2 2 2 2 2 2 2 2 2 2 2 2 2 2 2 2 2 2 2 2 2 2 2 2
left_child=1 2 25 10 5 6 -3 -7 29 -10 -4 -5 13 15 20 16 -2 -16 19 28 -15 -17 23 -20 -24 27 -27 -1 -14 -6 -21
right_child=12 4 3 11 8 7 -8 -9 9 -11 -12 -13 18 14 17 21 -18 -19 22 30 -22 -23 24 -25 -26 26 -28 -29 -30 -31 -32
leaf_value=-0.00043922087842488701 -0.002165143263600156 -0.0016050340305730942 -0.00052763169338856724 0.0025867525627339179 -0.008092993607140107 -0.0041478356350259085 -0.013065233150551931 0.012222678818692691 0.016278769707900109 0.00072816212118651316 -0.01528534358771377 0.0097350240593357656 -0.010226837983691773 -0.0019127699475686745 0.016765791060042858 -0.006900760705220851 0.0039795507742432547 0.03277991573578512 0.00096502915411211484 0.001545020038319253 -0.011280136812882938 -0.002093064378343364 -0.00028719300667369137 -0.010189266876359964 -0.01327245725575006 0.0059822322143380721 -0.0041005211986755814 0.0028212906241028204 -0.005050739888670149 -0.0016437545734618085 0.0083243774230188014
leaf_weight=15095 1875 7687 200 720 146 299 650 425 284 920 157 764 342 348 380 755 4068 212 12365 76 293 2591 21780 170 73 465 1588 3387 936 526 223
leaf_count=15095 1875 7687 200 720 146 299 650 425 284 920 157 764 342 348 380 755 4068 212 12365 76 293 2591 21780 170 73 465 1588 3387 936 526 223
internal_value=-6.1698e-07 -0.000228911 0.000267891 0.00366112 -0.0012448 -0.00186645 -0.00250967 0.00548918 0.00175319 0.00447566 -0.00720177 0.00629783 0.000162991 0.00105115 0.00775976 0.000155022 0.00204063 0.0228447 -9.70173e-05 -0.00397101 -0.0062769 -0.00319112 8.14816e-05 0.000807648 -0.000335188 -3.7565e-05 -0.0018031 0.000159216 -0.00648837 -0.00312006 0.00668252
internal_weight=79800 33313 22376 1841 10937 9061 8337 724 1876 1204 357 1484 46487 10522 1233 9289 5943 592 35965 1577 641 3346 34388 12535 21853 20535 2053 18482 1278 672 299
internal_count=79800 33313 22376 1841 10937 9061 8337 724 1876 1204 357 1484 46487 10522 1233 9289 5943 592 35965 1577 641 3346 34388 12535 21853 20535 2053 18482 1278 672 299
is_linear=0
shrinkage=0.0966648


Tree=190
num_leaves=18
num_cat=0
split_feature=26 39 24 39 19 25 25 39 25 25 25 25 39 25 25 39 39
split_gain=0.254659 0.771187 0.50629 0.298858 0.826924 0.619499 1.04237 0.445022 3.73605 16.541 0.674195 5.56254 1.3191 0.384799 0.289469 0.258099 0.633311
threshold=6.8064491605955029 17.492926475370879 5.5000000000000009 18.549699186370756 13.500000000000002 40.654761904761912 44.047619047619058 5.7515112262521599 33.328759398496253 31.691576086956527 34.033333333333339 31.691576086956527 -13.268518007398463 37.348484848484858 32.267857142857146 4.6448231658901991 -1.7307570293194414
decision_type=2 2 2 2 2 2 2 2 2 2 2 2 2 2 2 2 2
left_child=1 2 -1 7 5 14 -7 10 9 -9 11 -2 -12 -10 -5 16 -4
right_child=3 -3 15 4 -6 6 -8 8 13 -11 12 -13 -14 -15 -16 -17 -18
leaf_value=-0.0071186268839390507 0.0001405965395801815 0.013785780534264734 0.0006727979406261753 -0.004187043857323965 0.011168880655485578 -0.0070373001028254875 -0.0006361445981071563 -0.003959768614099449 -0.0024032068841048893 0.013252782209051609 -0.0089195334275930394 -0.003296754539972841 0.00051694714571262515 1.3377155598492982e-05 0.0042463467286224599 -0.0015798413852099763 0.006269578289758047
leaf_weight=63 34051 37 864 37 48 238 7490 1082 641 995 132 5044 16170 12125 312 236 235
leaf_count=63 34051 37 864 37 48 238 7490 1082 641 995 132 5044 16170 12125 312 236 235
internal_value=-5.34895e-07 0.00127212 0.00086789 -2.3961e-05 -0.00057871 -0.000658998 -0.000840029 4.02654e-05 0.000510178 0.00430434 -8.56953e-05 -0.000303444 0.000436401 -0.000109326 0.00328181 0.0012831 0.00190454
internal_weight=79800 1435 1398 78365 8125 8077 7728 70240 14843 2077 55397 39095 16302 12766 349 1335 1099
internal_count=79800 1435 1398 78365 8125 8077 7728 70240 14843 2077 55397 39095 16302 12766 349 1335 1099
is_linear=0
shrinkage=0.0966648


Tree=191
num_leaves=15
num_cat=0
split_feature=14 14 25 26 25 25 25 25 26 12 25 25 24 25
split_gain=0.410881 0.32499 1.2955 2.60462 9.3756 1.76101 1.30765 1.06629 1.05058 0.843193 2.59986 0.622611 1.96836 1.49871
threshold=90.500000000000014 22.500000000000004 31.691576086956527 25.734456605222736 33.328759398496253 33.328759398496253 28.53365384615385 20.377976190476193 26.97386663152346 201.87900000000005 31.691576086956527 25.508928571428573 13.500000000000002 30.984375000000004
decision_type=2 2 2 2 2 2 2 2 2 2 2 2 2 2
left_child=1 2 6 5 -5 -4 7 -1 -8 11 -11 12 -3 -13
right_child=-2 9 3 4 -6 -7 8 -9 -10 10 -12 13 -14 -15
leaf_value=0.00016549821430001074 0.0078893473925016108 -0.001110257002510845 0.0062859494256614591 -0.014003278873977835 0.00085384944614133259 -0.0028380392845702416 -0.00065141537947452951 -0.0013745995109724406 0.0072260824096728789 0.025321268927854471 -0.00027362789513664875 -0.0015714567806199879 0.0024570387639860172 0.00018387622093836464
leaf_weight=18623 54 2398 435 611 1105 351 257 5416 399 43 138 5100 3617 41253
leaf_count=18623 54 2398 435 611 1105 351 257 5416 399 43 138 5100 3617 41253
internal_value=-3.82188e-07 -6.47899e-06 -0.000277685 -0.00237018 -0.00447476 0.00222338 -6.50143e-05 -0.000181813 0.00416792 0.000133905 0.00658522 0.000110651 0.00103526 -9.48156e-06
internal_weight=79800 79746 27197 2502 1716 786 24695 24039 656 52549 181 52368 6015 46353
internal_count=79800 79746 27197 2502 1716 786 24695 24039 656 52549 181 52368 6015 46353
is_linear=0
shrinkage=0.0966648


Tree=192
num_leaves=18
num_cat=0
split_feature=39 12 7 27 24 24 39 15 25 25 26 26 25 25 25 25 25
split_gain=0.232045 1.44532 1.74448 0.876013 0.577294 0.21113 0.289202 0.203727 1.58069 0.756965 0.368235 0.228145 1.36444 0.355579 0.178644 0.896457 0.155872
threshold=53.912842509603088 124.83250000000001 0.047950000000000007 -3.4676429999999998 12.500000000000002 62.500000000000007 -19.532554228763612 1.0000000180025095e-35 25.961538461538463 20.978260869565222 25.734456605222736 43.480826113590631 41.038461538461547 42.520270270270281 14.816666666666668 6.3891891891891897 33.328759398496253
decision_type=2 2 2 2 2 2 2 2 2 2 2 2 2 2 2 2 2
left_child=5 2 -2 -3 -4 7 -7 11 9 -9 -10 13 -13 -1 15 -8 -16
right_child=1 3 4 -5 -6 6 14 8 10 -11 -12 12 -14 -15 16 -17 -18
leaf_value=0.00021732458500915543 -0.018910511482328054 0.014475803393483649 -0.0073497693006639468 -0.0028526631537447505 0.005146539696436297 0.0072467781808118288 0.0037441541784097136 -0.0042156832251960168 0.0045294478906549628 -0.015737013423215217 -0.00036164954082509404 -0.0020163475931659208 0.00024511460350258872 -0.00031927137743958841 0.0026976637529407214 -0.012990992094942352 0.0001618688878631267
leaf_weight=48726 69 51 54 47 71 65 74 175 152 75 1446 3391 9350 15112 428 40 474
leaf_count=48726 69 51 54 47 71 65 74 175 152 75 1446 3391 9350 15112 428 40 474
internal_value=-8.12939e-08 -0.00268508 -0.00742652 0.00655946 -0.000364126 1.00363e-05 0.00134697 -8.52057e-06 -0.00100932 -0.00803579 0.0001229 1.57289e-05 -0.000357617 9.02764e-05 0.000918318 -0.00257442 0.00137764
internal_weight=79800 292 194 98 125 79508 1081 78427 1848 250 1598 76579 12741 63838 1016 114 902
internal_count=79800 292 194 98 125 79508 1081 78427 1848 250 1598 76579 12741 63838 1016 114 902
is_linear=0
shrinkage=0.0966648


Tree=193
num_leaves=17
num_cat=0
split_feature=14 14 25 24 24 25 14 25 14 25 25 25 14 14 14 14
split_gain=0.369266 0.306076 2.54404 5.72835 3.94762 2.74011 2.62654 3.67992 1.91863 11.5276 3.85088 1.51524 11.3131 1.7621 0.631621 0.630196
threshold=90.500000000000014 8.5000000000000018 14.055555555555557 39.500000000000007 9.5000000000000018 8.3030303030303063 14.500000000000002 33.328759398496253 5.5000000000000009 17.916666666666668 8.0060975609756113 19.965909090909097 1.0000000180025095e-35 1.5000000000000002 87.500000000000014 6.5000000000000009
decision_type=2 2 2 2 2 2 2 2 2 2 2 2 2 2 2 2
left_child=1 8 3 4 -3 -5 7 -4 11 10 -10 13 -13 -1 -8 -11
right_child=-2 2 6 5 -6 -7 14 -9 9 15 -12 12 -14 -15 -16 -17
leaf_value=-0.00016097437575234548 0.0074792002518778997 -0.003078903830524669 -0.0034290190506160298 0.0084024210015931963 0.0061896125123499148 -0.015136502403324429 5.4004186578345296e-05 -0.030915767542796381 0.0075778767575496999 -0.042260834501373322 -0.0053805921105526547 -0.0017975825765476443 0.01159832083833123 -0.0038089502806418316 -0.0095819680512875278 -0.022256964177876384
leaf_weight=10177 54 536 1133 53 2073 215 60076 40 337 42 559 2164 801 1401 56 83
leaf_count=10177 54 536 1133 53 2073 215 60076 40 337 42 559 2164 801 1401 56 83
internal_value=-3.16398e-07 -6.09621e-06 8.717e-05 0.00289261 0.00428204 -0.0103777 -4.48309e-05 -0.00456008 -0.000390557 -0.00442511 -0.000483871 -0.000105136 0.00184183 -0.000604617 4.38158e-05 -0.0310228
internal_weight=79800 79746 64182 2877 2609 268 61305 1173 15564 1021 896 14543 2965 11578 60132 125
internal_count=79800 79746 64182 2877 2609 268 61305 1173 15564 1021 896 14543 2965 11578 60132 125
is_linear=0
shrinkage=0.0966648


Tree=194
num_leaves=17
num_cat=0
split_feature=14 14 25 14 25 25 39 14 25 39 25 25 14 25 25 25
split_gain=0.309443 0.262096 1.45459 1.93969 4.87991 1.78066 2.86812 2.00002 0.924297 4.69733 22.038 4.33228 2.20305 3.19364 1.62737 0.607116
threshold=90.500000000000014 27.500000000000004 22.550000000000004 21.500000000000004 17.916666666666668 33.328759398496253 7.6568017265385704 1.0000000180025095e-35 33.328759398496253 3.9304635459439736 31.691576086956527 31.691576086956527 36.500000000000007 40.855400696864116 40.654761904761912 15.828571428571431
decision_type=2 2 2 2 2 2 2 2 2 2 2 2 2 2 2 2
left_child=1 2 3 15 -5 6 -4 -7 9 11 -11 -3 13 -10 -14 -1
right_child=-2 8 5 4 -6 7 -8 -9 12 10 -12 -13 14 -15 -16 -17
leaf_value=0.00030258775564914102 0.0068457333378002519 0.0017583126141820556 -0.0021952795948142778 -0.0068140532243452651 0.00567169231409411 -0.0026262208436880446 0.0041193404792328062 0.0039285820771189769 -0.0039667907951489254 -0.0058858755689220645 0.019851764142082246 -0.0025867667761424319 0.001660549031817038 0.0043119355902159692 -0.00016414896061888224 -0.00085032726392631451
leaf_weight=14495 54 5941 8337 357 1484 672 724 1204 2554 640 592 3345 5474 518 27369 6040
leaf_count=14495 54 5941 8337 357 1484 672 724 1204 2554 640 592 3345 5474 518 27369 6040
internal_value=-1.17771e-06 -6.46859e-06 -0.000213337 0.000233265 0.00323237 -0.00112656 -0.00168768 0.00157947 0.000141958 0.000938559 0.00652763 0.000192291 -9.14826e-05 -0.00256361 0.000140292 -3.67113e-05
internal_weight=79800 79746 33313 22376 1841 10937 9061 1876 46433 10518 1232 9286 35915 3072 32843 20535
internal_count=79800 79746 33313 22376 1841 10937 9061 1876 46433 10518 1232 9286 35915 3072 32843 20535
is_linear=0
shrinkage=0.0966648


Tree=195
num_leaves=30
num_cat=0
split_feature=14 25 24 24 25 14 14 25 25 14 25 14 25 24 24 25 14 14 25 14 25 24 25 14 12 25 25 14 25
split_gain=0.273423 1.5707 4.22339 4.11625 1.91392 1.40967 1.07042 2.75376 1.55038 0.873186 9.6567 3.52349 2.6368 2.38968 1.65091 1.36156 9.59278 2.13736 1.55895 1.50334 4.7392 1.63567 0.788546 0.780937 0.629805 1.6928 0.594558 0.506624 0.179934
threshold=10.500000000000002 14.055555555555557 39.500000000000007 9.5000000000000018 8.3030303030303063 74.500000000000014 15.500000000000002 32.267857142857146 21.97727272727273 5.5000000000000009 14.055555555555557 7.5000000000000009 6.3891891891891897 39.500000000000007 9.5000000000000018 19.965909090909097 1.5000000000000002 3.5000000000000004 22.550000000000004 1.0000000180025095e-35 1.8166666666666669 11.500000000000002 17.916666666666668 23.500000000000004 201.87900000000005 31.691576086956527 17.916666666666668 18.500000000000004 33.328759398496253
decision_type=2 2 2 2 2 2 2 2 2 2 2 2 2 2 2 2 2 2 2 2 2 2 2 2 2 2 2 2 2
left_child=9 2 3 23 -4 -5 7 8 -3 15 12 22 -11 -14 -13 19 18 -18 -17 21 -21 -1 -12 -2 26 -26 -8 -6 -9
right_child=1 6 4 5 27 -7 24 28 -10 10 11 14 13 -15 -16 16 17 -19 -20 20 -22 -23 -24 -25 25 -27 -28 -29 -30
leaf_value=-0.004163786468965076 -0.00094296837495819392 -0.0029482867105098771 0.007734199295011044 0.0054909868502875719 -0.0085840098777542166 0.017788479314916027 0.0018866327707121782 -0.011446132170670708 0.0066223167724519952 0.01470428594945942 -0.012872655553785743 0.0055832868870154713 0.0016668936731529731 -0.011909089610275708 -0.011919864747280498 0.0047429780395181545 0.019944223715596128 0.0048271830163802648 -0.0015696237222568173 0.0036503027035639209 -0.0054345281794605169 0.0004143341066068943 -0.03373633426804467 -0.0091879242207846198 0.018496550238261134 -0.00049280116153993297 -1.2890488018308934e-05 -0.020235067441957914 -0.022650500717276079
leaf_weight=792 274 926 40 1505 93 87 1574 67 183 123 38 56 1203 127 287 434 281 134 2116 767 1745 8274 81 171 56 140 58106 78 42
leaf_count=792 274 926 40 1505 93 87 1574 67 183 123 38 56 1203 127 287 434 281 134 2116 767 1745 8274 81 171 56 140 58106 78 42
internal_value=-8.47967e-07 9.03659e-05 0.00259537 0.00395296 -0.0101915 0.00624467 -2.12011e-06 -0.00283003 -0.00133455 -0.000351783 -0.00228782 -0.0143392 0.00159896 0.000310003 -0.00900289 -9.57821e-05 0.0017498 0.0152383 -0.000484299 -0.000569258 -0.00265796 1.12273e-05 -0.0282511 -0.00421273 5.57586e-05 0.00542251 3.74423e-05 -0.0145359 -0.0169628
internal_weight=79800 63342 2248 2037 211 1592 61094 1218 1109 16458 1915 462 1453 1330 343 14543 2965 415 2550 11578 2512 9066 119 445 59876 196 59680 171 109
internal_count=79800 63342 2248 2037 211 1592 61094 1218 1109 16458 1915 462 1453 1330 343 14543 2965 415 2550 11578 2512 9066 119 445 59876 196 59680 171 109
is_linear=0
shrinkage=0.0966648


Tree=196
num_leaves=15
num_cat=0
split_feature=14 14 25 14 14 14 14 24 25 24 12 25 7 39
split_gain=0.267131 0.233905 0.815335 3.84744 9.30875 6.94408 1.69422 1.0187 0.677107 0.628929 0.559757 1.52859 0.421516 0.290174
threshold=92.500000000000014 17.500000000000004 15.828571428571431 5.5000000000000009 2.5000000000000004 8.5000000000000018 13.500000000000002 39.500000000000007 6.3891891891891897 13.500000000000002 201.87900000000005 31.691576086956527 0.074650000000000008 -32.647554988689407
decision_type=2 2 2 2 2 2 2 2 2 2 2 2 2 2
left_child=1 2 6 4 -4 -5 7 -1 12 -8 13 -12 -3 -10
right_child=-2 8 3 5 -6 -7 9 -9 10 -11 11 -13 -14 -15
leaf_value=9.9344790772924074e-05 0.0073928345444196882 0.0021059003200138986 -0.00076309397382635425 -0.024004431583427931 0.01658214104546531 -0.0028629982495504106 0.00062236427580636433 -0.003207594452819582 0.0057788207973404762 0.006856812917262407 0.017697140916472898 -0.00044762666039811061 0.01125836938618918 4.6457189094340093e-05
leaf_weight=12666 38 131 3321 148 309 2223 228 927 75 451 55 140 70 59018
leaf_count=12666 38 131 3321 148 309 2223 228 927 75 451 55 140 70 59018
internal_value=-1.17776e-06 -5.4072e-06 -0.000288907 -0.00123352 0.000745086 -0.00425543 0.000108724 -0.000127851 9.12302e-05 0.00479354 7.18765e-05 0.00514381 0.0055885 5.44778e-05
internal_weight=79800 79762 20273 6001 3630 2371 14272 13593 59489 679 59288 195 201 59093
internal_count=79800 79762 20273 6001 3630 2371 14272 13593 59489 679 59288 195 201 59093
is_linear=0
shrinkage=0.0966648


Tree=197
num_leaves=13
num_cat=0
split_feature=25 7 14 32 25 14 25 25 26 25 26 26
split_gain=0.266974 2.14938 0.359454 4.89242 1.51264 0.213049 3.56804 2.93523 2.83497 2.61581 2.24052 1.59612
threshold=86.250000000000014 0.08135000000000002 85.500000000000014 0.52684300000000006 35.031250000000007 42.500000000000007 40.654761904761912 32.267857142857146 49.180509084086438 45.346666666666671 26.852122153209113 28.154592444336373
decision_type=2 2 2 2 2 2 2 2 2 2 2 2
left_child=2 -2 5 4 -4 6 8 10 -1 -9 -7 -8
right_child=1 -3 3 -5 -6 7 11 9 -10 -11 -12 -13
leaf_value=0.00020984054063558831 -0.015708347766801762 0.012094185640898831 0.0066252687500958423 0.030505371319039278 -0.017162173296285041 -0.0083028596029729208 -0.0080160957520092474 0.0019908808585303011 -0.006857913931559506 -0.00011210364618729751 -0.0013048980365375832 -0.0021165810696733948
leaf_weight=44972 58 36 37 39 53 585 477 7627 529 20015 1548 3824
leaf_count=44972 58 36 37 39 53 585 477 7627 529 20015 1548 3824
internal_value=-7.20534e-07 -0.00495198 5.59209e-06 0.00495946 -0.00762939 -2.9132e-06 -0.000125205 0.000201613 0.000126534 0.000468543 -0.00324692 -0.0027839
internal_weight=79800 94 79706 129 90 79577 49802 29775 45501 27642 2133 4301
internal_count=79800 94 79706 129 90 79577 49802 29775 45501 27642 2133 4301
is_linear=0
shrinkage=0.0966648


Tree=198
num_leaves=10
num_cat=0
split_feature=14 14 14 25 25 25 25 14 14
split_gain=0.258843 0.229085 0.236452 1.35438 1.06782 2.07148 1.77118 0.896136 0.662285
threshold=90.500000000000014 88.500000000000014 66.500000000000014 59.775000000000006 57.535714285714292 35.696969696969703 66.050000000000011 59.500000000000007 56.500000000000007
decision_type=2 2 2 2 2 2 2 2 2
left_child=1 2 3 8 5 -4 -6 -5 -1
right_child=-2 -3 4 7 6 -7 -8 -9 -10
leaf_value=-3.0161046551930928e-05 0.0062614116695435054 -0.0067074353740619016 0.0017419926528776395 -0.0043500468211245128 0.0053586569222754876 -0.0045817558145956529 0.00033278423422126828 -0.00094465568450604763 0.0011552994477354076
leaf_weight=65953 54 40 1040 972 883 893 2483 2771 4711
leaf_count=65953 54 40 1040 972 883 893 2483 2771 4711
internal_value=-7.26252e-07 -5.56529e-06 -1.56029e-06 -4.60164e-05 0.000621849 -0.00118596 0.00166036 -0.00183603 4.8987e-05
internal_weight=79800 79746 79706 74407 5299 1933 3366 3743 70664
internal_count=79800 79746 79706 74407 5299 1933 3366 3743 70664
is_linear=0
shrinkage=0.0966648


Tree=199
num_leaves=11
num_cat=0
split_feature=25 27 14 14 25 25 14 25 14 25
split_gain=0.239942 2.39496 0.348016 0.210006 1.10656 0.907687 1.83575 1.40572 0.7327 0.588531
threshold=86.250000000000014 -3.6431679999999993 88.500000000000014 66.500000000000014 59.775000000000006 57.535714285714292 68.500000000000014 66.050000000000011 59.500000000000007 58.527777777777786
decision_type=2 2 2 2 2 2 2 2 2 2
left_child=2 -2 3 4 9 6 -5 -7 -6 -1
right_child=1 -3 -4 5 8 7 -8 -9 -10 -11
leaf_value=1.569152894416312e-05 -0.01699206029816715 0.011969591685710242 0.0078632241581366429 0.0050963438593012922 -0.0039328254954100533 0.0048451010275571155 -0.0024971683389726864 0.00035651411061428124 -0.00085359146795265493 0.002767896473477745
leaf_weight=69938 54 40 45 359 972 883 1574 2438 2771 726
leaf_count=69938 54 40 45 359 972 883 1574 2438 2771 726
internal_value=-6.7235e-07 -0.00469457 5.31215e-06 1.20601e-07 -4.16096e-05 0.000590306 -0.0010724 0.00155833 -0.0016596 4.42634e-05
internal_weight=79800 94 79706 79661 74407 5254 1933 3321 3743 70664
internal_count=79800 94 79706 79661 74407 5254 1933 3321 3743 70664
is_linear=0
shrinkage=0.0966648


Tree=200
num_leaves=11
num_cat=0
split_feature=14 24 14 25 14 25 25 25 39 39
split_gain=0.227504 0.209256 0.214922 1.67946 1.20249 7.06536 1.14375 0.707564 0.650162 0.1846
threshold=92.500000000000014 89.500000000000014 8.5000000000000018 8.3030303030303063 5.5000000000000009 14.055555555555557 19.965909090909097 14.055555555555557 -7.1266892156641264 -9.6464841371331129
decision_type=2 2 2 2 2 2 2 2 2 2
left_child=1 2 4 8 6 -6 -1 -5 -4 -3
right_child=-2 9 3 7 5 -7 -8 -9 -10 -11
leaf_value=-0.00054214505162106111 0.0068230610888737921 0.0087780097283060975 0.0038540442954088736 0.0016330167257497749 0.00047241160680913511 -0.019555360505784773 0.0015840121596471591 -3.8143220371976361e-05 0.012822078496797883 0.0013599265237783601
leaf_weight=11558 38 37 316 2455 823 198 2964 61196 97 118
leaf_count=11558 38 37 316 2455 823 198 2964 61196 97 118
internal_value=-5.27521e-07 -4.43073e-06 -1.1506e-05 6.67358e-05 -0.000333872 -0.00352777 -0.000107584 2.65009e-05 0.00615472 0.00345946
internal_weight=79800 79762 79607 64064 15543 1021 14522 63651 413 155
internal_count=79800 79762 79607 64064 15543 1021 14522 63651 413 155
is_linear=0
shrinkage=0.0966648


Tree=201
num_leaves=13
num_cat=0
split_feature=25 32 32 32 7 32 25 25 27 25 25 25
split_gain=0.222951 0.814622 1.15342 0.912593 0.810347 0.624023 0.331211 0.446493 0.720154 0.225398 0.282361 0.179561
threshold=79.166666666666671 0.35016900000000001 0.45502050000000011 0.49975100000000006 0.051550000000000006 0.54489750000000015 76.187500000000014 72.088235294117666 -2.3887119999999995 70.100000000000009 66.050000000000011 71.236111111111128
decision_type=2 2 2 2 2 2 2 2 2 2 2 2
left_child=6 -2 4 -4 -3 -5 7 9 -9 10 -1 -11
right_child=1 2 3 5 -6 -7 -8 8 -10 11 -12 -13
leaf_value=3.0872007940683252e-05 0.0079294439845967717 -0.022389817232834484 0.01166990774067842 -0.0133857111951201 -0.0030437037248751335 -8.4777041446624712e-06 0.0035115461992877863 -0.00165997360945894 -0.014370854712102359 0.0035121536899660301 -0.0013163966834854586 -0.00026352627027524135
leaf_weight=76715 51 40 38 38 40 114 244 519 38 300 1474 189
leaf_count=76715 51 40 38 38 40 114 244 519 38 300 1474 189
internal_value=-3.17653e-07 -0.00251292 -0.00464908 -0.000401373 -0.013824 -0.00383275 1.00705e-05 -1.04919e-06 -0.00270963 1.8387e-05 5.34765e-06 0.00207121
internal_weight=79800 321 270 190 80 152 79479 79235 557 78678 78189 489
internal_count=79800 321 270 190 80 152 79479 79235 557 78678 78189 489
is_linear=0
shrinkage=0.0966648


Tree=202
num_leaves=10
num_cat=0
split_feature=14 14 14 25 26 25 14 25 25
split_gain=0.222804 0.228132 0.204562 1.07586 2.19561 1.07271 2.16119 1.41842 1.05844
threshold=90.500000000000014 88.500000000000014 22.500000000000004 31.691576086956527 25.734456605222736 18.979166666666668 72.500000000000014 25.508928571428573 28.53365384615385
decision_type=2 2 2 2 2 2 2 2 2
left_child=1 2 3 8 -5 6 -4 -7 -1
right_child=-2 -3 5 4 -6 7 -8 -9 -10
leaf_value=-0.00012749275484766481 0.0058092985637757848 -0.0066929632584805119 -0.0040151290075070645 0.0020940895614177031 -0.0040554381697978405 0.0018116512277942503 0.0061738444199477089 2.5228948023008518e-05 0.0037858691426690422
leaf_weight=24039 54 40 1253 786 1716 4553 223 46480 656
leaf_count=24039 54 40 1253 786 1716 4553 223 46480 656
internal_value=-5.62208e-07 -5.05176e-06 -1.05515e-06 -0.000216195 -0.00212308 0.000110391 -0.0024519 0.000184855 -2.24006e-05
internal_weight=79800 79746 79706 27197 2502 52509 1476 51033 24695
internal_count=79800 79746 79706 27197 2502 52509 1476 51033 24695
is_linear=0
shrinkage=0.0966648


Tree=203
num_leaves=9
num_cat=0
split_feature=40 27 39 24 26 26 40 40
split_gain=0.206938 1.98511 0.200074 0.199949 0.209309 0.161588 1.47954 0.326908
threshold=2.5882102206473303 -3.6431679999999993 -44.497937970287474 62.500000000000007 49.180509084086438 43.480826113590631 1.2314917749969683 1.2759582388197142
decision_type=2 2 2 2 2 2 2 2
left_child=2 -2 -1 5 -5 7 -7 -4
right_child=1 -3 3 4 -6 6 -8 -9
leaf_value=0.0023962739594238711 -0.015551169091949322 0.01081991607276069 0.00016184117479493078 0.0009801124079890527 0.0071381716385977741 -0.0021339281952982721 0.0002602526485336455 -0.00034073330057107391
leaf_weight=318 54 40 49409 1035 47 3203 9689 16005
leaf_count=318 54 40 49409 1035 47 3203 9689 16005
internal_value=-4.6342e-07 -0.0043596 5.09426e-06 -4.71332e-06 0.00129572 -2.28066e-05 -0.000335489 3.88497e-05
internal_weight=79800 94 79706 79388 1082 78306 12892 65414
internal_count=79800 94 79706 79388 1082 78306 12892 65414
is_linear=0
shrinkage=0.0966648


Tree=204
num_leaves=17
num_cat=0
split_feature=14 14 25 25 39 39 14 25 25 25 26 26 39 26 24 25
split_gain=0.210271 0.200838 1.21575 1.78464 2.50039 1.81914 1.45751 3.93073 0.808366 2.2101 1.91786 1.11384 1.08387 0.760776 0.698437 0.530522
threshold=92.500000000000014 27.500000000000004 22.550000000000004 33.328759398496253 7.6568017265385704 11.897198731501058 21.500000000000004 17.916666666666668 23.414285714285715 27.31481481481482 28.154592444336373 49.180509084086438 -16.679239639688522 26.480588721183455 13.500000000000002 20.377976190476193
decision_type=2 2 2 2 2 2 2 2 2 2 2 2 2 2 2 2
left_child=1 2 6 4 -4 -5 15 -8 10 13 14 -12 -11 -10 -3 -1
right_child=-2 8 3 5 -6 -7 7 -9 9 12 11 -13 -14 -15 -16 -17
leaf_value=0.00015298783011541387 0.0065596724959934372 -0.008019863462176844 -0.0020558587491427624 0.0037084166737456196 0.00384009484216623 -0.0027588343979989965 -0.0061930491563849371 0.0050122933834551436 0.0009368452062132128 -0.0048585168025856535 0.00039431133279167177 0.015839562715235542 0.00013762998090519665 0.0057479518207169261 -0.0026406548266631074 -0.0014821890938972622
leaf_weight=18482 38 392 8337 1291 724 585 357 1484 478 402 1006 38 42719 869 545 2053
leaf_count=18482 38 392 8337 1291 724 585 357 1484 478 402 1006 38 42719 869 545 2053
internal_value=-3.84145e-07 -4.13662e-06 -0.000185237 -0.00102013 -0.00158192 0.0016887 0.000223054 0.0028228 0.000125756 0.000210993 -0.00178104 0.00106734 9.02016e-05 0.00405556 -0.00493768 -1.09799e-05
internal_weight=79800 79762 33313 10937 9061 1876 22376 1841 46449 44468 1981 1044 43121 1347 937 20535
internal_count=79800 79762 33313 10937 9061 1876 22376 1841 46449 44468 1981 1044 43121 1347 937 20535
is_linear=0
shrinkage=0.0966648


Tree=205
num_leaves=12
num_cat=0
split_feature=39 14 32 32 3 3 14 14 14 25 25
split_gain=0.198244 1.71861 0.72593 1.23949 3.20888 1.12345 0.366335 0.228273 0.223133 1.40216 0.492653
threshold=53.912842509603088 89.500000000000014 0.43524100000000016 0.54284150000000009 0.69450000000000001 0.74450000000000005 79.500000000000014 87.500000000000014 73.500000000000014 27.550000000000004 71.236111111111128
decision_type=2 2 2 2 2 2 2 2 2 2 2
left_child=1 7 6 4 -4 -5 -2 8 10 -10 -1
right_child=2 -3 3 5 -6 -7 -8 -9 9 -11 -12
leaf_value=-7.2717698288590318e-06 -0.0011478811513325367 0.018561354800379855 -0.028745849947334964 0.012730705745151966 0.0051027808270721975 -0.0068054396565991734 0.0099726914547300649 -0.0064903743647547413 0.0068797853446805075 -9.1793631361386695e-05 -0.0035983445343233935
leaf_weight=77043 58 39 49 41 45 56 43 43 312 1720 351
leaf_count=77043 58 39 49 41 45 56 43 43 312 1720 351
internal_value=-2.14659e-07 9.13709e-06 -0.00248197 -0.00590674 -0.0133752 0.00177831 0.00395455 -1.74865e-06 2.3873e-06 0.00100038 -2.39112e-05
internal_weight=79800 79508 292 191 94 97 101 79469 79426 2032 77394
internal_count=79800 79508 292 191 94 97 101 79469 79426 2032 77394
is_linear=0
shrinkage=0.0966648


Tree=206
num_leaves=12
num_cat=0
split_feature=25 32 14 25 14 25 14 14 25 25 25
split_gain=0.193522 1.20936 0.247985 2.92862 0.187534 0.60511 3.04009 1.30825 0.409676 0.460046 0.349691
threshold=86.250000000000014 0.46451400000000004 85.500000000000014 42.520270270270281 17.500000000000004 15.828571428571431 5.5000000000000009 13.500000000000002 20.377976190476193 18.979166666666668 21.97727272727273
decision_type=2 2 2 2 2 2 2 2 2 2 2
left_child=2 -2 4 -4 5 7 -7 -1 9 -6 -10
right_child=1 -3 3 -5 8 6 -8 -9 10 -11 -12
leaf_value=-0.00012089825992500708 -0.015339899407054639 0.005237486527153304 0.01839265973059789 -0.0092474580640244212 0.00023901375269740378 0.00068940855314559245 -0.0037555649316611847 0.0042037254009827125 -0.0012780254013730254 0.0024057564660770673 6.2727478595842384e-05
leaf_weight=13593 41 53 61 68 2488 3630 2371 679 1874 1443 53499
leaf_count=13593 41 53 61 68 2488 3630 2371 679 1874 1443 53499
internal_value=-1.35128e-07 -0.0042156 5.23935e-06 0.00411991 -1.82518e-06 -0.000255573 -0.00106934 8.69849e-05 8.49398e-05 0.00103751 1.71823e-05
internal_weight=79800 94 79706 129 79577 20273 6001 14272 59304 3931 55373
internal_count=79800 94 79706 129 79577 20273 6001 14272 59304 3931 55373
is_linear=0
shrinkage=0.0966648


Tree=207
num_leaves=11
num_cat=0
split_feature=24 39 25 25 25 25 39 30 30 30
split_gain=0.166463 0.222544 0.164866 0.604958 0.407803 0.51781 0.155387 0.138959 0.260113 0.161782
threshold=62.500000000000007 -19.532554228763612 66.050000000000011 65.053191489361708 63.071428571428577 64.062500000000014 -44.497937970287474 0.066250000000000017 0.11950000000000001 0.10850000000000001
decision_type=2 2 2 2 2 2 2 2 2 2
left_child=2 -2 3 4 6 -6 -1 -4 9 -9
right_child=1 -3 7 -5 5 -7 -8 8 -10 -11
leaf_value=0.00212897741452141 0.0063609992260998038 0.00081020161033338168 -0.00043543072870407923 0.0029811794453300238 -0.0045675985047889545 -4.993099354781589e-05 2.9372536464973553e-06 -0.0031094798383938479 -0.00028127007636109781 -0.0098156944602500636
leaf_weight=315 65 1020 2598 628 407 554 73757 147 267 42
leaf_count=315 65 1020 2598 628 407 554 73757 147 267 42
internal_value=-1.0831e-07 0.00118484 -1.65547e-05 1.15842e-05 -1.35709e-05 -0.00198415 1.21968e-05 -0.000711971 -0.00225442 -0.00492281
internal_weight=79800 1085 78715 75661 75033 961 74072 3054 456 189
internal_count=79800 1085 78715 75661 75033 961 74072 3054 456 189
is_linear=0
shrinkage=0.0966648


Tree=208
num_leaves=31
num_cat=0
split_feature=14 25 14 14 14 14 25 24 25 25 25 14 14 24 25 14 25 14 14 25 14 25 14 25 25 24 24 24 24 25
split_gain=0.177496 1.06119 3.93829 2.73903 2.02522 1.75975 1.52857 1.49587 0.927031 0.926959 0.706817 1.92096 1.08233 0.628478 0.422438 3.64763 5.66979 3.02677 2.16778 5.25372 1.43121 6.0822 4.22304 12.8084 1.88795 1.43379 1.32938 1.18466 0.74771 0.316945
threshold=15.500000000000002 17.916666666666668 23.500000000000004 29.500000000000004 18.500000000000004 56.500000000000007 8.0060975609756113 13.500000000000002 8.0060975609756113 33.328759398496253 20.377976190476193 25.500000000000004 22.500000000000004 14.500000000000002 9.3062500000000021 3.5000000000000004 6.3891891891891897 6.5000000000000009 1.5000000000000002 1.8166666666666669 3.5000000000000004 31.894444444444449 2.5000000000000004 13.848583877995646 40.654761904761912 10.500000000000002 13.500000000000002 9.5000000000000018 9.5000000000000018 25.961538461538463
decision_type=2 2 2 2 2 2 2 2 2 2 2 2 2 2 2 2 2 2 2 2 2 2 2 2 2 2 2 2 2 2
left_child=14 2 8 6 7 -5 -4 29 -2 -9 11 -6 -12 -10 15 18 27 -18 28 -20 22 25 26 -24 -23 -22 -16 -17 -1 -3
right_child=1 4 3 5 10 -7 -8 9 13 -11 12 -13 -14 -15 20 16 17 -19 19 -21 21 24 23 -25 -26 -27 -28 -29 -30 -31
leaf_value=-0.0042410750052928603 0.019446459500314761 -0.00094052977335436065 0.0062206862958749162 0.0046515445487625576 0.0037136540404277088 -0.0034993324348393706 -0.012756617807442439 -0.0065554452629118087 0.0023362689579597869 0.0051836907070326229 -0.0014391103590620257 -0.0043653204114983387 0.00015167008987230658 0.0065892971221180952 -0.0034038810436381071 -0.00053656342328269415 -0.00817932111954516 0.0048415854989659109 0.0072637892883576092 -0.012137797121012865 0.002985428480046382 -0.01138381474123292 -0.021999051454972589 0.029915082791410429 -0.03248340637240979 -0.0019575484315622737 0.00055925433425925376 0.017420667364425237 0.00013596189318434203 0.0041154200714104746
leaf_weight=375 36 379 42 482 1320 493 254 902 542 62 4330 340 50806 850 982 38 239 508 184 408 668 246 58 135 45 2912 3931 309 7766 158
leaf_count=375 36 379 42 482 1320 493 254 902 542 62 4330 340 50806 850 982 38 239 508 184 408 668 246 58 135 45 2912 3931 309 7766 158
internal_value=-1.53058e-07 7.98958e-05 0.00195099 -0.00195766 -6.97487e-06 0.000534957 -0.00997524 -0.00350257 0.00542181 -0.00576566 8.58646e-05 0.00204652 2.65594e-05 0.00495507 -0.000259741 0.000178136 0.00541981 0.000635013 -0.000482656 -0.00609188 -0.000738823 -0.00213868 0.000324056 0.0140706 -0.0153932 -0.00103084 -0.000236939 0.0154849 -6.94406e-05 0.000583883
internal_weight=79800 60996 2699 1271 58297 975 296 1501 1428 964 56796 1660 55136 1392 18804 9827 1094 747 8733 592 8977 3871 5106 193 291 3580 4913 347 8141 537
internal_count=79800 60996 2699 1271 58297 975 296 1501 1428 964 56796 1660 55136 1392 18804 9827 1094 747 8733 592 8977 3871 5106 193 291 3580 4913 347 8141 537
is_linear=0
shrinkage=0.0966648


Tree=209
num_leaves=12
num_cat=0
split_feature=14 14 14 26 14 26 26 26 27 26 26
split_gain=0.177181 0.159062 1.02988 0.895945 0.556706 2.35592 0.493561 0.204948 0.186402 0.179676 0.224997
threshold=92.500000000000014 8.5000000000000018 5.5000000000000009 16.580689496828672 2.5000000000000004 26.123417306890598 11.850563030885526 6.8064491605955029 -3.0275019999999997 25.669940476190479 26.480588721183455
decision_type=2 2 2 2 2 2 2 2 2 2 2
left_child=1 2 4 7 8 -6 -3 -4 -1 -8 -11
right_child=-2 6 3 -5 5 -7 9 -9 -10 10 -12
leaf_value=-0.0004454859550303794 0.0060215769037278337 0.0022122169323192638 0.0015282869021610546 -0.0086567559151873048 -0.001219132266306963 0.0081378219604144614 0.00038153755038376118 -0.0024307163047425275 0.00039673535806445228 -0.00090105984425668795 1.7665115647100937e-06
leaf_weight=10217 38 976 144 216 725 376 11181 661 3225 2714 49327
leaf_count=10217 38 976 144 216 725 376 11181 661 3225 2714 49327
internal_value=-2.339e-07 -3.6785e-06 -0.000280839 -0.00323676 -7.17281e-05 0.00201036 6.35409e-05 -0.00171482 -0.00024331 3.01074e-05 -4.54421e-05
internal_weight=79800 79762 15564 1021 14543 1101 64198 805 13442 63222 52041
internal_count=79800 79762 15564 1021 14543 1101 64198 805 13442 63222 52041
is_linear=0
shrinkage=0.0966648


Tree=210
num_leaves=14
num_cat=0
split_feature=40 26 14 40 40 40 40 24 40 14 40 40 40
split_gain=0.169012 0.674455 0.24163 1.36767 3.11127 3.28455 3.21409 1.12339 0.464924 0.347852 0.171 0.967268 0.237594
threshold=2.5882102206473303 25.931485826001957 73.500000000000014 0.99748525449028103 1.3607734045096149 1.2667437060838085 1.5157420157968675 7.5000000000000009 2.1376699229790916 84.500000000000014 1.3607734045096149 1.3286298902559912 1.4725469329894127
decision_type=2 2 2 2 2 2 2 2 2 2 2 2 2
left_child=2 -2 8 7 5 -5 -6 -4 10 -9 11 -1 -12
right_child=1 -3 3 4 6 -7 -8 9 -10 -11 12 -13 -14
leaf_value=1.2097949648494808e-05 -0.011325364956235484 0.0039963203518490909 -0.003930879851851839 -0.0035403935514415072 0.023786260680576259 -0.027561227483354756 0.00070059846778874153 0.0066724763085216536 -0.0033895947183717463 0.015985211093274661 -0.00083233176245160192 0.002520906817013975 -5.7117004574312543e-05
leaf_weight=56209 47 47 86 238 51 62 1467 319 374 42 4958 1466 14434
leaf_count=56209 47 47 86 238 51 62 1467 319 374 42 4958 1466 14434
internal_value=-1.64834e-07 -0.00393964 4.85778e-06 0.000987282 -0.000197742 -0.00906517 0.00159129 0.00572934 -2.39707e-05 0.0080644 -7.30362e-06 7.61926e-05 -0.000255567
internal_weight=79800 94 79706 2265 1818 300 1518 447 77441 361 77067 57675 19392
internal_count=79800 94 79706 2265 1818 300 1518 447 77441 361 77067 57675 19392
is_linear=0
shrinkage=0.0966648


Tree=211
num_leaves=15
num_cat=0
split_feature=14 14 25 26 25 26 25 26 25 26 25 25 26 26
split_gain=0.167105 0.146255 2.56497 2.08471 2.07449 2.78347 1.53106 2.09947 12.4639 1.24929 0.688043 0.477586 0.457204 0.377866
threshold=92.500000000000014 40.500000000000007 32.510000000000012 49.180509084086438 43.207142857142863 25.463421828908558 40.654761904761912 49.180509084086438 31.894444444444449 27.246359032739267 41.038461538461547 44.047619047619058 28.154592444336373 48.084876300547741
decision_type=2 2 2 2 2 2 2 2 2 2 2 2 2 2
left_child=1 6 3 9 5 -4 7 13 -9 -3 -8 -6 -12 -1
right_child=-2 2 4 -5 11 -7 10 8 -10 -11 12 -13 -14 -15
leaf_value=6.727314426132064e-05 0.0058479555676660766 -0.0067259409824499518 0.0088197262776721127 0.010444512691776719 -0.0019404032810541095 0.0013135539691886166 -0.0070217285210528889 0.0014883753135982709 -0.035724003212729345 -0.0019151237997419156 -0.0055962603384405851 5.3769097988124904e-05 -0.0013535136886944684 0.0034239808529265415
leaf_weight=43728 38 739 489 98 1175 6634 264 410 98 1585 263 21949 2022 308
leaf_count=43728 38 739 489 98 1175 6634 264 410 98 1585 263 21949 2022 308
internal_value=-1.20833e-07 -3.46606e-06 0.000153672 -0.00286818 0.000396306 0.00183775 -0.000112482 1.95504e-05 -0.00611279 -0.0034619 -0.00241293 -4.81674e-05 -0.00185885 9.134e-05
internal_weight=79800 79762 32669 2422 30247 7123 47093 44544 508 2324 2549 23124 2285 44036
internal_count=79800 79762 32669 2422 30247 7123 47093 44544 508 2324 2549 23124 2285 44036
is_linear=0
shrinkage=0.0966648


Tree=212
num_leaves=24
num_cat=0
split_feature=14 25 14 24 25 25 25 39 25 25 25 14 25 14 25 14 14 14 25 26 14 30 14
split_gain=0.160035 1.62249 0.983613 0.961949 1.01621 3.32461 2.20359 2.13202 1.89888 0.901332 0.804061 0.763603 5.59259 2.19122 0.860622 2.00884 1.17777 0.514768 0.491801 0.451218 0.326177 0.225704 0.195931
threshold=62.500000000000007 56.392307692307703 57.500000000000007 63.500000000000007 54.031250000000007 42.018518518518526 62.083333333333336 7.241488156249118 45.589473684210539 63.071428571428577 56.392307692307703 56.500000000000007 33.24038461538462 58.500000000000007 50.090909090909101 48.500000000000007 55.500000000000007 60.500000000000007 56.788888888888899 44.18398109243698 52.500000000000007 0.066250000000000017 61.500000000000007
decision_type=2 2 2 2 2 2 2 2 2 2 2 2 2 2 2 2 2 2 2 2 2 2 2
left_child=1 11 18 4 5 7 10 -2 -7 17 -6 14 19 -14 15 -1 -16 -4 -3 -13 -20 -8 -11
right_child=3 2 9 -5 6 8 21 -9 -10 22 -12 12 13 -15 16 -17 -18 -19 20 -21 -22 -23 -24
leaf_value=-3.8564178444469052e-05 -0.00037561137668759218 -0.0096151047531186015 -0.00095489052141894829 0.011047494901306139 0.00085859332092979418 -0.015033187463566397 0.00031675204922267949 0.0099013071926834333 -0.0037220057076404484 -0.0034123112365077621 0.0064085467943024955 -0.01102140378762566 0.0078279742519502069 0.0010083923576411501 -0.001853145540492153 0.0022245281898071417 0.0027477573131849038 0.0021868576308242014 -0.0010381196501185472 -0.00092274321866962707 -0.004117511637215218 -0.0016415333776284944 -0.008331194297423539
leaf_weight=56837 1553 116 1472 71 351 192 3771 207 480 282 812 280 782 1001 4023 3910 590 719 463 50 1093 636 109
leaf_count=56837 1553 116 1472 71 351 192 3771 207 480 282 812 280 782 1001 4023 3910 590 719 463 50 1093 636 109
internal_value=-3.75482e-07 -4.63155e-05 -0.00187557 0.000407451 0.00030261 -0.00134328 0.0010221 0.000870617 -0.00708627 -0.000688834 0.00475005 6.92131e-05 0.00187446 0.00401998 1.064e-05 0.000107362 -0.00126113 8.01189e-05 -0.00369673 -0.00954674 -0.00321075 3.17916e-05 -0.00491678
internal_weight=79800 71727 4254 8073 8002 2432 5570 1760 672 2582 1163 67473 2113 1783 65360 60747 4613 2191 1672 330 1556 4407 391
internal_count=79800 71727 4254 8073 8002 2432 5570 1760 672 2582 1163 67473 2113 1783 65360 60747 4613 2191 1672 330 1556 4407 391
is_linear=0
shrinkage=0.0966648


Tree=213
num_leaves=9
num_cat=0
split_feature=30 14 14 27 25 14 14 14
split_gain=0.154738 0.794089 0.615259 0.180357 0.219493 0.304265 0.298357 0.138465
threshold=0.35250000000000004 74.500000000000014 91.500000000000014 -7.2179829999999985 27.31481481481482 17.500000000000004 7.5000000000000009 31.500000000000004
decision_type=2 2 2 2 2 2 2 2
left_child=2 -2 3 4 6 -6 -1 -5
right_child=1 -3 -4 7 5 -7 -8 -9
leaf_value=-0.0017046399587656586 0.00059613934396479413 0.013866302830014745 -0.01067040348495823 -0.00012006348888825826 -0.0057696273805305049 -0.0010118294734453475 0.00068723073603296889 0.0001457332758223183
leaf_weight=665 1264 36 43 33453 127 2002 1761 40449
leaf_count=665 1264 36 43 33453 127 2002 1761 40449
internal_value=-5.01371e-07 0.00104239 -1.78718e-05 -1.09964e-05 -0.000600817 -0.00131523 2.82971e-05 2.54159e-05
internal_weight=79800 1300 78500 78457 4555 2129 2426 73902
internal_count=79800 1300 78500 78457 4555 2129 2426 73902
is_linear=0
shrinkage=0.0966648


Tree=214
num_leaves=10
num_cat=0
split_feature=14 15 25 25 25 25 25 25 25
split_gain=0.180723 0.249345 1.4344 0.61068 1.69128 0.367565 0.210506 0.590633 0.464954
threshold=92.500000000000014 1.0000000180025095e-35 25.961538461538463 20.978260869565222 15.828571428571431 33.328759398496253 1.5500000000000003 3.8166666666666669 6.3891891891891897
decision_type=2 2 2 2 2 2 2 2 2
left_child=1 6 3 4 -3 -4 -1 -8 -9
right_child=-2 2 5 -5 -6 -7 7 8 -10
leaf_value=0.00056827407845353979 0.0060812106303504108 -0.010309278020804306 0.0027431187895290781 -0.014490481203726181 0.009045904703485633 -0.00077289916622887806 -0.0022854389433347032 0.001994707796593974 -2.0385348233035004e-05
leaf_weight=6088 38 125 344 78 55 1316 1055 1079 69622
leaf_count=6088 38 125 344 78 55 1316 1055 1079 69622
internal_value=-4.897e-07 -3.96853e-06 -0.00109059 -0.00768586 -0.00426784 -3.50613e-05 2.29089e-05 -2.3417e-05 1.05798e-05
internal_weight=79800 79762 1918 258 180 1660 77844 71756 70701
internal_count=79800 79762 1918 258 180 1660 77844 71756 70701
is_linear=0
shrinkage=0.0966648


Tree=215
num_leaves=5
num_cat=0
split_feature=14 26 24 12
split_gain=0.152801 0.139755 0.246716 0.176882
threshold=92.500000000000014 6.8064491605955029 5.5000000000000009 201.87900000000005
decision_type=2 2 2 2
left_child=1 2 -1 -3
right_child=-2 3 -4 -5
leaf_value=-0.0046051039780754021 0.0055916672388587286 -3.0204740621791154e-05 0.0012219383093486959 0.0022885154310809926
leaf_weight=64 38 78026 1371 301
leaf_count=64 38 78026 1371 301
internal_value=-5.11169e-07 -3.70998e-06 0.000939074 -2.10722e-05
internal_weight=79800 79762 1435 78327
internal_count=79800 79762 1435 78327
is_linear=0
shrinkage=0.0966648


Tree=216
num_leaves=10
num_cat=0
split_feature=25 24 24 25 25 25 25 24 24
split_gain=0.157376 0.678875 0.479725 0.294976 0.293535 0.23139 0.211476 0.189865 0.492493
threshold=79.166666666666671 24.500000000000004 10.500000000000002 76.187500000000014 72.088235294117666 70.100000000000009 66.050000000000011 10.500000000000002 12.500000000000002
decision_type=2 2 2 2 2 2 2 2 2
left_child=3 2 -2 4 5 6 -1 -6 -9
right_child=1 -3 -4 -5 7 -7 -8 8 -10
leaf_value=2.2451669570311931e-05 0.0006540397605644128 0.0072214434114201368 -0.0074940496187928356 0.0033127004173797467 0.00011844162786164543 0.0020935045551109741 -0.0011435065533163264 -0.010997451149163513 -0.0017632454328310699
leaf_weight=76715 114 53 154 244 208 489 1474 60 289
leaf_count=76715 114 53 154 244 208 489 1474 60 289
internal_value=-4.20475e-07 -0.00211142 -0.00410591 8.30729e-06 -2.1864e-06 1.35729e-05 3.61873e-07 -0.00219834 -0.00355211
internal_weight=79800 321 268 79479 79235 78678 78189 557 349
internal_count=79800 321 268 79479 79235 78678 78189 557 349
is_linear=0
shrinkage=0.0966648


Tree=217
num_leaves=2
num_cat=0
split_feature=24
split_gain=0.139508
threshold=14.500000000000002
decision_type=2
left_child=-1
right_child=-2
leaf_value=-0.00015404043518406346 0.00010588657299639651
leaf_weight=32646 47154
leaf_count=32646 47154
internal_value=-4.53539e-07
internal_weight=79800
internal_count=79800
is_linear=0
shrinkage=0.0966648


Tree=218
num_leaves=3
num_cat=0
split_feature=14 14
split_gain=0.151088 0.256058
threshold=66.500000000000014 67.500000000000014
decision_type=2 2
left_child=-1 -2
right_child=1 -3
leaf_value=-3.6238990772866989e-05 0.0024093691041867922 0.00026159383514490209
leaf_weight=74407 574 4819
leaf_count=74407 574 4819
internal_value=-4.10142e-07 0.000493272
internal_weight=79800 5393
internal_count=79800 5393
is_linear=0
shrinkage=0.0966648


Tree=219
num_leaves=2
num_cat=0
split_feature=14
split_gain=0.147145
threshold=92.500000000000014
decision_type=2
left_child=-1
right_child=-2
leaf_value=-3.4852163059691457e-06 0.0054873642728163015
leaf_weight=79762 38
leaf_count=79762 38
internal_value=-3.46146e-07
internal_weight=79800
internal_count=79800
is_linear=0
shrinkage=0.0966648


Tree=220
num_leaves=2
num_cat=0
split_feature=25
split_gain=0.143665
threshold=86.250000000000014
decision_type=2
left_child=-1
right_child=-2
leaf_value=4.3687014964834853e-06 -0.003632341614541255
leaf_weight=79706 94
leaf_count=79706 94
internal_value=-2.62008e-07
internal_weight=79800
internal_count=79800
is_linear=0
shrinkage=0.0966648


Tree=221
num_leaves=7
num_cat=0
split_feature=14 14 14 14 14 14
split_gain=0.13802 0.148966 0.17464 0.342891 0.857304 0.47294
threshold=90.500000000000014 88.500000000000014 83.500000000000014 81.500000000000014 80.500000000000014 82.500000000000014
decision_type=2 2 2 2 2 2
left_child=1 2 3 4 -1 -5
right_child=-2 -3 -4 5 -6 -7
leaf_value=-1.0244753304381117e-05 0.0045724568623120238 -0.0054081306295734556 0.0025269268496205107 -0.007923862755900386 0.0080456320994523964 0.00066226125328744043
leaf_weight=79113 54 40 247 113 116 117
leaf_count=79113 54 40 247 113 116 117
internal_value=-2.70207e-07 -3.80379e-06 -5.74252e-07 -8.67292e-06 2.32356e-06 -0.00367512
internal_weight=79800 79746 79706 79459 79229 230
internal_count=79800 79746 79706 79459 79229 230
is_linear=0
shrinkage=0.0966648


Tree=222
num_leaves=6
num_cat=0
split_feature=25 25 25 25 25
split_gain=0.1379 0.239971 0.254958 0.182868 0.189944
threshold=79.166666666666671 76.187500000000014 72.088235294117666 70.100000000000009 66.050000000000011
decision_type=2 2 2 2 2
left_child=1 2 3 4 -1
right_child=-2 -3 -4 -5 -6
leaf_value=2.2361230593592294e-05 -0.0019762867793220043 0.0029883745065112989 -0.0020482826066887797 0.0018622101230626128 -0.0010826450123461397
leaf_weight=76715 321 244 557 489 1474
leaf_count=76715 321 244 557 489 1474
internal_value=-2.21303e-07 7.94858e-06 -1.51635e-06 1.31709e-05 1.42631e-06
internal_weight=79800 79479 79235 78678 78189
internal_count=79800 79479 79235 78678 78189
is_linear=0
shrinkage=0.0966648


end of trees

feature_importances:
popularity=1744
artist_mean=1546
album_name_len=224
artist_rel_pop=178
genre_mean=171
artist_vs_genre=124
tempo=45
has_feat=24
danceability=19
dance_energy=16
duration_ms=15
liveness=15
artist_name_len=14
energy=13
track_name_len=13
acousticness=12
loudness_energy=12
speechiness=8
liveness_explicit=6
track_words=5
loudness=4
instrumentalness=3
dance_valence=3
loudness_norm=3
valence=2
duration_min=2
has_live=1
n_artists=1
acoustic_instrument=1

parameters:
[boosting: gbdt]
[objective: regression]
[metric: l2]
[tree_learner: serial]
[device_type: cpu]
[data_sample_strategy: bagging]
[data: ]
[valid: ]
[num_iterations: 544]
[learning_rate: 0.0966648]
[num_leaves: 236]
[num_threads: 2]
[seed: 42]
[deterministic: 0]
[force_col_wise: 0]
[force_row_wise: 0]
[histogram_pool_size: -1]
[max_depth: 5]
[min_data_in_leaf: 36]
[min_sum_hessian_in_leaf: 0.001]
[bagging_fraction: 0.749058]
[pos_bagging_fraction: 1]
[neg_bagging_fraction: 1]
[bagging_freq: 0]
[bagging_seed: 400]
[bagging_by_query: 0]
[feature_fraction: 0.897411]
[feature_fraction_bynode: 1]
[feature_fraction_seed: 30056]
[extra_trees: 0]
[extra_seed: 12879]
[early_stopping_round: 0]
[early_stopping_min_delta: 0]
[first_metric_only: 0]
[max_delta_step: 0]
[lambda_l1: 1.18913e-06]
[lambda_l2: 7.63014]
[linear_lambda: 0]
[min_gain_to_split: 0.136838]
[drop_rate: 0.1]
[max_drop: 50]
[skip_drop: 0.5]
[xgboost_dart_mode: 0]
[uniform_drop: 0]
[drop_seed: 17869]
[top_rate: 0.2]
[other_rate: 0.1]
[min_data_per_group: 100]
[max_cat_threshold: 32]
[cat_l2: 10]
[cat_smooth: 10]
[max_cat_to_onehot: 4]
[top_k: 20]
[monotone_constraints: ]
[monotone_constraints_method: basic]
[monotone_penalty: 0]
[feature_contri: ]
[forcedsplits_filename: ]
[refit_decay_rate: 0.9]
[cegb_tradeoff: 1]
[cegb_penalty_split: 0]
[cegb_penalty_feature_lazy: ]
[cegb_penalty_feature_coupled: ]
[path_smooth: 0]
[interaction_constraints: ]
[verbosity: -1]
[saved_feature_importance_type: 0]
[use_quantized_grad: 0]
[num_grad_quant_bins: 4]
[quant_train_renew_leaf: 0]
[stochastic_rounding: 1]
[linear_tree: 0]
[max_bin: 255]
[max_bin_by_feature: ]
[min_data_in_bin: 3]
[bin_construct_sample_cnt: 200000]
[data_random_seed: 175]
[is_enable_sparse: 1]
[enable_bundle: 1]
[use_missing: 1]
[zero_as_missing: 0]
[feature_pre_filter: 1]
[pre_partition: 0]
[two_round: 0]
[header: 0]
[label_column: ]
[weight_column: ]
[group_column: ]
[ignore_column: ]
[categorical_feature: ]
[forcedbins_filename: ]
[precise_float_parser: 0]
[parser_config_file: ]
[objective_seed: 16083]
[num_class: 1]
[is_unbalance: 0]
[scale_pos_weight: 1]
[sigmoid: 1]
[boost_from_average: 1]
[reg_sqrt: 0]
[alpha: 0.9]
[fair_c: 1]
[poisson_max_delta_step: 0.7]
[tweedie_variance_power: 1.5]
[lambdarank_truncation_level: 30]
[lambdarank_norm: 1]
[label_gain: ]
[lambdarank_position_bias_regularization: 0]
[eval_at: ]
[multi_error_top_k: 1]
[auc_mu_weights: ]
[num_machines: 1]
[local_listen_port: 12400]
[time_out: 120]
[machine_list_filename: ]
[machines: ]
[gpu_platform_id: -1]
[gpu_device_id: -1]
[gpu_use_dp: 0]
[num_gpu: 1]

end of parameters

pandas_categorical:[]
